id,hz,py,lv,en,theme_no,theme_name,confidence,flag,alt_theme_no,second_opinion,note
w0001,的,de,1,of (marker of attributive); expressing emphasis; indicating sb. or sth.,1,Starter Kit,H,,,,Starter Kit rule
w0002,了,le,1,used at the end of a sentence to indicate change in status,1,Starter Kit,H,,,,Starter Kit rule
w0003,我,wǒ,1,I; me,1,Starter Kit,H,,,,Starter Kit rule
w0004,是,shì,1,be; yes,1,Starter Kit,H,,,,Starter Kit rule
w0005,你,nǐ,1,you,1,Starter Kit,H,,,,Starter Kit rule
w0006,在,zài,1,exist; lie; be at,1,Starter Kit,H,,,,Starter Kit rule
w0007,不,bù,1,not; no,1,Starter Kit,H,,,,Starter Kit rule
w0008,有,yǒu,1,have; be; there be,1,Starter Kit,H,,,,Starter Kit rule
w0009,他,tā,1,he; him,1,Starter Kit,H,,,,Starter Kit rule
w0010,这,zhè,1,this; here,1,Starter Kit,H,,,,Starter Kit rule
w0013,和,hé,1,and; with,1,Starter Kit,H,,,,Starter Kit rule
w0014,我们,wǒmen,1,we; us,1,Starter Kit,H,,,,Starter Kit rule
w0019,都,dōu,1,all; used to emphasize; already,1,Starter Kit,H,,,,Starter Kit rule
w0022,很,hěn,1,very,1,Starter Kit,H,,,,Starter Kit rule
w0024,她,tā,1,she; her,1,Starter Kit,H,,,,Starter Kit rule
w0026,没有,méiyǒu,1,have nothing or nobody; can't compare with others,1,Starter Kit,H,,,,Starter Kit rule
w0028,那,nà,1,that; there,1,Starter Kit,H,,,,Starter Kit rule
w0031,什么,shénme,1,"what; express explicit meaning, referring to the thing uncertain or unspoken",1,Starter Kit,H,,,,Starter Kit rule
w0033,没,méi,1,(negative prefix for verbs) have not; not,1,Starter Kit,H,,,,Starter Kit rule
w0040,吗,ma,1,"used at the end of a sentence, indicating a question",1,Starter Kit,H,,,,Starter Kit rule
w0041,太,tài,1,(in expressing approval or compliment) very much or extremely; too; excessively,1,Starter Kit,H,,,,Starter Kit rule
w0042,呢,ne,1,"used at the end of a sentence, indicating an interrogative statement",1,Starter Kit,H,,,,Starter Kit rule
w0047,怎么,zěnme,1,"inquiring for property, condition, way, and cause, etc.",1,Starter Kit,H,,,,Starter Kit rule
w0051,谁,shéi,1,who(m),1,Starter Kit,H,,,,Starter Kit rule
w0054,几,jǐ,1,how many; express an indeterminate amount,1,Starter Kit,H,,,,Starter Kit rule
w0081,多少,duōshao,1,how many; how much,1,Starter Kit,H,,,,Starter Kit rule
w0085,哪,nǎ,1,which ( used in front of a measure word),1,Starter Kit,H,,,,Starter Kit rule
w0123,怎么样,zěnmeyàng,1,How about it? What do you think?,1,Starter Kit,H,,,,Starter Kit rule
w0137,哪儿,nǎr,1,where,1,Starter Kit,H,,,,Starter Kit rule
w0151,一点儿,yìdiǎnr,1,a little,1,Starter Kit,H,,,,Starter Kit rule
w0157,就,jiù,2,indicating certainty; right on; immediately,1,Starter Kit,H,,,,Starter Kit rule
w0158,要,yào,2,hope; want; wish,1,Starter Kit,H,,,,Starter Kit rule
w0159,也,yě,2,also; too; as well,1,Starter Kit,H,,,,Starter Kit rule
w0162,还,hái,2,still; yet; in addition,1,Starter Kit,H,,,,Starter Kit rule
w0169,吧,ba,2,used at the end of a sentence to express speculative interrogation,1,Starter Kit,H,,,,Starter Kit rule
w0187,它,tā,2,it; its,1,Starter Kit,H,,,,Starter Kit rule
w0201,大家,dàjiā,2,everyone; everybody,1,Starter Kit,H,,,,Starter Kit rule
w0214,为什么,wèi shénme,2,why,1,Starter Kit,H,,,,Starter Kit rule
w0218,每,měi,2,every; each,1,Starter Kit,H,,,,Starter Kit rule
w0219,您,nín,2,you or your (used to address someone with respect),1,Starter Kit,H,,,,Starter Kit rule
w0057,叫,jiào,1,call(ed) (followed by a name),2,Greetings & Courtesy,M,,23,,
w0058,请,qǐng,1,please; request; ask,2,Greetings & Courtesy,H,,,,
w0080,谢谢,xièxie,1,thank,2,Greetings & Courtesy,H,,,,
w0089,先生,xiānsheng,1,(addressing) Mr.; Mister; sir,2,Greetings & Courtesy,M,,5,,
w0103,名字,míngzi,1,name; title,2,Greetings & Courtesy,M,,23,,
w0121,喂,wèi,1,hello; hey; hi,2,Greetings & Courtesy,H,,,,
w0127,小姐,xiǎojie,1,Miss,2,Greetings & Courtesy,M,,5,,
w0128,对不起,duìbuqǐ,1,I'm sorry.,2,Greetings & Courtesy,H,,,,
w0136,再见,zàijiàn,1,goodbye,2,Greetings & Courtesy,H,,,,
w0143,没关系,méi guānxi,1,That's all right. You are welcome.; have no relation with,2,Greetings & Courtesy,H,,,,
w0156,不客气,bú kèqi,1,You're welcome.,2,Greetings & Courtesy,H,,,,
w0245,介绍,jièshào,2,introduce sb. or sth.; an introduction,2,Greetings & Courtesy,H,,,,
w0247,欢迎,huānyíng,2,welcome,2,Greetings & Courtesy,H,,,,
w0297,姓,xìng,2,surname; take … as surname,2,Greetings & Courtesy,M,,5,,
w0470,祝,zhù,3,"to pray for; to wish (sb bon voyage, happy birthday etc)",2,Greetings & Courtesy,H,,,,
w0654,行,xíng,4,Ok! All right! No problem!,2,Greetings & Courtesy,M,,29,,
w0731,感谢,gǎnxiè,4,thank; be grateful; appreciate,2,Greetings & Courtesy,H,,,,
w1043,原谅,yuánliàng,4,forgive; excuse; pardon,2,Greetings & Courtesy,H,,,,
w1048,不好意思,bùhǎoyìsi,4,feel shy or sorry; sorry; excuse me,2,Greetings & Courtesy,H,,,,
w1072,道歉,dàoqiàn,4,make an apology,2,Greetings & Courtesy,H,,,,
w1093,祝贺,zhùhè,4,celebrate; congratulate,2,Greetings & Courtesy,H,,,,
w1159,打扰,dǎrǎo,4,bother; interrupt; intervene,2,Greetings & Courtesy,M,,23,,
w1163,抱歉,bàoqiàn,4,be sorry; feel apologetic; regret,2,Greetings & Courtesy,H,,,,
w1164,师傅,shīfu,4,"used to address strangers in everyday life, similar to “mister” or “sir”",2,Greetings & Courtesy,M,,5,,
w1195,礼貌,lǐmào,4,politeness; manners; ceremony,2,Greetings & Courtesy,H,,,,
w1206,握手,wòshǒu,4,to shake hands,2,Greetings & Courtesy,H,,,,
w1218,打招呼,dǎzhāohu,4,greet sb by word or gesture; greet sb.; say hello,2,Greetings & Courtesy,H,,,,
w2007,告别,gàobié,5,farewell; say goodbye to,2,Greetings & Courtesy,H,,,,
w2157,称呼,chēnghu,5,call; form of address,2,Greetings & Courtesy,M,,23,,
w2161,问候,wènhòu,5,to give one's respects; to send a greeting; to make offensive reference to,2,Greetings & Courtesy,H,,,,
w2220,荣幸,róngxìng,5,honored (to have the privilege of ...),2,Greetings & Courtesy,M,,20,,
w2313,光临,guānglín,5,visit; come to,2,Greetings & Courtesy,H,,,,
w2366,不要紧,búyàojǐn,5,It doesn't matter,2,Greetings & Courtesy,M,,29,,
w2535,劳驾,láojià,5,excuse me,2,Greetings & Courtesy,H,,,,
w2610,夫人,fūren,6,Lady; Madame; madam,2,Greetings & Courtesy,H,,,,
w2654,嗨,hāi,6,hi,2,Greetings & Courtesy,H,,,,
w2660,嘿,hēi,6,Say hello or to bring attention to.,2,Greetings & Courtesy,M,,29,,
w3096,拜托,bàituō,6,request sb. to do sth.; entrust,2,Greetings & Courtesy,H,,,,
w3703,保重,bǎozhòng,6,take care of oneself,2,Greetings & Courtesy,H,,,,
w3733,诸位,zhūwèi,6,you,2,Greetings & Courtesy,M,,29,,
w3862,衷心,zhōngxīn,6,heartfelt,2,Greetings & Courtesy,M,,20,,
w4268,鞠躬,jūgōng,6,bow,2,Greetings & Courtesy,H,,,,
w4467,告辞,gàocí,6,take leave,2,Greetings & Courtesy,H,,,,
w4625,礼节,lǐjié,6,etiquette; courtesy,2,Greetings & Courtesy,H,,,,
w4768,寒暄,hánxuān,6,exchange of conventional greetings,2,Greetings & Courtesy,H,,,,
w4945,不敢当,bùgǎndāng,6,don't deserve,2,Greetings & Courtesy,H,,,,
w4992,过奖,guòjiǎng,6,overpraise; undeserved compliment,2,Greetings & Courtesy,H,,,,
w0011,个,gè,1,used with nouns without specific measure words,3,Numbers & Measure Words,H,,,,
w0017,一,yī,1,one; used between a reduplicative verb,3,Numbers & Measure Words,H,,,,
w0039,多,duō,1,"a lot of; how; how (used before an adjective, indicating exclamation)",3,Numbers & Measure Words,M,,24,,
w0060,本,běn,1,copy; issue (used for counting books and other bound items); notebook,3,Numbers & Measure Words,H,,,,
w0063,三,sān,1,three,3,Numbers & Measure Words,H,,,,
w0078,四,sì,1,four,3,Numbers & Measure Words,H,,,,
w0083,少,shǎo,1,not much / many; be short; be lack,3,Numbers & Measure Words,M,,24,,
w0088,五,wǔ,1,five,3,Numbers & Measure Words,H,,,,
w0091,些,xiē,1,some; a little bit,3,Numbers & Measure Words,H,,,,
w0094,二,èr,1,two,3,Numbers & Measure Words,H,,,,
w0101,六,liù,1,six,3,Numbers & Measure Words,H,,,,
w0104,十,shí,1,ten,3,Numbers & Measure Words,H,,,,
w0122,八,bā,1,eight,3,Numbers & Measure Words,H,,,,
w0124,七,qī,1,seven,3,Numbers & Measure Words,H,,,,
w0134,九,jiǔ,1,nine,3,Numbers & Measure Words,H,,,,
w0144,零,líng,1,zero,3,Numbers & Measure Words,H,,,,
w0176,两,liǎng,2,two,3,Numbers & Measure Words,H,,,,
w0183,次,cì,2,number of times,3,Numbers & Measure Words,H,,,,
w0206,第一,dì-yī,2,first,3,Numbers & Measure Words,H,,,,
w0213,件,jiàn,2,used for clothes and things,3,Numbers & Measure Words,H,,,,
w0215,张,zhāng,2,"used for paper, bed, table, face, etc.; open up",3,Numbers & Measure Words,H,,,,
w0275,千,qiān,2,thousand,3,Numbers & Measure Words,H,,,,
w0286,百,bǎi,2,one hundred,3,Numbers & Measure Words,H,,,,
w0303,公斤,gōngjīn,2,kilogram,3,Numbers & Measure Words,H,,,,
w0326,只,zhī,3,"one of a pair; for animals, furnitures, boats or ships",3,Numbers & Measure Words,H,,,,
w0337,位,wèi,3,used for people,3,Numbers & Measure Words,H,,,,
w0339,种,zhǒng,3,kind; sort; type,3,Numbers & Measure Words,H,,,,
w0355,条,tiáo,3,used for long and slender things,3,Numbers & Measure Words,H,,,,
w0394,万,wàn,3,ten thousand,3,Numbers & Measure Words,H,,,,
w0410,双,shuāng,3,pair; couple,3,Numbers & Measure Words,H,,,,
w0412,段,duàn,3,"passage, paragraph (of an article); period(of time); section (of a distance)",3,Numbers & Measure Words,H,,,,
w0414,米,mǐ,3,meter,3,Numbers & Measure Words,H,,,,
w0419,辆,liàng,3,used for automobiles,3,Numbers & Measure Words,H,,,,
w0421,半,bàn,3,half,3,Numbers & Measure Words,H,,,,
w0471,层,céng,3,"layer, floor, etc.( used for things that have separate levels)",3,Numbers & Measure Words,H,,,,
w0591,一共,yígòng,3,altogether; in all; all told,3,Numbers & Measure Words,H,,,,
w0657,场,chǎng,4,used for activities,3,Numbers & Measure Words,H,,,,
w0704,份,fèn,4,part; portion,3,Numbers & Measure Words,H,,,,
w0717,台,tái,4,used for machines,3,Numbers & Measure Words,H,,,,
w0733,座,zuò,4,seat; base; stand,3,Numbers & Measure Words,H,,,,
w0773,许多,xǔduō,4,many; much; great deal of,3,Numbers & Measure Words,H,,,,
w0789,超过,chāoguò,4,leave behind; outstrip,3,Numbers & Measure Words,M,,24,,
w0813,群,qún,4,"group; crowd; flock, herd, pack etc",3,Numbers & Measure Words,H,,,,
w0818,节,jié,4,section; period of class,3,Numbers & Measure Words,H,,,,
w0854,左右,zuǒyòu,4,around; about; approximately,3,Numbers & Measure Words,H,,,,
w0856,遍,biàn,4,number of times,3,Numbers & Measure Words,H,,,,
w0862,倍,bèi,4,times (of the original number or quantity),3,Numbers & Measure Words,H,,,,
w0871,俩,liǎ,4,pair; couple,3,Numbers & Measure Words,H,,,,
w0895,顿,dùn,4,to stop; to pause; to arrange,3,Numbers & Measure Words,L,CHECK,6,,en meaning unclear for a measure word entry
w0907,数字,shùzì,4,figure; numeral; number,3,Numbers & Measure Words,H,,,,
w0912,篇,piān,4,"used for essays, articles, etc.",3,Numbers & Measure Words,M,,16,,
w0969,号码,hàomǎ,4,number,3,Numbers & Measure Words,M,,18,,
w1004,页,yè,4,page,3,Numbers & Measure Words,M,,16,,
w1022,公里,gōnglǐ,4,kilometer,3,Numbers & Measure Words,M,,12,,
w1058,数量,shùliàng,4,amount; quantity,3,Numbers & Measure Words,H,,,,
w1073,趟,tàng,4,time (of walk or trip),3,Numbers & Measure Words,H,,,,
w1080,亿,yì,4,100 million,3,Numbers & Measure Words,H,,,,
w1137,棵,kē,4,used for plants,3,Numbers & Measure Words,H,,,,
w1165,朵,duǒ,4,flower; earlobe; fig. item on both sides,3,Numbers & Measure Words,H,,,,
w1285,分之,fēnzhī,4,(indicating a fraction),3,Numbers & Measure Words,H,,,,
w1289,百分之,bǎifēnzhī,4,percent,3,Numbers & Measure Words,H,,,,
w1305,片,piàn,5,"slice; flake; measure word for flat, thin things",3,Numbers & Measure Words,H,,,,
w1327,套,tào,5,to cover; to encase; cover,3,Numbers & Measure Words,H,,,,
w1341,项,xiàng,5,back of neck; item; thing,3,Numbers & Measure Words,M,,10,,
w1427,颗,kē,5,"classifier for small spheres, pearls, corn grains, teeth, hearts, satellites etc",3,Numbers & Measure Words,H,,,,
w1483,幅,fú,5,"measure word for cloth, silk, woollen fabric, paintings",3,Numbers & Measure Words,H,,,,
w1785,无数,wúshù,5,countless; numberless; innumerable,3,Numbers & Measure Words,M,,24,,
w1797,丁,dīng,5,fourth,3,Numbers & Measure Words,H,,,,
w1798,届,jiè,5,to arrive at (place or time); period; to become due,3,Numbers & Measure Words,H,,,,
w1839,等于,děngyú,5,equal to,3,Numbers & Measure Words,H,,,,
w1847,平均,píngjūn,5,average; on average; evenly,3,Numbers & Measure Words,H,,,,
w1889,匹,pǐ,5,measure word for horses; measure word for cloth (a bolt),3,Numbers & Measure Words,H,,,,
w1914,阵,zhèn,5,disposition of troops; wave; spate,3,Numbers & Measure Words,L,CHECK,26,,measure word sense unclear here
w1930,吨,dūn,5,ton,3,Numbers & Measure Words,H,,,,
w2025,比例,bǐlì,5,proportion,3,Numbers & Measure Words,M,,29,,
w2031,粒,lì,5,grain; granule,3,Numbers & Measure Words,H,,,,
w2151,数码,shùmǎ,5,number; numerals; figures,3,Numbers & Measure Words,M,,18,,
w2179,总共,zǒnggòng,5,altogether; in sum; in all,3,Numbers & Measure Words,H,,,,
w2294,册,cè,5,volume; booklet,3,Numbers & Measure Words,H,,,,
w2359,丙,bǐng,5,third,3,Numbers & Measure Words,H,,,,
w2439,平方,píngfāng,5,"square (as in square foot, square mile, square root)",3,Numbers & Measure Words,H,,,,
w2510,立方,lìfāng,5,cube (math.),3,Numbers & Measure Words,H,,,,
w2515,厘米,límǐ,5,centimeter,3,Numbers & Measure Words,H,,,,
w2548,数,shǔ,6,to count; be reckoned as,3,Numbers & Measure Words,H,,,,
w2549,数,shù,6,number; several,3,Numbers & Measure Words,H,,,,
w2562,副,fù,6,"deputy; a set, a pair, a facial expressions",3,Numbers & Measure Words,H,,,,
w2607,系列,xìliè,6,series,3,Numbers & Measure Words,M,,24,,
w2642,艘,sōu,6,measures word,3,Numbers & Measure Words,H,,,,
w2647,枚,méi,6,"similar to ge', for small things",3,Numbers & Measure Words,H,,,,
w2739,栋,dòng,6,measure word for buildings,3,Numbers & Measure Words,H,,,,
w2818,不止,bùzhǐ,6,more than,3,Numbers & Measure Words,M,,29,,
w2838,起码,qǐmǎ,6,at least; rudimentary,3,Numbers & Measure Words,M,,29,,
w3007,磅,bàng,6,pound,3,Numbers & Measure Words,H,,,,
w3079,幢,zhuàng,6,measures word for buildings,3,Numbers & Measure Words,H,,,,
w3146,番,fān,6,a course; a turn; time,3,Numbers & Measure Words,H,,,,
w3275,束,shù,6,bundle,3,Numbers & Measure Words,H,,,,
w3307,数目,shùmù,6,number,3,Numbers & Measure Words,H,,,,
w3411,将近,jiāngjìn,6,almost; nearly,3,Numbers & Measure Words,M,,29,,
w3455,枝,zhī,6,branch; a branch of,3,Numbers & Measure Words,H,,,,
w3668,株,zhū,6,measure word for plants,3,Numbers & Measure Words,H,,,,
w3864,若干,ruògān,6,several,3,Numbers & Measure Words,H,,,,
w3896,幅度,fúdù,6,range; scope; extent,3,Numbers & Measure Words,M,,29,,
w3911,百分点,bǎifēndiǎn,6,percentage point,3,Numbers & Measure Words,H,,,,
w3986,分量,fēnliàng,6,weight,3,Numbers & Measure Words,M,,24,,
w4381,总和,zǒnghé,6,sum,3,Numbers & Measure Words,H,,,,
w4640,共计,gòngjì,6,altogether; total; amount to,3,Numbers & Measure Words,H,,,,
w4647,次序,cìxù,6,order; sequence,3,Numbers & Measure Words,M,,24,,
w4697,比重,bǐzhòng,6,proportion; specific gravity,3,Numbers & Measure Words,H,,,,
w4781,毫米,háomǐ,6,millimeter,3,Numbers & Measure Words,H,,,,
w4989,递增,dìzēng,6,increase progressively,3,Numbers & Measure Words,M,,29,,
w5002,正负,zhèngfù,6,plus-minus; positive and negative,3,Numbers & Measure Words,H,,,,
w0032,点,diǎn,1,o'clock; order; light,4,Time & Dates,H,,,,
w0037,现在,xiànzài,1,now; nowadays; today,4,Time & Dates,H,,,,
w0038,年,nián,1,year,4,Time & Dates,H,,,,
w0044,时候,shíhou,1,moment; time; period,4,Time & Dates,H,,,,
w0052,今天,jīntiān,1,today; now; at present,4,Time & Dates,H,,,,
w0053,月,yuè,1,month,4,Time & Dates,H,,,,
w0066,号,hào,1,date; number,4,Time & Dates,H,,,,
w0071,日,rì,1,day or date,4,Time & Dates,H,,,,
w0076,分钟,fēnzhōng,1,minute,4,Time & Dates,H,,,,
w0077,明天,míngtiān,1,tomorrow,4,Time & Dates,H,,,,
w0086,昨天,zuótiān,1,yesterday,4,Time & Dates,H,,,,
w0098,下午,xiàwǔ,1,afternoon,4,Time & Dates,H,,,,
w0133,星期,xīngqī,1,week,4,Time & Dates,H,,,,
w0135,上午,shàngwǔ,1,morning,4,Time & Dates,H,,,,
w0139,中午,zhōngwǔ,1,noon; midday; noonday,4,Time & Dates,H,,,,
w0190,时间,shíjiān,2,time,4,Time & Dates,H,,,,
w0224,小时,xiǎoshí,2,hour,4,Time & Dates,H,,,,
w0234,晚上,wǎnshang,2,evening,4,Time & Dates,H,,,,
w0254,去年,qùnián,2,last year,4,Time & Dates,H,,,,
w0257,早上,zǎoshang,2,morning,4,Time & Dates,H,,,,
w0342,一直,yìzhí,3,all the time,4,Time & Dates,H,,,,
w0358,先,xiān,3,first,4,Time & Dates,H,,,,
w0362,过去,guòqù,3,in the past,4,Time & Dates,H,,,,
w0366,分,fēn,3,minute; mark; grade,4,Time & Dates,M,,3,,
w0375,以后,yǐhòu,3,after; later; afterwards,4,Time & Dates,H,,,,
w0388,以前,yǐqián,3,before (a point of time); back; ago,4,Time & Dates,H,,,,
w0403,最近,zuìjìn,3,recently; of late; lately,4,Time & Dates,H,,,,
w0405,终于,zhōngyú,3,at last; finally,4,Time & Dates,M,,29,,
w0408,总是,zǒngshì,3,always,4,Time & Dates,H,,,,
w0434,马上,mǎshàng,3,immediately; at once,4,Time & Dates,H,,,,
w0442,经常,jīngcháng,3,often,4,Time & Dates,H,,,,
w0458,后来,hòulái,3,later; afterwards,4,Time & Dates,H,,,,
w0462,久,jiǔ,3,old; for a long time,4,Time & Dates,H,,,,
w0466,刚才,gāngcái,3,a moment ago; just now,4,Time & Dates,H,,,,
w0479,周末,zhōumò,3,weekend,4,Time & Dates,H,,,,
w0523,一会儿,yíhuìr,3,a moment,4,Time & Dates,H,,,,
w0568,迟到,chídào,3,be late,4,Time & Dates,H,,,,
w0570,刻,kè,3,quarter of an hour; 15 minutes,4,Time & Dates,H,,,,
w0652,最后,zuìhòu,4,final; last; finally,4,Time & Dates,H,,,,
w0683,当时,dāngshí,4,at that time,4,Time & Dates,H,,,,
w0699,永远,yǒngyuǎn,4,forever; perpetually,4,Time & Dates,H,,,,
w0724,刚刚,gānggang,4,just recently; just a moment ago,4,Time & Dates,H,,,,
w0750,底,dǐ,4,at the end of,4,Time & Dates,M,,29,,
w0785,秒,miǎo,4,second,4,Time & Dates,H,,,,
w0827,从来,cónglái,4,right from the beginning; always; at all times,4,Time & Dates,H,,,,
w0887,世纪,shìjì,4,century,4,Time & Dates,H,,,,
w0982,提前,tíqián,4,in advance; ahead of time; ahead of schedule,4,Time & Dates,H,,,,
w0983,暂时,zànshí,4,temporarily,4,Time & Dates,M,,29,,
w0992,及时,jíshí,4,in time; just right; just enough,4,Time & Dates,H,,,,
w1028,将来,jiānglái,4,in the future; later,4,Time & Dates,H,,,,
w1045,平时,píngshí,4,normally; usually,4,Time & Dates,H,,,,
w1107,偶尔,ǒu'ěr,4,once in a while; occasionally,4,Time & Dates,H,,,,
w1129,往往,wǎngwǎng,4,always,4,Time & Dates,H,,,,
w1150,忽然,hūrán,4,suddenly; all of a sudden,4,Time & Dates,M,,29,,
w1182,来不及,láibují,4,haven't enough time,4,Time & Dates,H,,,,
w1191,准时,zhǔnshí,4,on time; punctually,4,Time & Dates,H,,,,
w1196,推迟,tuīchí,4,put off; postpone; defer,4,Time & Dates,H,,,,
w1207,来得及,láidejí,4,have enough time,4,Time & Dates,H,,,,
w1211,按时,ànshí,4,on time; on schedule; punctually,4,Time & Dates,H,,,,
w1281,礼拜天,lǐbàitiān,4,Sunday,4,Time & Dates,H,,,,
w1306,同时,tóngshí,5,at the same time; simultaneously,4,Time & Dates,H,,,,
w1311,目前,mùqián,5,at the present time; currently,4,Time & Dates,H,,,,
w1328,曾经,céngjīng,5,once; ever,4,Time & Dates,M,,29,,
w1334,未来,wèilái,5,future; tomorrow; approaching,4,Time & Dates,H,,,,
w1366,夜,yè,5,night,4,Time & Dates,H,,,,
w1375,以来,yǐlái,5,since (a previous event),4,Time & Dates,H,,,,
w1436,年代,niándài,5,a decade of a century (e.g. the Sixties); age; era,4,Time & Dates,H,,,,
w1489,期间,qījiān,5,period of time; time; time period,4,Time & Dates,H,,,,
w1490,时刻,shíkè,5,time; juncture; moment,4,Time & Dates,H,,,,
w1501,持续,chíxù,5,continued; sustained; last,4,Time & Dates,M,,29,,
w1524,立即,lìjí,5,immediately,4,Time & Dates,M,,29,,
w1528,立刻,lìkè,5,forthwith; immediate; prompt,4,Time & Dates,H,,,,
w1535,通常,tōngcháng,5,regular; usual; normal,4,Time & Dates,M,,29,,
w1545,阶段,jiēduàn,5,stage; section; phase,4,Time & Dates,M,,29,,
w1567,随时,suíshí,5,at any time; at all times; at the right time,4,Time & Dates,H,,,,
w1569,时期,shíqī,5,period; phase,4,Time & Dates,H,,,,
w1604,自从,zìcóng,5,since (a time); ever since,4,Time & Dates,H,,,,
w1624,一辈子,yíbèizi,5,(for) a lifetime,4,Time & Dates,M,,5,,
w1665,如今,rújīn,5,nowadays; now,4,Time & Dates,H,,,,
w1712,赶快,gǎnkuài,5,at once; quickly,4,Time & Dates,M,,24,,
w1737,度过,dùguò,5,spend; pass,4,Time & Dates,H,,,,
w1753,始终,shǐzhōng,5,from beginning to end; all along,4,Time & Dates,M,,29,,
w1759,临时,línshí,5,as the time draws near; at the last moment; temporary,4,Time & Dates,H,,,,
w1784,至今,zhìjīn,5,so far; to this day; until now,4,Time & Dates,H,,,,
w1915,日期,rìqī,5,date,4,Time & Dates,H,,,,
w1917,从此,cóngcǐ,5,from this time on; from now on; henceforth,4,Time & Dates,M,,29,,
w1949,最初,zuìchū,5,first; primary; initial,4,Time & Dates,H,,,,
w2013,反复,fǎnfù,5,repeatedly; time and again; relapse,4,Time & Dates,M,,29,,
w2029,事先,shìxiān,5,in advance; before the event; beforehand,4,Time & Dates,H,,,,
w2073,从前,cóngqián,5,before; former,4,Time & Dates,H,,,,
w2149,延长,yáncháng,5,to prolong; to extend; to delay,4,Time & Dates,M,,24,,
w2249,耽误,dānwu,5,delay,4,Time & Dates,H,,,,
w2328,日程,rìchéng,5,schedule; itinerary,4,Time & Dates,M,,17,,
w2345,缩短,suōduǎn,5,to curtail; to cut down,4,Time & Dates,M,,24,,
w2354,过期,guòqī,5,be overdue; expire,4,Time & Dates,M,,7,,
w2363,傍晚,bàngwǎn,5,nightfall,4,Time & Dates,H,,,,
w2422,公元,gōngyuán,5,the Christian era; A.D.,4,Time & Dates,M,,28,,
w2442,日历,rìlì,5,calendar,4,Time & Dates,H,,,,
w2468,中旬,zhōngxún,5,middle third of a month,4,Time & Dates,H,,,,
w2587,即将,jíjiāng,6,be about to; soon; in no time,4,Time & Dates,H,,,,
w2594,尽快,jǐnkuài,6,as soon as possible,4,Time & Dates,H,,,,
w2624,时光,shíguāng,6,time,4,Time & Dates,H,,,,
w2648,凌晨,língchén,6,in the small hours,4,Time & Dates,H,,,,
w2677,当初,dāngchū,6,at the beginning; originally,4,Time & Dates,H,,,,
w2744,时机,shíjī,6,opportunity,4,Time & Dates,M,,29,,
w2755,周年,zhōunián,6,anniversary,4,Time & Dates,H,,,,
w2773,年度,niándù,6,year,4,Time & Dates,H,,,,
w2847,以往,yǐwǎng,6,in the past; before,4,Time & Dates,H,,,,
w3022,当前,dāngqián,6,current; present,4,Time & Dates,H,,,,
w3059,季度,jìdù,6,quarter,4,Time & Dates,M,,25,,
w3085,当场,dāngchǎng,6,on the spot,4,Time & Dates,M,,29,,
w3195,岁月,suìyuè,6,years; time and tide,4,Time & Dates,M,,28,,
w3245,近来,jìnlái,6,recently,4,Time & Dates,H,,,,
w3303,频繁,pínfán,6,frequently; often,4,Time & Dates,H,,,,
w3327,片刻,piànkè,6,moment,4,Time & Dates,H,,,,
w3355,眼下,yǎnxià,6,at the moment; now,4,Time & Dates,H,,,,
w3375,清晨,qīngchén,6,early morning,4,Time & Dates,H,,,,
w3392,原先,yuánxiān,6,original; former; originally,4,Time & Dates,M,,29,,
w3466,定期,dìngqī,6,regularly,4,Time & Dates,H,,,,
w3476,先前,xiānqián,6,previously,4,Time & Dates,H,,,,
w3523,时常,shícháng,6,often; frequently,4,Time & Dates,H,,,,
w3579,一度,yídù,6,one time; once,4,Time & Dates,H,,,,
w3622,不时,bùshí,6,often; frequently,4,Time & Dates,H,,,,
w3632,黎明,límíng,6,dawn,4,Time & Dates,H,,,,
w3661,起初,qǐchū,6,at first; originally,4,Time & Dates,H,,,,
w3737,往常,wǎngcháng,6,habitually in the past,4,Time & Dates,H,,,,
w3876,预先,yùxiān,6,in advance,4,Time & Dates,M,,29,,
w3886,延期,yánqī,6,delay,4,Time & Dates,M,,17,,
w4027,间隔,jiàngé,6,interval; spacing,4,Time & Dates,M,,24,,
w4058,成天,chéngtiān,6,all day long; all the time,4,Time & Dates,H,,,,
w4075,为期,wéiqī,6,by a definite date,4,Time & Dates,H,,,,
w4106,黄昏,huánghūn,6,dusk; gloaming,4,Time & Dates,H,,,,
w4259,抽空,chōukòng,6,manage to find time,4,Time & Dates,M,,17,,
w4279,截至,jiézhì,6,up to,4,Time & Dates,H,,,,
w4356,昔日,xīrì,6,formerly; in former days,4,Time & Dates,H,,,,
w4412,时而,shí'ér,6,sometimes,4,Time & Dates,H,,,,
w4420,时差,shíchā,6,time difference,4,Time & Dates,H,,,,
w4528,历来,lìlái,6,always,4,Time & Dates,M,,29,,
w4563,昼夜,zhòuyè,6,day and night,4,Time & Dates,H,,,,
w4570,常年,chángnián,6,throughout the year; perennial,4,Time & Dates,H,,,,
w4679,及早,jízǎo,6,as soon as possible,4,Time & Dates,H,,,,
w4748,逐年,zhúnián,6,year after year,4,Time & Dates,H,,,,
w4785,屡次,lǚcì,6,time and again; repeatedly,4,Time & Dates,M,,29,,
w4804,正月,zhēngyuè,6,the first month of the lunar year,4,Time & Dates,H,,,,
w4830,刹那,chànà,6,moment,4,Time & Dates,H,,,,
w4938,连年,liánnián,6,in successive years,4,Time & Dates,H,,,,
w4949,农历,nónglì,6,the lunar calendar,4,Time & Dates,H,,,,
w4966,终年,zhōngnián,6,throughout the year; all the year round,4,Time & Dates,H,,,,
w0012,人,rén,1,human being; person; people,5,Family & People,H,,,,
w0046,家,jiā,1,home; family; household,5,Family & People,H,,,,
w0065,岁,suì,1,year (of age),5,Family & People,H,,,,
w0082,妈妈,māma,1,mother; ma; mamma,5,Family & People,H,,,,
w0095,儿子,érzi,1,son,5,Family & People,H,,,,
w0106,女儿,nǚ'ér,1,daughter,5,Family & People,H,,,,
w0108,爸爸,bàba,1,father; dad; daddy,5,Family & People,H,,,,
w0203,孩子,háizi,2,son or daughter; child,5,Family & People,H,,,,
w0220,女,nǚ,2,woman; female,5,Family & People,H,,,,
w0223,女人,nǚrén,2,woman,5,Family & People,H,,,,
w0228,男人,nánrén,2,a man; a male; men,5,Family & People,H,,,,
w0236,男,nán,2,man; male,5,Family & People,H,,,,
w0260,妻子,qīzi,2,wife,5,Family & People,H,,,,
w0267,丈夫,zhàngfu,2,husband,5,Family & People,H,,,,
w0269,生日,shēngrì,2,birthday,5,Family & People,H,,,,
w0270,姐姐,jiějie,2,elder sister,5,Family & People,H,,,,
w0272,哥哥,gēge,2,elder brother,5,Family & People,H,,,,
w0280,妹妹,mèimei,2,younger sister,5,Family & People,H,,,,
w0285,弟弟,dìdi,2,younger brother,5,Family & People,H,,,,
w0449,结婚,jiéhūn,3,get married,5,Family & People,H,,,,
w0461,年轻,niánqīng,3,young,5,Family & People,H,,,,
w0546,奶奶,nǎinai,3,grandmother,5,Family & People,H,,,,
w0553,爷爷,yéye,3,"grandfather, also used as a title of respect for an old man",5,Family & People,H,,,,
w0555,邻居,línjū,3,neighbor,5,Family & People,H,,,,
w0562,叔叔,shūshu,3,uncle (referring to a man younger than one's father),5,Family & People,H,,,,
w0585,阿姨,āyí,3,aunt,5,Family & People,H,,,,
w0744,父亲,fùqīn,4,father,5,Family & People,H,,,,
w0776,母亲,mǔqīn,4,mother,5,Family & People,H,,,,
w0913,儿童,értóng,4,a child,5,Family & People,H,,,,
w0954,年龄,niánlíng,4,age,5,Family & People,H,,,,
w0970,出生,chūshēng,4,be born,5,Family & People,H,,,,
w1038,离婚,líhūn,4,divorce,5,Family & People,H,,,,
w1168,亲戚,qīnqi,4,kinsfolk; relative; relation,5,Family & People,H,,,,
w1178,孙子,sūnzi,4,grandson,5,Family & People,H,,,,
w1314,个人,gèrén,5,individual; personal,5,Family & People,M,,29,,
w1325,家庭,jiātíng,5,family; household,5,Family & People,H,,,,
w1357,宝贝,bǎobèi,5,baby; treasure,5,Family & People,M,,22,,
w1364,兄弟,xiōngdì,5,"brothers; younger brother; I, me (humble term used by men in public speech)",5,Family & People,H,,,,
w1430,人物,rénwù,5,person; personage; figure (esp. sb of importance),5,Family & People,M,,28,,
w1445,姑娘,gūniang,5,girl,5,Family & People,H,,,,
w1562,婚姻,hūnyīn,5,matrimony; wedding; marriage,5,Family & People,H,,,,
w1583,女士,nǚshì,5,lady; madam; Miss,5,Family & People,H,,,,
w1584,成长,chéngzhǎng,5,grow up,5,Family & People,M,,9,,
w1613,嫁,jià,5,(of a woman) to marry; to marry off a daughter; to shift (blame etc),5,Family & People,H,,,,
w1676,婚礼,hūnlǐ,5,wedding ceremony; wedding,5,Family & People,H,,,,
w1725,妇女,fùnǚ,5,woman,5,Family & People,H,,,,
w1802,年纪,niánjì,5,age,5,Family & People,H,,,,
w1845,去世,qùshì,5,to pass away; to die,5,Family & People,H,,,,
w1884,娶,qǔ,5,to take a wife; to marry (a woman),5,Family & People,H,,,,
w1896,太太,tàitai,5,married woman; Mrs.; Madam,5,Family & People,H,,,,
w1926,青少年,qīngshàonián,5,adolescent; youth; teenager,5,Family & People,H,,,,
w1969,青春,qīngchūn,5,youth; youthfulness,5,Family & People,M,,24,,
w1973,小伙子,xiǎohuǒzi,5,young man; young guy; lad,5,Family & People,H,,,,
w2257,老百姓,lǎobǎixìng,5,"ordinary people; the ""person in the street""",5,Family & People,M,,26,,
w2343,舅舅,jiùjiu,5,mother's brother; maternal uncle (informal),5,Family & People,H,,,,
w2382,姑姑,gūgu,5,aunt,5,Family & People,H,,,,
w2384,祖先,zǔxiān,5,ancestors; forebears; (biology) ancestral species,5,Family & People,M,,28,,
w2416,姥姥,lǎolao,5,mother's mother; maternal grandmother,5,Family & People,H,,,,
w2449,疼爱,téng'ài,5,to love dearly,5,Family & People,H,,,,
w2464,敬爱,jìng'ài,5,to respect and love; to hold in high esteem,5,Family & People,M,,20,,
w2487,孝顺,xiàoshùn,5,filial,5,Family & People,H,,,,
w2512,华裔,Huáyì,5,ethnic Chinese; non-Chinese citizen of Chinese ancestry,5,Family & People,M,,26,,
w2578,家伙,jiāhuo,6,fellow; guy,5,Family & People,H,,,,
w2583,人家,rénjiā,6,household; family; they,5,Family & People,H,,,,
w2602,人士,rénshì,6,person,5,Family & People,H,,,,
w2692,婴儿,yīng'ér,6,infant,5,Family & People,H,,,,
w2728,夫妇,fūfù,6,husband and wife,5,Family & People,H,,,,
w2732,怀孕,huáiyùn,6,pregnancy; conceive,5,Family & People,M,,10,,
w2914,新娘,xīnniáng,6,bride,5,Family & People,H,,22,,
w2920,继承,jìchéng,6,inherit,5,Family & People,H,,,,
w3000,诞生,dànshēng,6,be born; come into the world,5,Family & People,H,,,,
w3024,家属,jiāshǔ,6,family member,5,Family & People,H,,,,
w3337,伴侣,bànlǚ,6,companion,5,Family & People,M,,22,,
w3417,出身,chūshēn,6,class origin; family background; come from (refer to one's family background),5,Family & People,H,,,,
w3564,生育,shēngyù,6,give birth,5,Family & People,H,,,,
w3599,抚养,fǔyǎng,6,raise,5,Family & People,H,,,,
w3635,双胞胎,shuāngbāotāi,6,twins,5,Family & People,H,,,,
w3643,新郎,xīnláng,6,bridegroom,5,Family & People,H,,,,
w3656,后代,hòudài,6,later generations; posterity,5,Family & People,H,,,,
w3681,绅士,shēnshì,6,gentleman,5,Family & People,H,,,,
w3973,乞丐,qǐgài,6,beggar,5,Family & People,M,,26,,
w3991,祖父,zǔfù,6,grandfather,5,Family & People,H,,,,
w4093,美满,měimǎn,6,happy,5,Family & People,H,,,,
w4096,配偶,pèi'ǒu,6,spouse,5,Family & People,H,,,,
w4178,媳妇,xífù,6,daughter in law; son's wife,5,Family & People,H,,,,
w4294,逝世,shìshì,6,die; pass away,5,Family & People,M,,10,,
w4315,长辈,zhǎngbèi,6,elder,5,Family & People,H,,,,
w4330,嫂子,sǎozi,6,elder brother's wife; sister-in-law,5,Family & People,H,,,,
w4390,和睦,hémù,6,friendly; harmonious,5,Family & People,M,,22,,
w4408,岳父,yuèfù,6,father in law,5,Family & People,H,,,,
w4472,团圆,tuányuán,6,apart together,5,Family & People,H,,,,
w4599,世代,shìdài,6,generations,5,Family & People,M,,4,,
w4782,家常,jiācháng,6,the daily life of a family,5,Family & People,H,,,,
w4806,哺乳,bǔrǔ,6,breast-feed,5,Family & People,M,,10,,
w4862,伯母,bómǔ,6,aunt,5,Family & People,H,,,,
w4924,公婆,gōngpó,6,one's husband's father and mother,5,Family & People,H,,,,
w4933,诞辰,dànchén,6,birthday,5,Family & People,M,,28,,
w4959,天伦之乐,tiānlún-zhīlè,6,family fun; the happiness of a family reunion,5,Family & People,H,,,,
w4971,籍贯,jíguàn,6,the place of one's birth or origin; native place,5,Family & People,H,,,,
w0050,吃,chī,1,eat,6,Food & Drink,H,,,,
w0069,水,shuǐ,1,water,6,Food & Drink,H,,,,
w0072,喝,hē,1,drink,6,Food & Drink,H,,,,
w0125,菜,cài,1,vegetable; dish,6,Food & Drink,H,,,,
w0132,茶,chá,1,tea (liquid drink/tea leaves),6,Food & Drink,H,,,,
w0138,苹果,píngguǒ,1,apple,6,Food & Drink,H,,,,
w0141,水果,shuǐguǒ,1,fruit,6,Food & Drink,H,,,,
w0146,饭店,fàndiàn,1,"restaurant, eatery; (large) hotel",6,Food & Drink,M,,12,,
w0150,杯子,bēizi,1,cup; glass,6,Food & Drink,H,,,,
w0153,米饭,mǐfàn,1,cooked rice,6,Food & Drink,H,,,,
w0155,饭馆,fànguǎn,1,restaurant,6,Food & Drink,H,,,,
w0261,鱼,yú,2,fish,6,Food & Drink,M,,15,,
w0273,咖啡,kāfēi,2,coffee,6,Food & Drink,H,,,,
w0287,好吃,hǎochī,2,delicious,6,Food & Drink,H,,,,
w0294,牛奶,niúnǎi,2,milk,6,Food & Drink,H,,,,
w0296,鸡蛋,jīdàn,2,egg,6,Food & Drink,H,,,,
w0305,服务员,fúwùyuán,2,attendant; waiter; waitress,6,Food & Drink,M,,17,,
w0308,西瓜,xīguā,2,watermelon,6,Food & Drink,H,,,,
w0311,羊肉,yángròu,2,mutton,6,Food & Drink,H,,,,
w0518,糖,táng,3,sugar; candy,6,Food & Drink,H,,,,
w0535,甜,tián,3,sweet,6,Food & Drink,H,,,,
w0541,啤酒,píjiǔ,3,beer,6,Food & Drink,H,,,,
w0542,蛋糕,dàngāo,3,cake,6,Food & Drink,H,,,,
w0543,新鲜,xīnxiān,3,fresh,6,Food & Drink,M,,24,,
w0547,碗,wǎn,3,bowl; a bowl of,6,Food & Drink,H,,,,
w0559,饮料,yǐnliào,3,beverage; drink,6,Food & Drink,H,,,,
w0583,面包,miànbāo,3,bread,6,Food & Drink,H,,,,
w0589,饱,bǎo,3,"not hungry, full",6,Food & Drink,H,,,,
w0600,香蕉,xiāngjiāo,3,banana,6,Food & Drink,H,,,,
w0606,葡萄,pútao,3,grape,6,Food & Drink,H,,,,
w0612,菜单,càidān,3,menu,6,Food & Drink,H,,,,
w0614,果汁,guǒzhī,3,juice,6,Food & Drink,H,,,,
w0615,面条,miàntiáo,3,noodle,6,Food & Drink,H,,,,
w0617,盘子,pánzi,3,tray; plate; dish,6,Food & Drink,H,,,,
w0618,渴,kě,3,thirsty,6,Food & Drink,M,,10,,
w0625,筷子,kuàizi,3,chopsticks,6,Food & Drink,H,,,,
w0841,刀,dāo,4,knife,6,Food & Drink,H,,,,
w0915,味道,wèidao,4,flavor; taste; savour,6,Food & Drink,H,,,,
w0946,香,xiāng,4,delicious,6,Food & Drink,H,,,,
w0980,食品,shípǐn,4,foodstuff; food; provisions,6,Food & Drink,H,,,,
w0987,汤,tāng,4,soup,6,Food & Drink,H,,,,
w0999,苦,kǔ,4,bitter,6,Food & Drink,M,,24,,
w1046,辣,là,4,(of taste) spicy; hot,6,Food & Drink,H,,,,
w1060,巧克力,qiǎokèlì,4,chocolate,6,Food & Drink,H,,,,
w1070,餐厅,cāntīng,4,restaurant; dining room,6,Food & Drink,H,,,,
w1079,尝,cháng,4,taste,6,Food & Drink,H,,,,
w1086,酸,suān,4,sour; tingle; ache,6,Food & Drink,M,,10,,
w1102,盐,yán,4,salt,6,Food & Drink,H,,,,
w1197,饼干,bǐnggān,4,cracker; cookie; biscuit,6,Food & Drink,H,,,,
w1214,咸,xián,4,salty,6,Food & Drink,H,,,,
w1244,小吃,xiǎochī,4,snack; refreshment,6,Food & Drink,H,,,,
w1250,西红柿,xīhóngshì,4,tomato,6,Food & Drink,H,,,,
w1253,饺子,jiǎozi,4,jiaozi; dumpling,6,Food & Drink,H,,,,
w1258,矿泉水,kuàngquánshuǐ,4,mineral water,6,Food & Drink,H,,,,
w1264,干杯,gānbēi,4,cheers,6,Food & Drink,M,,22,,
w1267,勺子,sháozi,4,spoon; scoop; ladle,6,Food & Drink,H,,,,
w1269,包子,bāozi,4,steamed stuffed bun,6,Food & Drink,H,,,,
w1494,钟,zhōng,5,handleless cup; goblet; to concentrate,6,Food & Drink,L,CHECK,29,,en mixes goblet/concentrate senses
w1503,切,qiē,5,to cut; to slice; to carve,6,Food & Drink,H,,,,
w1505,食物,shíwù,5,food,6,Food & Drink,H,,,,
w1591,炒,chǎo,5,to fry; to stir fry,6,Food & Drink,H,,,,
w1640,烂,làn,5,soft; mushy; well-cooked and soft,6,Food & Drink,H,,,,
w1647,醉,zuì,5,intoxicated,6,Food & Drink,H,,,,
w1729,煮,zhǔ,5,to cook; to boil,6,Food & Drink,H,,,,
w1767,酒吧,jiǔbā,5,bar; pub; saloon,6,Food & Drink,M,,22,,
w1816,玉米,yùmǐ,5,corn; maize,6,Food & Drink,H,,,,
w1895,锅,guō,5,pan; pot; boiler,6,Food & Drink,H,,,,
w1945,蔬菜,shūcài,5,vegetables,6,Food & Drink,H,,,,
w1954,成分,chéngfèn,5,ingredient; component,6,Food & Drink,M,,24,,
w1990,口味,kǒuwèi,5,a person's preferences; tastes (in food); flavor,6,Food & Drink,H,,,,
w2018,烫,tàng,5,to scald; to burn (by scalding); to blanch (cooking),6,Food & Drink,M,,10,,
w2034,淡,dàn,5,light; bland,6,Food & Drink,M,,24,,
w2039,营养,yíngyǎng,5,nutrition; nourishment,6,Food & Drink,M,,10,,
w2124,土豆,tǔdòu,5,potato; (Tw) peanut,6,Food & Drink,H,,,,
w2147,煎,jiān,5,to pan fry; to sauté,6,Food & Drink,H,,,,
w2172,桃,táo,5,peach,6,Food & Drink,H,,,,
w2180,粮食,liángshi,5,foodstuff; cereals,6,Food & Drink,H,,,,
w2183,豆腐,dòufu,5,tofu; bean curd,6,Food & Drink,H,,,,
w2196,辣椒,làjiāo,5,hot pepper; chili,6,Food & Drink,H,,,,
w2197,嫩,nèn,5,young and tender; (of food) tender; lightly cooked,6,Food & Drink,M,,24,,
w2219,花生,huāshēng,5,peanut; groundnut,6,Food & Drink,H,,,,
w2222,宴会,yànhuì,5,banquet; feast; dinner party,6,Food & Drink,M,,22,,
w2267,壶,hú,5,pot; classifier for bottled liquid,6,Food & Drink,H,,,,
w2272,梨,lí,5,pear,6,Food & Drink,H,,,,
w2283,醋,cù,5,vinegar,6,Food & Drink,H,,,,
w2312,点心,diǎnxin,5,pastry; dessert,6,Food & Drink,H,,,,
w2329,零食,língshí,5,between-meal nibbles; snacks,6,Food & Drink,H,,,,
w2337,海鲜,hǎixiān,5,seafood,6,Food & Drink,H,,,,
w2381,黄瓜,huángguā,5,cucumber,6,Food & Drink,H,,,,
w2396,罐头,guàntou,5,can,6,Food & Drink,H,,,,
w2398,酱油,jiàngyóu,5,soy sauce,6,Food & Drink,H,,,,
w2417,桔子,júzi,5,tangerine,6,Food & Drink,H,,,,
w2470,油炸,yóuzhá,5,to deep fry,6,Food & Drink,H,,,,
w2475,馒头,mántou,5,steamed roll; steamed bun; steamed bread,6,Food & Drink,H,,,,
w2485,清淡,qīngdàn,5,"light (of food, not greasy or strongly flavored); insipid; slack (sales)",6,Food & Drink,H,,,,
w2523,叉子,chāzi,5,fork,6,Food & Drink,H,,,,
w2525,烤鸭,kǎoyā,5,roast duck,6,Food & Drink,H,,,,
w2539,柑橘,gānjú,5,oranges and tangerines; citrus fruit,6,Food & Drink,H,,,,
w2895,熬,áo,6,boil; endure; hold out,6,Food & Drink,M,,20,,
w2957,渣,zhā,6,dregs; residue,6,Food & Drink,L,CHECK,29,,food residue meaning unclear fit
w2991,纤维,xiānwéi,6,fiber,6,Food & Drink,M,CHECK,11,27,
w2992,罐,guàn,6,"tin, can",6,Food & Drink,H,,,,
w3005,串,chuàn,6,bunch; string,6,Food & Drink,M,,3,,
w3097,滋味,zīwèi,6,taste,6,Food & Drink,H,,,,
w3114,酒精,jiǔjīng,6,alcohol,6,Food & Drink,H,,,,
w3136,饮食,yǐnshí,6,diet,6,Food & Drink,M,,10,,
w3364,粥,zhōu,6,porridge; gruel,6,Food & Drink,H,,,,
w3412,蛋白质,dànbáizhì,6,protein,6,Food & Drink,M,,10,,
w3432,胃口,wèikǒu,6,appetite,6,Food & Drink,H,,,,
w3459,打包,dǎbāo,6,pack up,6,Food & Drink,M,,12,,
w3531,啃,kěn,6,bite; gnaw,6,Food & Drink,M,,9,,
w3568,品尝,pǐncháng,6,taste; sample; savor,6,Food & Drink,H,,,,
w3850,屑,xiè,6,crumbs,6,Food & Drink,M,,8,,
w3882,烹饪,pēngrèn,6,cooking,6,Food & Drink,H,,,,
w3919,风味,fēngwèi,6,special flavour; local colour,6,Food & Drink,H,,,,
w3943,搅拌,jiǎobàn,6,stir,6,Food & Drink,H,,,,
w3969,沸腾,fèiténg,6,boil,6,Food & Drink,M,,27,,
w3979,橙,chéng,6,orange,6,Food & Drink,H,,,,
w4007,颗粒,kēlì,6,grain; granule,6,Food & Drink,M,,24,,
w4043,腐烂,fǔlàn,6,become putrid; decompose,6,Food & Drink,M,,15,,
w4174,丰盛,fēngshèng,6,rich; sumptuous,6,Food & Drink,H,,,,
w4190,变质,biànzhì,6,go bad; deteriorate,6,Food & Drink,M,,24,,
w4214,可口,kěkǒu,6,good to eat; nice; tasty,6,Food & Drink,H,,,,
w4293,调料,tiáoliào,6,seasoning; condiment,6,Food & Drink,H,,,,
w4350,浸泡,jìnpào,6,soak,6,Food & Drink,M,,9,,
w4358,涮,shuàn,6,to rinse; to trick; to fool sb,6,Food & Drink,H,,,,
w4376,咀嚼,jǔjué,6,chew,6,Food & Drink,M,,9,,
w4388,腥,xīng,6,"having the smell of fish, seafood, etc",6,Food & Drink,H,,,,
w4417,素食,sùshí,6,vegetarian food; to eat a vegetarian diet,6,Food & Drink,H,,,,
w4463,开水,kāishuǐ,6,boiled water,6,Food & Drink,H,,,,
w4569,烘,hōng,6,dry or warm by the fire; bake,6,Food & Drink,H,,,,
w4609,油腻,yóunì,6,greasy,6,Food & Drink,H,,,,
w4678,压榨,yāzhà,6,press; squeeze,6,Food & Drink,M,,25,,
w4773,馋,chán,6,greedy; gluttonous,6,Food & Drink,M,,21,,
w4790,佳肴,jiāyáo,6,delicacies,6,Food & Drink,H,,,,
w4798,吞咽,tūnyàn,6,gulp; swallow,6,Food & Drink,M,,10,,
w4979,津津有味,jīnjīn-yǒuwèi,6,eat with appetite; be very fond of,6,Food & Drink,M,,20,,
w5014,馅儿,xiànr,6,stuffing,6,Food & Drink,H,,,,
w5026,糖葫芦,tánghúlu,6,candied fruit,6,Food & Drink,H,,,,
w5039,涮火锅,shuàn huǒguō,6,eat hot pot; shabu-shabu,6,Food & Drink,H,,,,
w5041,素食主义,sùshí zhǔyì,6,vegetarianism,6,Food & Drink,H,,,,
w0059,钱,qián,1,money,7,Shopping & Money,H,,,,
w0062,东西,dōngxi,1,thing; object,7,Shopping & Money,M,,24,,
w0064,买,mǎi,1,buy,7,Shopping & Money,H,,,,
w0079,块,kuài,1,RMB Yuan; piece; together,7,Shopping & Money,M,,3,,
w0142,商店,shāngdiàn,1,shop; store,7,Shopping & Money,H,,,,
w0237,卖,mài,2,sell,7,Shopping & Money,H,,,,
w0244,元,yuán,2,RMB Yuan,7,Shopping & Money,H,,,,
w0282,贵,guì,2,expensive; costly,7,Shopping & Money,H,,,,
w0291,便宜,piányi,2,cheap; inexpensive,7,Shopping & Money,H,,,,
w0381,花,huā,3,spend; flower,7,Shopping & Money,M,,15,,
w0404,换,huàn,3,change; exchange money,7,Shopping & Money,H,,,,
w0428,银行,yínháng,3,bank,7,Shopping & Money,H,,,,
w0489,借,jiè,3,borrow; lend,7,Shopping & Money,H,,,,
w0530,角,jiǎo,3,tenth of one Yuan (money); corner,7,Shopping & Money,L,CHECK,13,,two unrelated senses: money vs corner
w0579,信用卡,xìnyòngkǎ,3,credit card,7,Shopping & Money,H,,,,
w0586,超市,chāoshì,3,supermarket,7,Shopping & Money,H,,,,
w0817,市场,shìchǎng,4,marketplace; market (also in abstract),7,Shopping & Money,H,,,,
w0847,毛,máo,4,hair; fur; tenth of one Yuan (monetary unit),7,Shopping & Money,M,,10,,
w0868,免费,miǎnfèi,4,free,7,Shopping & Money,H,,,,
w0925,价格,jiàgé,4,price,7,Shopping & Money,H,,,,
w0956,现金,xiànjīn,4,cash,7,Shopping & Money,H,,,,
w0973,存,cún,4,keep; save; deposit,7,Shopping & Money,H,,,,
w1000,租,zū,4,rent,7,Shopping & Money,M,,8,,
w1001,费用,fèiyòng,4,expense; money spent; cost,7,Shopping & Money,H,,,,
w1036,顾客,gùkè,4,customer,7,Shopping & Money,H,,,,
w1049,质量,zhìliàng,4,quality,7,Shopping & Money,M,,25,,
w1057,购物,gòuwù,4,go shopping,7,Shopping & Money,H,,,,
w1157,逛,guàng,4,stroll; roam,7,Shopping & Money,M,,19,,
w1217,节约,jiéyuē,4,economize; save; spare,7,Shopping & Money,M,,25,,
w1234,付款,fùkuǎn,4,pay; pay a sum of money,7,Shopping & Money,H,,,,
w1247,打折,dǎzhé,4,give a discount,7,Shopping & Money,H,,,,
w1255,塑料袋,sùliàodài,4,plastic bag,7,Shopping & Money,M,,8,,
w1260,零钱,língqián,4,change,7,Shopping & Money,H,,,,
w1274,售货员,shòuhuòyuán,4,shop assistant; salesclerk,7,Shopping & Money,H,,,,
w1278,人民币,rénmínbì,4,Renminbi (RMB); Chinese Yuan (CNY),7,Shopping & Money,H,,,,
w1576,欠,qiàn,5,to owe; to lack; yawn,7,Shopping & Money,M,,9,,
w1685,银,yín,5,silver; silver-colored; relating to money or currency,7,Shopping & Money,M,,24,,
w1688,贷款,dàikuǎn,5,"provide a loan, extend credit to; to loan; loan, credit",7,Shopping & Money,H,,,,
w1702,黄金,huángjīn,5,gold; golden (opportunity); prime (time),7,Shopping & Money,M,,15,,
w1795,交换,jiāohuàn,5,to exchange; to swap; to switch (telecom),7,Shopping & Money,M,,29,,
w1881,商品,shāngpǐn,5,commodity; goods; merchandise,7,Shopping & Money,H,,,,
w1904,账户,zhànghù,5,bank account; online account,7,Shopping & Money,H,,,,
w1928,涨,zhǎng,5,"to rise (of prices, rivers)",7,Shopping & Money,M,,15,,
w1987,消费,xiāofèi,5,to consume; to spend,7,Shopping & Money,H,,,,
w2109,包裹,bāoguǒ,5,wrap up; package; parcel,7,Shopping & Money,M,,8,,
w2186,优惠,yōuhuì,5,privilege; favorable (terms); preferential (treatment),7,Shopping & Money,H,,,,
w2188,高档,gāodàng,5,high-grade,7,Shopping & Money,M,,24,,
w2206,名牌,míngpái,5,famous brand; nameplate; name tag,7,Shopping & Money,H,,,,
w2230,节省,jiéshěng,5,saving; to save; to use sparingly,7,Shopping & Money,M,,29,,
w2251,柜台,guìtái,5,counter,7,Shopping & Money,H,,,,
w2311,支票,zhīpiào,5,check (bank); cheque,7,Shopping & Money,H,,,,
w2315,硬币,yìngbì,5,coin,7,Shopping & Money,H,,,,
w2360,发票,fāpiào,5,receipt; invoice,7,Shopping & Money,H,,,,
w2413,收据,shōujù,5,receipt,7,Shopping & Money,H,,,,
w2494,结账,jiézhàng,5,to pay the bill; to settle accounts,7,Shopping & Money,H,,,,
w2517,日用品,rìyòngpǐn,5,articles for daily use,7,Shopping & Money,M,,8,,
w2550,交易,jiāoyì,6,transaction,7,Shopping & Money,H,,,,
w2556,客户,kèhù,6,customers; client,7,Shopping & Money,H,,,,
w2670,成交,chéngjiāo,6,strike a bargain; clinch a deal,7,Shopping & Money,H,,,,
w2747,折,zhé,6,discount; to fold,7,Shopping & Money,H,,,,
w2866,铺,pù,6,shop,7,Shopping & Money,H,,,,
w2932,包装,bāozhuāng,6,packaging; to pack; packing,7,Shopping & Money,H,,,,
w3239,货币,huòbì,6,currency; money,7,Shopping & Money,H,,,,
w3288,推销,tuīxiāo,6,market,7,Shopping & Money,M,,25,,
w3382,样品,yàngpǐn,6,sample,7,Shopping & Money,M,,25,,
w3492,开支,kāizhī,6,expenditure; spending; expenses,7,Shopping & Money,H,,,,
w3504,昂贵,ángguì,6,expensive,7,Shopping & Money,H,,,,
w3510,兑现,duìxiàn,6,cash; pay cash; fulfil,7,Shopping & Money,H,,,,
w3528,偿还,chánghuán,6,pay back,7,Shopping & Money,H,,,,
w3550,支出,zhīchū,6,pay; expend,7,Shopping & Money,H,,,,
w3628,钞票,chāopiào,6,bank note; paper money; bill,7,Shopping & Money,H,,,,
w3649,储蓄,chǔxù,6,deposit; save,7,Shopping & Money,H,,,,
w3704,奢侈,shēchǐ,6,luxury,7,Shopping & Money,M,,24,,
w3726,计较,jìjiào,6,bother about; haggle over,7,Shopping & Money,M,,21,,
w3727,贩卖,fànmài,6,traffic; peddle; sell,7,Shopping & Money,H,,,,
w3736,发财,fācái,6,get rich; make a fortune,7,Shopping & Money,H,,,,
w3747,归还,guīhuán,6,return; revert; send back,7,Shopping & Money,M,,24,,
w3835,数额,shù'é,6,the amount,7,Shopping & Money,M,,3,,
w3920,档次,dàngcì,6,grade; level,7,Shopping & Money,M,,24,,
w3963,畅销,chàngxiāo,6,sell well,7,Shopping & Money,M,,25,,
w3964,拣,jiǎn,6,choose,7,Shopping & Money,M,,23,,
w3978,攒,zǎn,6,accumulate; hoard; gather,7,Shopping & Money,M,,24,,
w3987,兑换,duìhuàn,6,exchange; convert,7,Shopping & Money,H,,,,
w4013,秤,chèng,6,balance; steelyard,7,Shopping & Money,M,,8,,
w4024,结算,jiésuàn,6,settle accounts,7,Shopping & Money,M,,25,,
w4163,讨价还价,tǎojià-huánjià,6,bargain,7,Shopping & Money,H,,,,
w4165,挥霍,huīhuò,6,spend lavishly; spend freely; squander,7,Shopping & Money,M,,24,,
w4342,耗费,hàofèi,6,consume; expend; cost,7,Shopping & Money,M,,29,,
w4515,押金,yājīn,6,cash pledge; deposit; security,7,Shopping & Money,H,,,,
w4530,实惠,shíhuì,6,substantial,7,Shopping & Money,H,,,,
w4593,缴纳,jiǎonà,6,pay,7,Shopping & Money,M,,25,,
w4598,陈列,chénliè,6,display; exhibit,7,Shopping & Money,M,,28,,
w4835,合算,hésuàn,6,paying; worthwhile,7,Shopping & Money,H,,,,
w4839,耐用,nàiyòng,6,durable,7,Shopping & Money,M,,24,,
w4902,物美价廉,wùměi-jiàlián,6,cheap and fine; high quality and inexpensive,7,Shopping & Money,H,,,,
w4930,次品,cìpǐn,6,substandard goods; defective goods,7,Shopping & Money,H,,,,
w5018,通货,tōnghuò,6,currency,7,Shopping & Money,H,,,,
w5038,摊儿,tānr,6,booth; stall,7,Shopping & Money,H,,,,
w0067,住,zhù,1,live; stay; dwell,8,Home & Housework,M,,12,,
w0145,桌子,zhuōzi,1,desk; table,8,Home & Housework,H,,,,
w0147,椅子,yǐzi,1,chair,8,Home & Housework,H,,,,
w0230,门,mén,2,exits and entrances; doorways; used for curriculum in school,8,Home & Housework,H,,,,
w0266,房间,fángjiān,2,room,8,Home & Housework,H,,,,
w0516,灯,dēng,3,lamp,8,Home & Housework,H,,,,
w0526,搬,bān,3,carry; move,8,Home & Housework,H,,,,
w0532,干净,gānjìng,3,clean,8,Home & Housework,M,,24,,
w0551,厨房,chúfáng,3,kitchen,8,Home & Housework,H,,,,
w0557,花园,huāyuán,3,garden,8,Home & Housework,H,,,,
w0584,冰箱,bīngxiāng,3,refrigerator,8,Home & Housework,H,,,,
w0590,空调,kōngtiáo,3,air conditioner,8,Home & Housework,H,,,,
w0605,打扫,dǎsǎo,3,clean; sweep,8,Home & Housework,H,,,,
w0619,洗手间,xǐshǒujiān,3,toilet; washroom; bathroom,8,Home & Housework,H,,,,
w0921,墙,qiáng,4,wall,8,Home & Housework,H,,,,
w0924,修,xiū,4,to decorate; to embellish; to repair,8,Home & Housework,H,,,,
w0945,擦,cā,4,rub or wipe in order to clean,8,Home & Housework,H,,,,
w1040,整理,zhěnglǐ,4,put in order; arrange,8,Home & Housework,M,,9,,
w1082,收拾,shōushi,4,put in order; tidy; clear away,8,Home & Housework,H,,,,
w1085,钥匙,yàoshi,4,key (to a lock),8,Home & Housework,H,,,,
w1088,厕所,cèsuǒ,4,toilet; bathroom; washroom,8,Home & Housework,H,,,,
w1116,沙发,shāfā,4,sofa; upholstered arm chair,8,Home & Housework,H,,,,
w1133,窗户,chuānghu,4,window,8,Home & Housework,H,,,,
w1136,家具,jiājù,4,furniture,8,Home & Housework,H,,,,
w1166,镜子,jìngzi,4,mirror; glass,8,Home & Housework,M,,11,,
w1180,客厅,kètīng,4,living room,8,Home & Housework,H,,,,
w1184,修理,xiūlǐ,4,mend; repair,8,Home & Housework,H,,,,
w1193,盒子,hézi,4,box,8,Home & Housework,H,,,,
w1201,毛巾,máojīn,4,towel,8,Home & Housework,H,,,,
w1203,瓶子,píngzi,4,bottle,8,Home & Housework,M,,6,,
w1213,卫生间,wèishēngjiān,4,toilet; bathroom; lavatory,8,Home & Housework,H,,,,
w1237,房东,fángdōng,4,landlord; landlady,8,Home & Housework,H,,,,
w1245,信封,xìnfēng,4,envelope,8,Home & Housework,L,CHECK,29,,"stationery/mail item, no clear topic"
w1248,洗衣机,xǐyījī,4,washing machine; washer,8,Home & Housework,H,,,,
w1254,垃圾桶,lājītǒng,4,trash can,8,Home & Housework,H,,,,
w1522,摆,bǎi,5,put; arrange,8,Home & Housework,M,,9,,
w1559,滴,dī,5,drop; drip,8,Home & Housework,L,CHECK,14,3,liquid unit unclear context
w1589,盖,gài,5,cover,8,Home & Housework,H,,,,
w1681,玻璃,bōli,5,glass,8,Home & Housework,M,,24,,
w1691,锁,suǒ,5,to lock; to lock up; a lock,8,Home & Housework,H,,,,
w1744,公寓,gōngyù,5,apartment,8,Home & Housework,H,,,,
w1833,拆,chāi,5,demolish; tear open; take apart,8,Home & Housework,H,,,,
w1893,装饰,zhuāngshì,5,to decorate; decoration; decorative,8,Home & Housework,H,,,,
w1974,舒适,shūshì,5,cozy; snug,8,Home & Housework,M,,24,,
w1979,漏,lòu,5,to leak; to divulge; to leave out by mistake,8,Home & Housework,M,,29,,
w1980,屋子,wūzi,5,house; room,8,Home & Housework,H,,,,
w2010,卧室,wòshì,5,bedroom,8,Home & Housework,H,,,,
w2153,盆,pén,5,basin; flower pot,8,Home & Housework,H,,,,
w2163,铃,líng,5,(small) bell,8,Home & Housework,M,,24,,
w2167,洒,sǎ,5,to sprinkle; to spray; to spill,8,Home & Housework,M,,9,,
w2201,地毯,dìtǎn,5,carpet; rug,8,Home & Housework,H,,,,
w2212,阳台,yángtái,5,balcony; porch,8,Home & Housework,H,,,,
w2234,枕头,zhěntou,5,pillow,8,Home & Housework,H,,,,
w2237,绳子,shéngzi,5,cord; string; rope,8,Home & Housework,M,,24,,
w2268,浇,jiāo,5,to pour liquid; to irrigate (using waterwheel); to water,8,Home & Housework,M,,15,,
w2275,蜡烛,làzhú,5,candle,8,Home & Housework,H,,,,
w2277,单元,dānyuán,5,unit,8,Home & Housework,L,CHECK,16,,unit: building vs lesson unclear
w2295,被子,bèizi,5,quilt,8,Home & Housework,H,,,,
w2296,车库,chēkù,5,garage,8,Home & Housework,H,,,,
w2336,家务,jiāwù,5,household duties; housework,8,Home & Housework,H,,,,
w2339,窗帘,chuānglián,5,curtain,8,Home & Housework,H,,,,
w2348,剪刀,jiǎndāo,5,scissors,8,Home & Housework,H,,,,
w2361,抽屉,chōuti,5,drawer,8,Home & Housework,H,,,,
w2372,灰尘,huīchén,5,dust,8,Home & Housework,H,,,,
w2385,肥皂,féizào,5,soap,8,Home & Housework,H,,,,
w2412,火柴,huǒchái,5,match (for lighting fire),8,Home & Housework,H,,,,
w2434,管子,guǎnzi,5,pipe; tube,8,Home & Housework,H,,,,
w2476,书架,shūjià,5,bookshelf,8,Home & Housework,H,,,,
w2499,夹子,jiāzi,5,clip; clamp; tongs,8,Home & Housework,M,,16,,
w2518,扇子,shànzi,5,fan,8,Home & Housework,H,,,,
w2596,砸,zá,6,smash; hit,8,Home & Housework,M,,9,,
w2667,清理,qīnglǐ,6,clean up,8,Home & Housework,H,,,,
w2836,居住,jūzhù,6,live,8,Home & Housework,H,,13,,
w2917,维修,wéixiū,6,service,8,Home & Housework,M,,12,,
w2936,别墅,biéshù,6,villa,8,Home & Housework,H,,,,
w2943,清洁,qīngjié,6,clean,8,Home & Housework,H,,,,
w2959,布置,bùzhì,6,fix up; arrange; assign,8,Home & Housework,M,,17,,
w2978,修复,xiūfù,6,repair,8,Home & Housework,M,,27,,
w2979,清除,qīngchú,6,remove; clear up,8,Home & Housework,M,,9,,
w3058,住宅,zhùzhái,6,residence,8,Home & Housework,H,,,,
w3151,走廊,zǒuláng,6,corridor; aisle; passage,8,Home & Housework,M,,13,,
w3159,水泥,shuǐní,6,cement,8,Home & Housework,M,,27,,
w3166,回收,huíshōu,6,retrieve; recover,8,Home & Housework,M,,15,,
w3181,垫,diàn,6,pad; mat; put sth. under sth. else to raise it or make it level,8,Home & Housework,H,,,,
w3191,电源,diànyuán,6,power supply; power source,8,Home & Housework,H,,,,
w3407,损坏,sǔnhuài,6,damage,8,Home & Housework,M,,24,,
w3585,塌,tā,6,collapse,8,Home & Housework,H,,,,
w3587,把手,bǎshǒu,6,handle,8,Home & Housework,H,,,,
w3612,容器,róngqì,6,container,8,Home & Housework,H,,,,
w3644,储存,chǔcún,6,lay in; lay up; store up,8,Home & Housework,H,,,,
w3645,修建,xiūjiàn,6,build,8,Home & Housework,M,,17,,
w3807,过滤,guòlǜ,6,filter; filtrate,8,Home & Housework,M,,27,,
w3846,锤,chuí,6,hammer; hammer into shape,8,Home & Housework,M,,24,,
w3870,油漆,yóuqī,6,paint; oil paint,8,Home & Housework,H,,,,
w3944,床单,chuángdān,6,sheet; bedclothes,8,Home & Housework,H,,,,
w4071,钩子,gōuzi,6,hook,8,Home & Housework,M,,24,,
w4074,宽敞,kuānchang,6,spacious,8,Home & Housework,H,,,,
w4221,熄灭,xīmiè,6,extinguish,8,Home & Housework,M,,9,,
w4286,悬挂,xuánguà,6,suspend,8,Home & Housework,M,,9,,
w4340,晾,liàng,6,dry in the air,8,Home & Housework,H,,,,
w4512,筐,kuāng,6,basketful; basket,8,Home & Housework,H,,,,
w4525,水龙头,shuǐlóngtóu,6,faucet; tap,8,Home & Housework,H,,,,
w4705,熨,yùn,6,to iron,8,Home & Housework,H,,,,
w4707,落成,luòchéng,6,a construction project be completed,8,Home & Housework,M,,13,,
w4954,螺丝钉,luósīdīng,6,screw,8,Home & Housework,H,,,,
w4982,炉灶,lúzào,6,kitchen range; range,8,Home & Housework,H,,,,
w5028,砖瓦,zhuānwǎ,6,tile,8,Home & Housework,H,,,,
w0021,来,lái,1,come; used to indicate some action,9,Daily Routine,H,,,,
w0023,去,qù,1,"go; leave; used after a verb, indicating the tendency of the action",9,Daily Routine,H,,,,
w0029,看,kàn,1,look; watch; read,9,Daily Routine,H,,,,
w0030,做,zuò,1,make; produce; be,9,Daily Routine,H,,,,
w0055,听,tīng,1,hear; listen; obey,9,Daily Routine,H,,,,
w0056,开,kāi,1,drive; open; found,9,Daily Routine,M,,12,,
w0061,回,huí,1,go back; number of times,9,Daily Routine,M,,3,,
w0105,看见,kànjiàn,1,see,9,Daily Routine,H,,,,
w0113,睡觉,shuìjiào,1,sleep; go to bed,9,Daily Routine,H,,,,
w0161,到,dào,2,arrive; reach,9,Daily Routine,M,,13,,
w0163,还,huán,2,return sth to the owner,9,Daily Routine,M,,7,,
w0177,等,děng,2,wait; and so on; et cetera,9,Daily Routine,H,,,,
w0178,出,chū,2,exit; go out; happen,9,Daily Routine,M,,13,,
w0185,走,zǒu,2,walk; go on foot; leave,9,Daily Routine,M,,12,,
w0193,找,zhǎo,2,seek; look for,9,Daily Routine,M,,29,,
w0217,进,jìn,2,enter,9,Daily Routine,H,,,,
w0263,休息,xiūxi,2,relax; have a rest; take a break,9,Daily Routine,H,,,,
w0264,洗,xǐ,2,wash; develop and print (a picture),9,Daily Routine,H,,,,
w0289,起床,qǐchuáng,2,rise (from bed); get up,9,Daily Routine,H,,,,
w0338,带,dài,3,carry; take; bring,9,Daily Routine,H,,,,
w0356,放,fàng,3,put; place,9,Daily Routine,H,,,,
w0357,拿,ná,3,hold; take,9,Daily Routine,H,,,,
w0371,站,zhàn,3,stand; distance between two bus stops,9,Daily Routine,M,,12,,
w0441,试,shì,3,try,9,Daily Routine,M,,29,,
w0465,关,guān,3,close; turn off,9,Daily Routine,H,,,,
w0477,习惯,xíguàn,3,be accustomed to; be/get used to; habit,9,Daily Routine,H,,,,
w0550,刷,shuā,3,to brush; to paint; to daub,9,Daily Routine,M,,8,,
w0563,洗澡,xǐzǎo,3,take a bath; bathe; take a shower,9,Daily Routine,H,,,,
w0576,刮,guā,3,to scrape; to blow; to shave,9,Daily Routine,M,,14,,
w0621,刷牙,shuāyá,3,clean one's teeth; brush one's teeth,9,Daily Routine,H,,,,
w0681,拉,lā,4,pull,9,Daily Routine,M,,24,,
w0691,掉,diào,4,fall,9,Daily Routine,M,,24,,
w0721,留,liú,4,stay,9,Daily Routine,M,,12,,
w0737,倒,dǎo,4,fall; lie down,9,Daily Routine,M,,24,,
w0746,收,shōu,4,receive; accept,9,Daily Routine,M,,7,,
w0763,梦,mèng,4,dream; have a dream while sleeping,9,Daily Routine,M,,20,,
w0769,弄,nòng,4,do; manage; handle,9,Daily Routine,M,,29,,
w0787,经历,jīnglì,4,go through; experience; undergo,9,Daily Routine,M,,29,,
w0798,挂,guà,4,suspend; hang; hang up,9,Daily Routine,M,,18,,
w0812,照,zhào,4,look (into the mirror),9,Daily Routine,H,,,,
w0820,取,qǔ,4,take; get,9,Daily Routine,H,,,,
w0840,推,tuī,4,push,9,Daily Routine,H,,,,
w0863,醒,xǐng,4,wake; wake up,9,Daily Routine,H,,,,
w0904,丢,diū,4,lose,9,Daily Routine,H,,,,
w0932,困,kùn,4,feel sleepy,9,Daily Routine,H,,,,
w0934,躺,tǎng,4,lie down; recline,9,Daily Routine,H,,,,
w0997,举,jǔ,4,lift; hold up,9,Daily Routine,L,CHECK,19,,generic lift verb; no clear topic
w1006,扔,rēng,4,throw away; cast aside,9,Daily Routine,H,,,,
w1051,寄,jì,4,mail,9,Daily Routine,H,,,,
w1098,抬,tái,4,lift; raise; move,9,Daily Routine,H,,,,
w1124,敲,qiāo,4,knock; beat; strike,9,Daily Routine,H,,,,
w1140,排队,páiduì,4,line up,9,Daily Routine,M,,7,,
w1171,抽烟,chōuyān,4,smoke a cigarette,9,Daily Routine,M,,10,,
w1188,散步,sànbù,4,take a walk; go for a walk,9,Daily Routine,H,,,,
w1236,牙膏,yágāo,4,toothpaste,9,Daily Routine,H,,,,
w1293,搞,gǎo,5,do,9,Daily Routine,M,,29,,
w1307,拍,pāi,5,to pat; to clap; to slap,9,Daily Routine,M,,19,,
w1338,倒,dào,5,pour; move backward; turn upside down,9,Daily Routine,M,,24,,
w1410,冲,chōng,5,rush,9,Daily Routine,M,,12,,
w1422,翻,fān,5,turn over; look through,9,Daily Routine,M,,24,,
w1438,寻找,xúnzhǎo,5,to seek; to look for,9,Daily Routine,H,,,,
w1462,等待,děngdài,5,wait; await,9,Daily Routine,H,,,,
w1473,背,bēi,5,carry on the back,9,Daily Routine,M,,10,,
w1550,赶紧,gǎnjǐn,5,hastily,9,Daily Routine,M,,29,,
w1551,移动,yídòng,5,to move; movement; migration,9,Daily Routine,M,,24,,
w1684,咬,yǎo,5,to bite; to nip,9,Daily Routine,M,,10,,
w1710,摸,mō,5,to feel with the hand; to touch; to stroke,9,Daily Routine,H,,,,
w1733,插,chā,5,insert,9,Daily Routine,L,CHECK,8,,"generic action, context unclear"
w1763,瞧,qiáo,5,to look at; to see; to see (a doctor),9,Daily Routine,H,,,,
w1771,踩,cǎi,5,step on,9,Daily Routine,H,,,,
w1778,摇,yáo,5,to shake; to rock; to row,9,Daily Routine,H,,,,
w1793,关闭,guānbì,5,close; shut down,9,Daily Routine,H,,,,
w1799,挡,dǎng,5,keep off; block,9,Daily Routine,L,CHECK,12,,block/ward off; no clear topic
w1832,砍,kǎn,5,to chop; to cut down; to throw sth at sb,9,Daily Routine,M,,24,,
w1872,甩,shuǎi,5,to throw; to fling; to swing,9,Daily Routine,M,,24,,
w1898,蹲,dūn,5,squat,9,Daily Routine,M,,10,,
w1902,牵,qiān,5,to lead along; to pull (an animal on a tether); to involve,9,Daily Routine,M,,22,,
w1921,挥,huī,5,to wave; to brandish; to command,9,Daily Routine,M,,29,,
w1944,捡,jiǎn,5,to pick up; to collect; to gather,9,Daily Routine,H,,,,
w1999,扶,fú,5,help sb. up,9,Daily Routine,M,,10,,
w2022,闯,chuǎng,5,rush,9,Daily Routine,L,CHECK,,,"generic action verb, context unclear"
w2074,日常,rìcháng,5,day-to-day; daily; everyday,9,Daily Routine,H,,,,
w2135,撕,sī,5,to tear,9,Daily Routine,M,,24,,
w2164,点头,diǎntóu,5,nod,9,Daily Routine,M,,21,,
w2168,等候,děnghòu,5,wait,9,Daily Routine,H,,,,
w2227,歇,xiē,5,to rest; to take a break; to stop,9,Daily Routine,H,,,,
w2242,递,dì,5,pass,9,Daily Routine,H,,,,
w2474,躲藏,duǒcáng,5,hide,9,Daily Routine,H,,,,
w2524,粘贴,zhāntiē,5,to stick; to affix; to adhere,9,Daily Routine,M,,18,,
w2538,使劲儿,shǐjìnr,5,to exert all one's strength,9,Daily Routine,M,,10,,
w2625,端,duān,6,hold sth. level with both hands,9,Daily Routine,H,,,,
w2629,盯,dīng,6,fix one's eyes on; gaze at; stare at,9,Daily Routine,H,,,,
w2686,蒙,méng,6,cover; overspread; encounter,9,Daily Routine,L,CHECK,29,,vague verb: cover vs encounter
w2730,清醒,qīngxǐng,6,wide awake; sober,9,Daily Routine,M,,10,,
w2759,扎,zhā,6,tie; stab,9,Daily Routine,L,CHECK,26,,unrelated senses: tie vs stab
w2872,跨,kuà,6,step; stride,9,Daily Routine,M,,12,,
w2878,跌,diē,6,fall; tumble,9,Daily Routine,M,,25,,
w2882,放手,fàngshǒu,6,let go; release; let go one's hold,9,Daily Routine,M,,22,,
w2923,扑,pū,6,flutter; rush; throw oneself on,9,Daily Routine,M,,29,,
w2955,割,gē,6,cut; mow,9,Daily Routine,H,,,,
w2963,吊,diào,6,hang,9,Daily Routine,M,,8,,
w2985,捏,niē,6,pinch,9,Daily Routine,H,,,,
w3016,掏,tāo,6,take out,9,Daily Routine,H,,,,
w3017,趴,pā,6,lie; lean on,9,Daily Routine,H,,,,
w3072,跪,guì,6,kneel; go down on one's knees,9,Daily Routine,M,,28,,
w3116,捞,lāo,6,drag for,9,Daily Routine,M,,15,,
w3138,溜,liū,6,slip; slide,9,Daily Routine,M,,24,,
w3180,迈,mài,6,step; stride; pass,9,Daily Routine,M,,24,,
w3215,捧,pěng,6,hold or carry in both hands,9,Daily Routine,H,,,,
w3271,拽,zhuài,6,drag,9,Daily Routine,H,,,,
w3278,跟随,gēnsuí,6,follow; go after,9,Daily Routine,M,,22,,
w3313,折腾,zhēteng,6,toss,9,Daily Routine,M,,20,,
w3350,随身,suíshēn,6,(take) with,9,Daily Routine,M,,12,,
w3422,掐,qiā,6,pinch,9,Daily Routine,H,,,,
w3425,保管,bǎoguǎn,6,take care of; put sth. Under one's custody,9,Daily Routine,M,,8,,
w3442,舔,tiǎn,6,lick,9,Daily Routine,H,,,,
w3447,拾,shí,6,pick up,9,Daily Routine,H,,,,
w3472,拧,níng,6,twist; wring,9,Daily Routine,M,,8,,
w3491,注视,zhùshì,6,watch,9,Daily Routine,H,,,,
w3496,目睹,mùdǔ,6,witness,9,Daily Routine,M,,26,,
w3507,奔驰,bēnchí,6,run quickly; gallop,9,Daily Routine,M,,19,,
w3526,扛,káng,6,carry on the shoulder,9,Daily Routine,H,,,,
w3555,敞开,chǎngkāi,6,open; open wide,9,Daily Routine,H,,,,
w3556,挪,nuó,6,move; shift,9,Daily Routine,M,,24,,
w3565,劈,pī,6,hack; chop; wedge,9,Daily Routine,M,,24,,
w3610,泼,pō,6,splash,9,Daily Routine,H,,,,
w3624,扒,bā,6,dig up; cling to; find,9,Daily Routine,L,CHECK,,,unclear sense; dig or cling
w3629,徘徊,páihuái,6,pace up and down,9,Daily Routine,H,,,,
w3688,揉,róu,6,knead; rub,9,Daily Routine,H,,,,
w3766,当心,dāngxīn,6,be careful,9,Daily Routine,M,,20,,
w3783,溅,jiàn,6,splash,9,Daily Routine,M,,15,,
w3789,叼,diāo,6,hold in the mouth,9,Daily Routine,H,,,,
w3791,磕,kē,6,knock,9,Daily Routine,M,,10,,
w3839,眨,zhǎ,6,blink; wink,9,Daily Routine,M,,10,,
w3929,沐浴,mùyù,6,bath,9,Daily Routine,H,,,,
w4005,搓,cuō,6,twist; rub,9,Daily Routine,M,,24,,
w4040,掰,bāi,6,break off with hands,9,Daily Routine,M,,6,,
w4059,苏醒,sūxǐng,6,wake; awake,9,Daily Routine,H,,,,
w4080,奔波,bēnbō,6,rush about,9,Daily Routine,M,,24,,
w4087,伺候,cìhou,6,serve; wait; wait upon,9,Daily Routine,M,,5,,
w4141,捎,shāo,6,take along,9,Daily Routine,H,,,,
w4188,搁,gē,6,put,9,Daily Routine,H,,,,
w4192,捆绑,kǔnbǎng,6,tie up; bind,9,Daily Routine,M,,26,,
w4242,摇晃,yáohuàng,6,shake; rock,9,Daily Routine,M,,24,,
w4254,凝视,níngshì,6,gaze; stare,9,Daily Routine,M,,23,,
w4344,践踏,jiàntà,6,tread on,9,Daily Routine,M,,29,,
w4794,作息,zuòxī,6,work and rest,9,Daily Routine,H,,,,
w4821,挎,kuà,6,carry on the arm,9,Daily Routine,H,,,,
w4911,搀,chān,6,mix; help sb. by the arm,9,Daily Routine,M,,10,,
w4941,东张西望,dōngzhāng-xīwàng,6,look around,9,Daily Routine,H,,,,
w0090,医院,yīyuàn,1,hospital,10,Body & Health,H,,,,
w0102,医生,yīshēng,1,doctor; surgeon,10,Body & Health,H,,,,
w0241,药,yào,2,medicine,10,Body & Health,H,,,,
w0243,身体,shēntǐ,2,body (of a human or animal),10,Body & Health,H,,,,
w0248,眼睛,yǎnjing,2,eye,10,Body & Health,H,,,,
w0262,累,lèi,2,tired; fatigued,10,Body & Health,M,,20,,
w0301,生病,shēngbìng,2,fall sick; fall ill; get ill,10,Body & Health,H,,,,
w0406,脸,liǎn,3,face,10,Body & Health,H,,,,
w0407,口,kǒu,3,used for people and some animals; mouth,10,Body & Health,M,,3,,
w0413,检查,jiǎnchá,3,inspect; check; examine,10,Body & Health,M,,29,,
w0445,健康,jiànkāng,3,healthy,10,Body & Health,H,,,,
w0456,脚,jiǎo,3,foot,10,Body & Health,H,,,,
w0459,嘴,zuǐ,3,mouth,10,Body & Health,H,,,,
w0472,腿,tuǐ,3,leg,10,Body & Health,H,,,,
w0486,饿,è,3,hungry,10,Body & Health,M,,6,,
w0497,疼,téng,3,ache; hurt,10,Body & Health,H,,,,
w0558,耳朵,ěrduo,3,ear,10,Body & Health,H,,,,
w0561,鼻子,bízi,3,nose,10,Body & Health,H,,,,
w0567,感冒,gǎnmào,3,have/catch a cold,10,Body & Health,H,,,,
w0602,发烧,fāshāo,3,have a fever,10,Body & Health,H,,,,
w0645,死,sǐ,4,die,10,Body & Health,H,,,,
w0708,指,zhǐ,4,point to,10,Body & Health,M,,9,,
w0720,生命,shēngmìng,4,life,10,Body & Health,M,,28,,
w0727,血,xuè,4,blood,10,Body & Health,H,,,,
w0937,皮肤,pífū,4,skin,10,Body & Health,H,,,,
w1044,肚子,dùzi,4,belly; abdomen; stomach,10,Body & Health,H,,,,
w1105,难受,nánshòu,4,feel unwell; feel ill; suffer pain,10,Body & Health,M,,20,,
w1111,护士,hùshi,4,nurse,10,Body & Health,H,,,,
w1122,减肥,jiǎnféi,4,lose weight,10,Body & Health,H,,,,
w1142,汗,hàn,4,sweat,10,Body & Health,H,,,,
w1169,力气,lìqi,4,(physical) strength; might; force,10,Body & Health,H,,,,
w1192,大夫,dàifu,4,doctor; physician; surgeon,10,Body & Health,H,,,,
w1208,咳嗽,késou,4,cough,10,Body & Health,H,,,,
w1259,打针,dǎzhēn,4,give or have an injection,10,Body & Health,H,,,,
w1324,治疗,zhìliáo,5,to treat (an illness); medical treatment; therapy,10,Body & Health,H,,,,
w1363,手术,shǒushù,5,(surgical) operation; surgery,10,Body & Health,H,,,,
w1395,救,jiù,5,to save; to assist; to rescue,10,Body & Health,M,,26,,
w1396,恢复,huīfù,5,to reinstate; to resume; to restore,10,Body & Health,M,,29,,
w1441,受伤,shòushāng,5,to sustain injuries; wounded (in an accident etc); harmed,10,Body & Health,H,,,,
w1474,背,bèi,5,back; to recite,10,Body & Health,M,,16,,
w1547,吐,tǔ,5,"to spit; to send out (silk from a silkworm, bolls from cotton flowers etc)",10,Body & Health,H,,,,
w1553,呼吸,hūxī,5,to breathe,10,Body & Health,H,,,,
w1565,紧急,jǐnjí,5,urgent; emergency,10,Body & Health,M,,24,,
w1600,病毒,bìngdú,5,virus,10,Body & Health,M,,18,,
w1611,胸,xiōng,5,chest; bosom; heart,10,Body & Health,H,,,,
w1618,神经,shénjīng,5,nerve; mental state; unhinged,10,Body & Health,H,,,,
w1700,心脏,xīnzàng,5,heart,10,Body & Health,H,,,,
w1714,脑袋,nǎodai,5,head; skull; brains,10,Body & Health,H,,,,
w1745,弱,ruò,5,weak; feeble; young,10,Body & Health,M,,24,,
w1752,晕,yūn,5,confused; dizzy; giddy,10,Body & Health,H,,,,
w1758,诊断,zhěnduàn,5,to diagnose,10,Body & Health,H,,,,
w1768,胃,wèi,5,stomach,10,Body & Health,H,,,,
w1804,摔,shuāi,5,to throw down; to fall; to drop and break,10,Body & Health,H,,,,
w1806,手指,shǒuzhǐ,5,finger,10,Body & Health,H,,,,
w1820,腰,yāo,5,waist; lower back; pocket,10,Body & Health,H,,,,
w1825,肺,fèi,5,lungs,10,Body & Health,H,,,,
w1837,精力,jīnglì,5,energy,10,Body & Health,H,,,,
w1853,脖子,bózi,5,neck,10,Body & Health,H,,,,
w1855,肌肉,jīròu,5,muscle; flesh,10,Body & Health,H,,,,
w1916,瞎,xiā,5,blind; groundlessly; foolishly,10,Body & Health,M,,29,,
w1985,伸,shēn,5,to stretch; to extend,10,Body & Health,M,,9,,
w1992,姿势,zīshì,5,posture; position,10,Body & Health,M,,19,,
w2002,肩膀,jiānbǎng,5,shoulder,10,Body & Health,H,,,,
w2076,预防,yùfáng,5,to prevent; to take precautions against; to protect,10,Body & Health,H,,,,
w2085,胳膊,gēbo,5,arm,10,Body & Health,H,,,,
w2105,消化,xiāohuà,5,to digest (food); (fig.) to absorb (information etc); to assimilate,10,Body & Health,H,,,,
w2116,过敏,guòmǐn,5,have an allergic reaction,10,Body & Health,H,,,,
w2119,骨头,gǔtou,5,bone,10,Body & Health,H,,,,
w2121,睁,zhēng,5,to open (one's eyes),10,Body & Health,H,,,,
w2130,缓解,huǎnjiě,5,to bring relief; to alleviate (a crisis); to dull (a pain),10,Body & Health,M,,29,,
w2178,舌头,shétou,5,tongue; enemy soldier captured for the purpose of extracting information,10,Body & Health,H,,,,
w2236,失眠,shīmián,5,to suffer from insomnia,10,Body & Health,H,,,,
w2239,传染,chuánrǎn,5,infect,10,Body & Health,H,,,,
w2244,痒,yǎng,5,to itch; to tickle,10,Body & Health,H,,,,
w2245,疲劳,píláo,5,fatigue; wearily; weariness,10,Body & Health,H,,,,
w2285,嗓子,sǎngzi,5,throat; voice,10,Body & Health,H,,,,
w2289,救护车,jiùhùchē,5,ambulance,10,Body & Health,M,,12,,
w2325,残疾,cánjí,5,physical disabled,10,Body & Health,H,,,,
w2333,眉毛,méimao,5,eyebrow,10,Body & Health,H,,,,
w2390,寿命,shòumìng,5,life span; life expectancy; lifetime (of a machine),10,Body & Health,M,,4,,
w2423,戒烟,jièyān,5,to give up smoking,10,Body & Health,H,,,,
w2446,内科,nèikē,5,internal medicine; general medicine,10,Body & Health,H,,,,
w2496,打喷嚏,dǎpēntì,5,sneeze,10,Body & Health,H,,,,
w2509,着凉,zháoliáng,5,to catch cold,10,Body & Health,H,,,,
w2528,挂号,guàhào,5,register (at a hospital),10,Body & Health,H,,,,
w2551,死亡,sǐwáng,6,dead; death,10,Body & Health,H,,,,
w2595,感染,gǎnrǎn,6,infect,10,Body & Health,H,,,,
w2613,疾病,jíbìng,6,disease; illness,10,Body & Health,H,,,,
w2628,恶心,ěxīn,6,feel sick,10,Body & Health,H,,,,
w2631,尸体,shītǐ,6,corpse,10,Body & Health,H,,,,
w2639,症状,zhèngzhuàng,6,symptom,10,Body & Health,H,,,,
w2641,患者,huànzhě,6,patient,10,Body & Health,H,,,,
w2710,活力,huólì,6,vigour; energy,10,Body & Health,M,,20,,
w2715,屁股,pìgu,6,arse; ass; buttock,10,Body & Health,H,,,,
w2718,注射,zhùshè,6,inject,10,Body & Health,H,,,,
w2721,肿瘤,zhǒngliú,6,tumor,10,Body & Health,H,,,,
w2831,按摩,ànmó,6,massage,10,Body & Health,H,,,,
w2874,临床,línchuáng,6,clinic,10,Body & Health,H,,,,
w2881,目光,mùguāng,6,sight; vision,10,Body & Health,M,,24,,
w2954,免疫,miǎnyì,6,immunity,10,Body & Health,H,,,,
w2968,癌症,áizhèng,6,cancer,10,Body & Health,H,,,,
w2969,部位,bùwèi,6,position,10,Body & Health,H,,,,
w2984,器官,qìguān,6,organ,10,Body & Health,H,,,,
w3025,浑身,húnshēn,6,from head to foot; all over,10,Body & Health,H,,,,
w3068,隔离,gélí,6,insulate; quarantine,10,Body & Health,H,,,,
w3074,细菌,xìjūn,6,bacterial,10,Body & Health,H,,,,
w3095,生理,shēnglǐ,6,physiological,10,Body & Health,H,,,,
w3099,脂肪,zhīfáng,6,fat,10,Body & Health,H,,,,
w3118,动脉,dòngmài,6,artery,10,Body & Health,H,,,,
w3132,血压,xuèyā,6,blood pressure,10,Body & Health,H,,,,
w3153,嘴唇,zuǐchún,6,lip,10,Body & Health,H,,,,
w3163,膝盖,xīgài,6,knee,10,Body & Health,H,,,,
w3176,喉咙,hóulóng,6,throat,10,Body & Health,H,,,,
w3252,呕吐,ǒutù,6,vomit,10,Body & Health,H,,,,
w3258,性命,xìngmìng,6,life,10,Body & Health,M,,29,,
w3262,麻醉,mázuì,6,anaesthetize,10,Body & Health,H,,,,
w3279,昏迷,hūnmí,6,stupor; coma,10,Body & Health,H,,,,
w3289,抢救,qiǎngjiù,6,rescue; save; salvage,10,Body & Health,M,,26,,
w3290,发育,fāyù,6,development; growth,10,Body & Health,H,,,,
w3312,丸,wán,6,pill; pellet; a round mass of food,10,Body & Health,H,,,,
w3336,愈,yù,6,heal; recover; more,10,Body & Health,H,,,,
w3389,消毒,xiāodú,6,disinfect; sterilize,10,Body & Health,M,,8,,
w3415,维生素,wéishēngsù,6,vitamins,10,Body & Health,M,,6,,
w3421,臂,bì,6,arm,10,Body & Health,H,,,,
w3427,视力,shìlì,6,sight,10,Body & Health,H,,,,
w3446,副作用,fùzuòyòng,6,side effect,10,Body & Health,H,,,,
w3475,健全,jiànquán,6,sound,10,Body & Health,M,,26,,
w3511,拳头,quántou,6,fist,10,Body & Health,H,,,,
w3605,瘫痪,tānhuàn,6,paralysis,10,Body & Health,H,,,,
w3617,苍白,cāngbái,6,pale; pallid,10,Body & Health,H,,,,
w3655,分泌,fēnmì,6,secrete,10,Body & Health,H,,,,
w3678,麻痹,mábì,6,benumb; paralyze; paralysis,10,Body & Health,H,,,,
w3717,饥饿,jī'è,6,hunger; starvation,10,Body & Health,M,,6,,
w3720,门诊,ménzhěn,6,outpatient,10,Body & Health,H,,,,
w3729,慢性,mànxìng,6,chronic; slow in taking effect,10,Body & Health,H,,,,
w3762,麻木,mámù,6,numb; anaesthetic,10,Body & Health,H,,,,
w3767,衰老,shuāilǎo,6,senesce,10,Body & Health,H,,,,
w3788,疤,bā,6,scar,10,Body & Health,H,,,,
w3810,知觉,zhījué,6,perception; consciousness,10,Body & Health,M,,29,,
w3815,化验,huàyàn,6,assay,10,Body & Health,H,,,,
w3826,保养,bǎoyǎng,6,take good care of one's health; keep fit,10,Body & Health,H,,,,
w3880,四肢,sìzhī,6,four limbs,10,Body & Health,H,,,,
w3914,僵硬,jiāngyìng,6,stiff,10,Body & Health,M,,24,,
w3930,口腔,kǒuqiāng,6,oral cavity; mouth cavity,10,Body & Health,H,,,,
w3952,上瘾,shàngyǐn,6,be addicted (to sth.),10,Body & Health,M,,19,,
w3998,疲倦,píjuàn,6,weary; tired,10,Body & Health,M,,20,,
w4038,脉搏,màibó,6,pulse,10,Body & Health,H,,,,
w4044,照料,zhàoliào,6,take care of,10,Body & Health,M,,5,,
w4089,鼻涕,bítì,6,nasal mucus; nasal discharge; snivel,10,Body & Health,H,,,,
w4162,呻吟,shēnyín,6,moan; groan,10,Body & Health,H,,,,
w4179,腹泻,fùxiè,6,diarrhea,10,Body & Health,H,,,,
w4217,酗酒,xùjiǔ,6,alcohol abuse,10,Body & Health,M,,6,,
w4331,胸膛,xiōngtáng,6,chest,10,Body & Health,H,,,,
w4332,眯,mī,6,narrow; squint at,10,Body & Health,M,,9,,
w4378,耸,sǒng,6,shrug,10,Body & Health,H,,,,
w4439,嗅觉,xiùjué,6,smell,10,Body & Health,H,,,,
w4443,拐杖,guǎizhàng,6,crutch; walking stick,10,Body & Health,H,,,,
w4448,新陈代谢,xīnchén-dàixiè,6,metabolism,10,Body & Health,H,,,,
w4498,气色,qìsè,6,color; complexion,10,Body & Health,H,,,,
w4504,防治,fángzhì,6,prevention and cure,10,Body & Health,H,,,,
w4514,发炎,fāyán,6,inflame,10,Body & Health,H,,,,
w4527,喘气,chuǎnqì,6,pant; gasp,10,Body & Health,H,,,,
w4562,休养,xiūyǎng,6,recuperate,10,Body & Health,H,,,,
w4604,颈椎,jǐngzhuī,6,cervical vertebra,10,Body & Health,H,,,,
w4649,瘸,qué,6,lame,10,Body & Health,H,,,,
w4650,腮,sāi,6,cheek,10,Body & Health,H,,,,
w4658,近视,jìnshì,6,myopia; shortsightedness,10,Body & Health,H,,,,
w4675,摄取,shèqǔ,6,absorb,10,Body & Health,M,,29,,
w4685,疙瘩,gēda,6,a swelling on the skin; pimple; lump,10,Body & Health,H,,,,
w4741,唾沫,tuòmo,6,spittle,10,Body & Health,H,,,,
w4778,哆嗦,duōsuo,6,tremble; shiver,10,Body & Health,M,,20,,
w4826,拄,zhǔ,6,lean on,10,Body & Health,M,,9,,
w4909,聋哑,lóngyǎ,6,deaf and dumb; deaf-mute,10,Body & Health,H,,,,
w4916,防疫,fángyì,6,epidemic prevention,10,Body & Health,H,,,,
w5019,俯仰,fǔyǎng,6,pitch,10,Body & Health,L,CHECK,24,,"rare word, unclear register"
w0110,漂亮,piàoliang,1,good-looking; pretty; beautiful,11,Clothes & Appearance,H,,,,
w0126,衣服,yīfu,1,clothing; clothes; dress,11,Clothes & Appearance,H,,,,
w0231,穿,chuān,2,wear; put on,11,Clothes & Appearance,H,,,,
w0306,手表,shǒubiǎo,2,wrist watch; watch,11,Clothes & Appearance,M,,4,,
w0424,包,bāo,3,bag,11,Clothes & Appearance,H,,,,
w0476,鞋,xié,3,shoe,11,Clothes & Appearance,H,,,,
w0491,头发,tóufa,3,hair,11,Clothes & Appearance,H,,,,
w0531,胖,pàng,3,fat; get fat,11,Clothes & Appearance,M,,24,,
w0538,瘦,shòu,3,thin; emaciated; lean,11,Clothes & Appearance,M,,24,,
w0565,帽子,màozi,3,hat; cap,11,Clothes & Appearance,H,,,,
w0572,裤子,kùzi,3,trousers; pants,11,Clothes & Appearance,H,,,,
w0578,矮,ǎi,3,"short, low",11,Clothes & Appearance,H,,,,
w0580,眼镜,yǎnjìng,3,glasses; spectacles,11,Clothes & Appearance,H,,,,
w0595,衬衫,chènshān,3,shirt,11,Clothes & Appearance,H,,,,
w0599,裙子,qúnzi,3,skirt,11,Clothes & Appearance,H,,,,
w0603,伞,sǎn,3,umbrella,11,Clothes & Appearance,M,,14,,
w0626,个子,gèzi,3,height,11,Clothes & Appearance,H,,,,
w0627,皮鞋,píxié,3,leather shoes,11,Clothes & Appearance,H,,,,
w0837,美丽,měilì,4,beautiful,11,Clothes & Appearance,H,,,,
w0875,帅,shuài,4,handsome; graceful (used for a man),11,Clothes & Appearance,H,,,,
w0926,戴,dài,4,wear; put on,11,Clothes & Appearance,H,,,,
w0996,脱,tuō,4,take off; strip; cast off,11,Clothes & Appearance,H,,,,
w1039,流行,liúxíng,4,popular; fashionable,11,Clothes & Appearance,M,,24,,
w1146,打扮,dǎban,4,dress up; make up,11,Clothes & Appearance,H,,,,
w1199,袜子,wàzi,4,sock; stocking,11,Clothes & Appearance,H,,,,
w1261,理发,lǐfà,4,get a haircut,11,Clothes & Appearance,H,,,,
w1331,装,zhuāng,5,adornment; to adorn; dress,11,Clothes & Appearance,H,,,,
w1485,布,bù,5,cloth,11,Clothes & Appearance,H,,,,
w1499,时尚,shíshàng,5,fashion; fad; fashionable,11,Clothes & Appearance,H,,,,
w1661,服装,fúzhuāng,5,dress; clothing; costume,11,Clothes & Appearance,H,,,,
w1818,身材,shēncái,5,stature; build (height and weight); figure,11,Clothes & Appearance,H,,,,
w1900,丑,chǒu,5,ugly,11,Clothes & Appearance,H,,,,
w2023,戒指,jièzhi,5,(finger) ring,11,Clothes & Appearance,H,,,,
w2140,披,pī,5,to drape over one's shoulders; to open; to unroll,11,Clothes & Appearance,M,,9,,
w2162,棉花,miánhua,5,cotton,11,Clothes & Appearance,M,,15,,
w2174,手套,shǒutào,5,glove; mitten,11,Clothes & Appearance,H,,,,
w2213,项链,xiàngliàn,5,necklace,11,Clothes & Appearance,H,,,,
w2231,围巾,wéijīn,5,scarf; shawl,11,Clothes & Appearance,H,,,,
w2260,牛仔裤,niúzǎikù,5,jeans,11,Clothes & Appearance,H,,,,
w2308,时髦,shímáo,5,in vogue; fashionable,11,Clothes & Appearance,H,,,,
w2326,英俊,yīngjùn,5,handsome,11,Clothes & Appearance,H,,,,
w2418,丝绸,sīchóu,5,silk cloth; silk,11,Clothes & Appearance,M,,8,,
w2451,苗条,miáotiao,5,(of a woman) slim; slender; graceful,11,Clothes & Appearance,H,,,,
w2489,胡须,húxū,5,beard,11,Clothes & Appearance,H,,,,
w2506,梳子,shūzi,5,comb,11,Clothes & Appearance,H,,,,
w2540,系领带,xì lǐngdài,5,to wear a tie,11,Clothes & Appearance,H,,,,
w2606,性感,xìnggǎn,6,sexy,11,Clothes & Appearance,H,,,,
w2672,造型,zàoxíng,6,modeling; styling,11,Clothes & Appearance,M,,24,,
w2680,眼神,yǎnshén,6,expression in one's eyes,11,Clothes & Appearance,M,,20,,
w2856,染,rǎn,6,dye,11,Clothes & Appearance,M,,24,,
w2901,化妆,huàzhuāng,6,make up,11,Clothes & Appearance,H,,,,
w2938,钻石,zuànshí,6,diamond,11,Clothes & Appearance,H,,,,
w2999,搭配,dāpèi,6,collocation; match,11,Clothes & Appearance,M,,6,,
w3014,时装,shízhuāng,6,fashionable dress,11,Clothes & Appearance,H,,,,
w3029,外表,wàibiǎo,6,external; outlook,11,Clothes & Appearance,H,,,,
w3084,模样,múyàng,6,appearance; look,11,Clothes & Appearance,H,,,,
w3211,指甲,zhǐjia,6,fingernail,11,Clothes & Appearance,M,,10,,
w3219,制服,zhìfú,6,subdue; overpower; uniform,11,Clothes & Appearance,H,,,,
w3316,兜,dōu,6,pocket,11,Clothes & Appearance,H,,,,
w3343,姿态,zītài,6,attitude; posture,11,Clothes & Appearance,M,,21,,
w3687,款式,kuǎnshì,6,style,11,Clothes & Appearance,H,,,,
w3804,皱纹,zhòuwén,6,wrinkle,11,Clothes & Appearance,H,,,,
w3885,丰满,fēngmǎn,6,plentiful; plump,11,Clothes & Appearance,M,,24,,
w4069,耳环,ěrhuán,6,earring,11,Clothes & Appearance,H,,,,
w4077,面貌,miànmào,6,face; features; appearance,11,Clothes & Appearance,M,,24,,
w4123,绣,xiù,6,embroider,11,Clothes & Appearance,H,,,,
w4145,皮革,pígé,6,leather,11,Clothes & Appearance,M,,24,,
w4199,编织,biānzhī,6,weave,11,Clothes & Appearance,M,,19,,
w4312,容貌,róngmào,6,appearance,11,Clothes & Appearance,H,,,,
w4374,秃,tū,6,bald; bare,11,Clothes & Appearance,H,,,,
w4499,辫子,biànzi,6,plait; braid,11,Clothes & Appearance,H,,,,
w4639,裁缝,cáiféng,6,tailor; dressmaker,11,Clothes & Appearance,M,,17,,
w4645,涂抹,túmǒ,6,smear; daub,11,Clothes & Appearance,M,,28,,
w4680,合身,héshēn,6,fit,11,Clothes & Appearance,H,,,,
w4755,神态,shéntài,6,demeanor; expression,11,Clothes & Appearance,M,,21,,
w4797,衣裳,yīshang,6,clothes; garment,11,Clothes & Appearance,H,,,,
w4896,挺拔,tǐngbá,6,tall and straight,11,Clothes & Appearance,M,,24,,
w4963,旗袍,qípáo,6,cheongsam,11,Clothes & Appearance,H,,,,
w4970,羽绒服,yǔróngfú,6,down jacket; feather dress,11,Clothes & Appearance,H,,,,
w5027,碧玉,bìyù,6,jasper,11,Clothes & Appearance,M,,15,,
w5042,纽扣儿,niǔkòur,6,button; fastener,11,Clothes & Appearance,H,,,,
w0074,坐,zuò,1,sit; travel by (a vehicle),12,Transport & Travel,M,,9,,
w0117,飞机,fēijī,1,plane,12,Transport & Travel,H,,,,
w0140,出租车,chūzūchē,1,taxi,12,Transport & Travel,H,,,,
w0152,火车站,huǒchēzhàn,1,railway station,12,Transport & Travel,H,,,,
w0226,路,lù,2,road; used to indicate a bus route,12,Transport & Travel,H,,,,
w0255,票,piào,2,ticket,12,Transport & Travel,H,,,,
w0265,船,chuán,2,boat; ship,12,Transport & Travel,H,,,,
w0283,机场,jīchǎng,2,airport,12,Transport & Travel,H,,,,
w0288,旅游,lǚyóu,2,travel,12,Transport & Travel,H,,,,
w0295,自行车,zìxíngchē,2,bicycle,12,Transport & Travel,H,,,,
w0312,公共汽车,gōnggòngqìchē,2,bus,12,Transport & Travel,H,,,,
w0395,离开,líkāi,3,leave; to be away from; part from,12,Transport & Travel,M,,9,,
w0504,司机,sījī,3,driver,12,Transport & Travel,H,,,,
w0524,骑,qí,3,ride (an animal or bicycle); sit on the back of,12,Transport & Travel,H,,,,
w0549,地铁,dìtiě,3,subway,12,Transport & Travel,H,,,,
w0569,航班,hángbān,3,flight; scheduled flight,12,Transport & Travel,H,,,,
w0596,宾馆,bīnguǎn,3,hotel,12,Transport & Travel,H,,,,
w0598,起飞,qǐfēi,3,(of aircraft) take off; lift off; launch,12,Transport & Travel,H,,,,
w0608,降落,jiàngluò,3,descend; land,12,Transport & Travel,H,,,,
w0611,护照,hùzhào,3,passport,12,Transport & Travel,H,,,,
w0634,行李箱,xínglixiāng,3,trunk; baggage,12,Transport & Travel,H,,,,
w0736,停,tíng,4,stop,12,Transport & Travel,M,,9,,
w0851,速度,sùdù,4,speed,12,Transport & Travel,M,,24,,
w0909,交通,jiāotōng,4,traffic,12,Transport & Travel,H,,,,
w0918,出发,chūfā,4,set out; start off; leave,12,Transport & Travel,H,,,,
w0964,撞,zhuàng,4,to knock against; to bump into; to run into,12,Transport & Travel,M,,9,,
w0972,赶,gǎn,4,catch; get,12,Transport & Travel,M,,9,,
w1002,旅行,lǚxíng,4,travel,12,Transport & Travel,H,,,,
w1075,访问,fǎngwèn,4,to visit; to call on; to interview,12,Transport & Travel,M,,17,,
w1112,参观,cānguān,4,visit for learning,12,Transport & Travel,M,,16,,
w1147,座位,zuòwèi,4,seat,12,Transport & Travel,M,,8,,
w1172,高速公路,gāosùgōnglù,4,expressway; freeway; highway,12,Transport & Travel,H,,,,
w1175,乘坐,chéngzuò,4,"take a ride (in a car, ship, etc.)",12,Transport & Travel,H,,,,
w1215,加油站,jiāyóuzhàn,4,gas station,12,Transport & Travel,H,,,,
w1222,签证,qiānzhèng,4,visa,12,Transport & Travel,H,,,,
w1243,导游,dǎoyóu,4,tour guide,12,Transport & Travel,H,,,,
w1249,堵车,dǔchē,4,traffic jam,12,Transport & Travel,H,,,,
w1280,登机牌,dēngjīpái,4,boarding pass,12,Transport & Travel,H,,,,
w1531,取消,qǔxiāo,5,to cancel; cancellation,12,Transport & Travel,M,,29,,
w1579,到达,dàodá,5,arrive; get to; reach,12,Transport & Travel,H,,,,
w1639,登记,dēngjì,5,register; check in,12,Transport & Travel,M,,17,,
w1659,一路,yílù,5,the whole journey; all the way; going the same way,12,Transport & Travel,H,,,,
w1748,驾驶,jiàshǐ,5,"to pilot (ship, airplane etc); to drive",12,Transport & Travel,H,,,,
w1751,乘,chéng,5,ride; get on,12,Transport & Travel,H,,,,
w1864,高速,gāosù,5,high speed; expressway,12,Transport & Travel,H,,,,
w1885,运输,yùnshū,5,to transport; to carry; transportation,12,Transport & Travel,H,,,,
w1951,摩托车,mótuōchē,5,(loanword) motorbike; motorcycle,12,Transport & Travel,H,,,,
w2047,汽油,qìyóu,5,gasoline,12,Transport & Travel,H,,,,
w2061,卡车,kǎchē,5,truck,12,Transport & Travel,H,,,,
w2128,拦,lán,5,to block sb's path; to obstruct; to flag down (a taxi),12,Transport & Travel,M,,24,,
w2200,预订,yùdìng,5,to place an order; to book ahead,12,Transport & Travel,M,,7,,
w2235,车厢,chēxiāng,5,railway carriage,12,Transport & Travel,H,,,,
w2280,海关,hǎiguān,5,customs (i.e. border crossing inspection),12,Transport & Travel,H,,,,
w2346,长途,chángtú,5,long-distance,12,Transport & Travel,H,,,,
w2368,行人,xíngrén,5,pedestrian; traveler on foot; passer-by,12,Transport & Travel,M,,13,,
w2379,明信片,míngxìnpiàn,5,postcard,12,Transport & Travel,H,,,,
w2425,游览,yóulǎn,5,to go sightseeing; to tour; to visit,12,Transport & Travel,H,,,,
w2443,往返,wǎngfǎn,5,to go back and forth; to go to and fro; to do a round trip,12,Transport & Travel,H,,,,
w2529,名胜,míngshèng,5,a place famous for its scenery or historical relics; scenic spot,12,Transport & Travel,H,,,,
w2570,事故,shìgù,6,accident,12,Transport & Travel,M,,10,,
w2609,搭,dā,6,take,12,Transport & Travel,M,,9,,
w2697,发动,fādòng,6,start; launch; engine on,12,Transport & Travel,M,,27,,
w2713,航空,hángkōng,6,aviation,12,Transport & Travel,H,,,,
w2858,码头,mǎtóu,6,wharf; harbor,12,Transport & Travel,H,,,,
w2870,穿越,chuānyuè,6,pass through,12,Transport & Travel,M,,15,,
w2916,引擎,yǐnqíng,6,engine,12,Transport & Travel,H,,,,
w2925,抵达,dǐdá,6,arrive; reach,12,Transport & Travel,H,,,,
w2926,登陆,dēnglù,6,land; disembark,12,Transport & Travel,H,,,,
w2965,携带,xiédài,6,carry,12,Transport & Travel,M,,9,,
w2995,轮胎,lúntāi,6,tyre,12,Transport & Travel,H,,,,
w3037,隧道,suìdào,6,tunnel,12,Transport & Travel,M,,13,,
w3101,港口,gǎngkǒu,6,port; harbour,12,Transport & Travel,H,,,,
w3168,舱,cāng,6,cabin; module,12,Transport & Travel,H,,,,
w3293,终点,zhōngdiǎn,6,end,12,Transport & Travel,M,,13,,
w3362,刹车,shāchē,6,brake; stop,12,Transport & Travel,H,,,,
w3529,风光,fēngguāng,6,scene; view; sight,12,Transport & Travel,M,,15,,
w3533,帐篷,zhàngpeng,6,tent,12,Transport & Travel,H,,,,
w3742,观光,guānguāng,6,go sightseeing,12,Transport & Travel,H,,,,
w3759,航行,hángxíng,6,voyage; navigate by water; sail,12,Transport & Travel,H,,,,
w3790,堵塞,dǔsè,6,stop up; block up,12,Transport & Travel,M,,8,,
w3878,遗失,yíshī,6,lost,12,Transport & Travel,M,,7,,
w4078,专程,zhuānchéng,6,special-purpose trip,12,Transport & Travel,H,,,,
w4109,蹬,dēng,6,pedal,12,Transport & Travel,H,,,,
w4143,启程,qǐchéng,6,set out; start on a journey,12,Transport & Travel,H,,,,
w4215,柴油,cháiyóu,6,diesel oil; diesel fuel,12,Transport & Travel,H,,,,
w4266,舟,zhōu,6,boat,12,Transport & Travel,H,,,,
w4278,畅通,chàngtōng,6,unblocked; unimpeded,12,Transport & Travel,M,,24,,
w4313,桨,jiǎng,6,oar; paddle,12,Transport & Travel,H,,,,
w4409,动身,dòngshēn,6,leave (for a distant place),12,Transport & Travel,H,,,,
w4411,滞留,zhìliú,6,retention; be detained,12,Transport & Travel,M,,26,,
w4425,向导,xiàngdǎo,6,guide,12,Transport & Travel,H,,,,
w4438,颠簸,diānbǒ,6,bump,12,Transport & Travel,H,,,,
w4536,港湾,gǎngwān,6,dock and harbour,12,Transport & Travel,H,,,,
w4538,轮船,lúnchuán,6,steamship,12,Transport & Travel,H,,,,
w4589,乘务员,chéngwùyuán,6,crew member,12,Transport & Travel,H,,,,
w4672,留念,liúniàn,6,accept [keep] as a souvenir,12,Transport & Travel,L,CHECK,22,,keepsake; unclear if travel or general
w4719,装卸,zhuāngxiè,6,load and unload,12,Transport & Travel,H,,,,
w4736,停泊,tíngbó,6,mooring; berth,12,Transport & Travel,H,,,,
w4740,托运,tuōyùn,6,consign for shipment,12,Transport & Travel,H,,,,
w4746,舰艇,jiàntǐng,6,naval ships and boats; naval craft,12,Transport & Travel,M,,26,,
w4834,船舶,chuánbó,6,shipping,12,Transport & Travel,H,,,,
w4861,指南针,zhǐnánzhēn,6,compass,12,Transport & Travel,M,,27,,
w4998,川流不息,chuānliú-bùxī,6,never-ending; flowed,12,Transport & Travel,M,,24,,
w0020,上,shàng,1,upper; up; on,13,Places & Directions,M,,24,,
w0035,下,xià,1,under; below; fall,13,Places & Directions,M,,24,,
w0036,里,lǐ,1,interior; inside,13,Places & Directions,H,,,,
w0096,中国,Zhōngguó,1,China,13,Places & Directions,H,,,,
w0120,后面,hòumian,1,at the back; in the rear; behind,13,Places & Directions,H,,,,
w0130,前面,qiánmiàn,1,before; in front; at the head,13,Places & Directions,H,,,,
w0148,北京,Běijīng,1,Beijing,13,Places & Directions,H,,,,
w0232,外,wài,2,outer; outside,13,Places & Directions,H,,,,
w0238,远,yuǎn,2,far,13,Places & Directions,H,,,,
w0249,近,jìn,2,close; near; intimate,13,Places & Directions,H,,,,
w0252,离,lí,2,away from,13,Places & Directions,M,,29,,
w0277,旁边,pángbiān,2,side; by the side of; nearby,13,Places & Directions,H,,,,
w0293,右边,yòubian,2,right; right side,13,Places & Directions,H,,,,
w0302,左边,zuǒbian,2,left; left side,13,Places & Directions,H,,,,
w0345,世界,shìjiè,3,the world; the earth; the globe,13,Places & Directions,M,,29,,
w0349,地方,dìfang,3,place,13,Places & Directions,H,,,,
w0364,国家,guójiā,3,country,13,Places & Directions,H,,,,
w0398,城市,chéngshì,3,city,13,Places & Directions,H,,,,
w0425,楼,lóu,3,building,13,Places & Directions,H,,,,
w0436,经过,jīngguò,3,pass through / by; through; under,13,Places & Directions,M,,12,,
w0447,西,xī,3,west,13,Places & Directions,H,,,,
w0455,附近,fùjìn,3,nearby; neighbour; vicinity,13,Places & Directions,H,,,,
w0490,东,dōng,3,east,13,Places & Directions,H,,,,
w0500,南,nán,3,south,13,Places & Directions,H,,,,
w0512,中间,zhōngjiān,3,center; middle,13,Places & Directions,H,,,,
w0521,公园,gōngyuán,3,park,13,Places & Directions,H,,,,
w0564,地图,dìtú,3,map,13,Places & Directions,H,,,,
w0566,街道,jiēdào,3,street,13,Places & Directions,H,,,,
w0574,图书馆,túshūguǎn,3,library,13,Places & Directions,M,,16,,
w0575,电梯,diàntī,3,elevator,13,Places & Directions,H,,,,
w0593,北方,běifāng,3,north,13,Places & Directions,H,,,,
w0638,黄河,Huánghé,3,the Yellow River,13,Places & Directions,M,,15,,
w0659,内,nèi,4,inner; inside,13,Places & Directions,H,,,,
w0684,转,zhuǎn,4,turn,13,Places & Directions,M,,9,,
w0712,来自,láizì,4,come from,13,Places & Directions,M,,29,,
w0735,往,wǎng,4,to; toward,13,Places & Directions,H,,,,
w0792,地址,dìzhǐ,4,address,13,Places & Directions,H,,,,
w0795,省,shěng,4,province,13,Places & Directions,H,,,,
w0816,方向,fāngxiàng,4,direction,13,Places & Directions,H,,,,
w0890,当地,dāngdì,4,local,13,Places & Directions,H,,,,
w0903,周围,zhōuwéi,4,surrounding,13,Places & Directions,H,,,,
w0919,距离,jùlí,4,be apart from; be at a distance from,13,Places & Directions,H,,,,
w0936,地点,dìdiǎn,4,place; site; spot,13,Places & Directions,H,,,,
w0974,桥,qiáo,4,bridge,13,Places & Directions,M,,12,,
w0979,到处,dàochù,4,everywhere,13,Places & Directions,M,,29,,
w1071,亚洲,Yàzhōu,4,Asia,13,Places & Directions,H,,,,
w1121,对面,duìmiàn,4,the opposite side,13,Places & Directions,H,,,,
w1148,首都,shǒudū,4,capital (of a country),13,Places & Directions,H,,,,
w1185,入口,rùkǒu,4,entrance; entry,13,Places & Directions,H,,,,
w1216,郊区,jiāoqū,4,suburbs; outskirts,13,Places & Directions,H,,,,
w1225,农村,nóngcūn,4,rural area; village,13,Places & Directions,H,,,,
w1230,迷路,mílù,4,get lost; lose one's way,13,Places & Directions,H,,,,
w1238,长城,Chángchéng,4,the Great Wall,13,Places & Directions,M,,28,,
w1251,大使馆,dàshǐguǎn,4,embassy,13,Places & Directions,M,,26,,
w1252,邮局,yóujú,4,post office,13,Places & Directions,H,,,,
w1275,长江,Chángjiāng,4,the Yangtze River,13,Places & Directions,M,,15,,
w1318,中心,zhōngxīn,5,center; heart; core,13,Places & Directions,M,,24,,
w1356,位置,wèizhi,5,position; place; seat,13,Places & Directions,H,,,,
w1377,地区,dìqū,5,area; district,13,Places & Directions,H,,,,
w1413,朝,cháo,5,toward; to; at,13,Places & Directions,H,,,,
w1479,建筑,jiànzhù,5,to construct; building,13,Places & Directions,M,,8,,
w1484,出口,chūkǒu,5,exit; export,13,Places & Directions,M,,25,,
w1496,接近,jiējìn,5,to approach; to get close to,13,Places & Directions,M,,9,,
w1512,岛,dǎo,5,island,13,Places & Directions,M,,15,,
w1592,塔,tǎ,5,pagoda; tower; minaret,13,Places & Directions,M,,28,,
w1736,广场,guǎngchǎng,5,square,13,Places & Directions,H,,,,
w1819,设施,shèshī,5,facilities; installation,13,Places & Directions,M,,8,,
w1846,县,xiàn,5,county,13,Places & Directions,H,,,,
w1959,博物馆,bówùguǎn,5,museum,13,Places & Directions,H,,,,
w1983,家乡,jiāxiāng,5,hometown; native place,13,Places & Directions,H,,,,
w1984,祖国,zǔguó,5,motherland,13,Places & Directions,M,,28,,
w2095,隔壁,gébì,5,next door,13,Places & Directions,H,,,,
w2150,地道,dìdào,5,tunnel,13,Places & Directions,H,,,,
w2247,台阶,táijiē,5,steps; flight of steps; step (over obstacle),13,Places & Directions,M,,8,,
w2502,胡同,hútòng,5,lane; alley,13,Places & Directions,H,,,,
w2504,拐弯,guǎiwān,5,turn,13,Places & Directions,M,,12,,
w2545,现场,xiànchǎng,6,site; scene; spot,13,Places & Directions,H,,,,
w2577,区域,qūyù,6,area; region,13,Places & Directions,H,,,,
w2588,欧洲,Ōuzhōu,6,Europe,13,Places & Directions,H,,,,
w2589,中央,zhōngyāng,6,centre,13,Places & Directions,H,,,,
w2590,州,zhōu,6,state,13,Places & Directions,H,,,,
w2700,位于,wèiyú,6,be located,13,Places & Directions,H,,,,
w2904,角落,jiǎoluò,6,corner,13,Places & Directions,H,,,,
w2933,边缘,biānyuán,6,border; edge; marginal,13,Places & Directions,H,,,,
w2944,场所,chǎngsuǒ,6,place; site,13,Places & Directions,H,,,,
w3001,场合,chǎnghé,6,occasion; situation,13,Places & Directions,M,,29,,
w3036,大厦,dàshà,6,edifice; large building,13,Places & Directions,H,,,,
w3111,交叉,jiāochā,6,cross,13,Places & Directions,M,,27,,
w3164,都市,dūshì,6,city; metropolis,13,Places & Directions,H,,,,
w3175,边境,biānjìng,6,border; frontier,13,Places & Directions,H,,,,
w3209,遥远,yáoyuǎn,6,distant; remote; faraway,13,Places & Directions,H,,,,
w3254,周边,zhōubiān,6,surrounding,13,Places & Directions,H,,,,
w3373,迷失,míshī,6,get lost,13,Places & Directions,M,,29,,
w3384,边界,biānjiè,6,border,13,Places & Directions,H,,,,
w3402,城堡,chéngbǎo,6,castle,13,Places & Directions,M,,28,,
w3573,界限,jièxiàn,6,demarcation line; boundary,13,Places & Directions,M,,29,,
w3580,侧面,cèmiàn,6,side; side face,13,Places & Directions,H,,,,
w3707,巷,xiàng,6,lane; alley,13,Places & Directions,H,,,,
w3721,故乡,gùxiāng,6,hometown; birthplace,13,Places & Directions,M,,5,,
w3765,方位,fāngwèi,6,position; direction; bearing,13,Places & Directions,H,,,,
w3770,桥梁,qiáoliáng,6,bridge,13,Places & Directions,H,,,,
w4081,偏僻,piānpì,6,remote,13,Places & Directions,H,,,,
w4183,北极,běijí,6,North Pole,13,Places & Directions,H,,,,
w4241,跟前,gēnqián,6,(of one's children) living with one; in front of,13,Places & Directions,H,,,,
w4333,繁华,fánhuá,6,flourishing; prosperous; bustling,13,Places & Directions,M,,24,,
w4612,迎面,yíngmiàn,6,head on; in one's face,13,Places & Directions,H,,,,
w4648,靠拢,kàolǒng,6,draw close; close up,13,Places & Directions,H,,,,
w4657,园林,yuánlín,6,garden,13,Places & Directions,M,,28,,
w4715,乡镇,xiāngzhèn,6,villages and towns,13,Places & Directions,H,,,,
w4718,岔,chà,6,fork; branch off; branch,13,Places & Directions,H,,,,
w4747,就近,jiùjìn,6,nearby,13,Places & Directions,H,,,,
w4761,立交桥,lìjiāoqiáo,6,viaduct; overpass,13,Places & Directions,M,,12,,
w4776,领事馆,lǐngshìguǎn,6,consulate,13,Places & Directions,H,,,,
w4831,沿海,yánhǎi,6,coastal,13,Places & Directions,M,,15,,
w4873,省会,shěnghuì,6,provincial capital,13,Places & Directions,H,,,,
w4880,边疆,biānjiāng,6,border area; frontier,13,Places & Directions,H,,,,
w4927,亭子,tíngzi,6,pavilion,13,Places & Directions,H,,,,
w0112,热,rè,1,hot; high in temperature; heat up,14,Weather & Seasons,M,,24,,
w0116,冷,lěng,1,cold,14,Weather & Seasons,M,,24,,
w0129,天气,tiānqì,1,weather,14,Weather & Seasons,H,,,,
w0149,下雨,xià yǔ,1,rain,14,Weather & Seasons,H,,,,
w0279,雪,xuě,2,snow,14,Weather & Seasons,H,,,,
w0300,阴,yīn,2,cloudy; overcast,14,Weather & Seasons,H,,,,
w0310,晴,qíng,2,fine; clear,14,Weather & Seasons,H,,,,
w0573,夏,xià,3,summer,14,Weather & Seasons,H,,,,
w0582,春,chūn,3,spring (one of the four seasons),14,Weather & Seasons,H,,,,
w0588,季节,jìjié,3,season,14,Weather & Seasons,H,,,,
w0597,冬,dōng,3,winter,14,Weather & Seasons,H,,,,
w0601,秋,qiū,3,fall; autumn,14,Weather & Seasons,H,,,,
w0636,刮风,guāfēng,3,blow (of wind),14,Weather & Seasons,H,,,,
w0958,阳光,yángguāng,4,sunshine; sunlight,14,Weather & Seasons,H,,,,
w1089,温度,wēndù,4,temperature,14,Weather & Seasons,H,,,,
w1200,气候,qìhòu,4,climate,14,Weather & Seasons,H,,,,
w1221,干燥,gānzào,4,"to dry (of weather, paint, cement etc); desiccation; dull",14,Weather & Seasons,H,,,,
w1223,暖和,nuǎnhuo,4,warm,14,Weather & Seasons,H,,,,
w1268,湿润,shīrùn,4,moist,14,Weather & Seasons,M,,24,,
w1273,凉快,liángkuai,4,cool,14,Weather & Seasons,H,,,,
w1448,雷,léi,5,thunder; to shock; to stun,14,Weather & Seasons,H,,,,
w1532,吹,chuī,5,blow,14,Weather & Seasons,M,,9,,
w1715,温暖,wēnnuǎn,5,warm,14,Weather & Seasons,M,,20,,
w1876,晒,shài,5,(of the sun) to shine on; to bask in (the sunshine),14,Weather & Seasons,H,,,,
w1907,冻,dòng,5,freeze,14,Weather & Seasons,M,,6,,
w1982,雾,wù,5,fog; mist,14,Weather & Seasons,H,,,,
w2171,闪电,shǎndiàn,5,lightning,14,Weather & Seasons,H,,,,
w2250,彩虹,cǎihóng,5,rainbow,14,Weather & Seasons,H,,,,
w2310,预报,yùbào,5,forecast,14,Weather & Seasons,H,,,,
w2331,融化,rónghuà,5,to melt; to thaw; to dissolve,14,Weather & Seasons,M,,24,,
w3049,风暴,fēngbào,6,storm,14,Weather & Seasons,H,,,,
w3410,气象,qìxiàng,6,meteorology,14,Weather & Seasons,H,,,,
w3449,淋,lín,6,sprinkle; pour; drench,14,Weather & Seasons,M,,6,,
w3680,台风,táifēng,6,typhoon,14,Weather & Seasons,H,,,,
w3824,笼罩,lǒngzhào,6,envelop; shroud,14,Weather & Seasons,M,,15,,
w4012,弥漫,mímàn,6,suffuse; pervade,14,Weather & Seasons,M,,24,,
w4041,潮湿,cháoshī,6,dam; wet; humid,14,Weather & Seasons,H,,,,
w4249,干旱,gānhàn,6,drought; arid; dry,14,Weather & Seasons,H,,,,
w4273,照耀,zhàoyào,6,shine,14,Weather & Seasons,M,,15,,
w4335,摄氏度,Shèshìdù,6,degree Celsius,14,Weather & Seasons,H,,,,
w4348,炎热,yánrè,6,hot,14,Weather & Seasons,H,,,,
w4404,晴朗,qínglǎng,6,sunny,14,Weather & Seasons,H,,,,
w4476,气压,qìyā,6,barometric pressure,14,Weather & Seasons,H,,,,
w4684,冰雹,bīngbáo,6,hail,14,Weather & Seasons,H,,,,
w4713,霞,xiá,6,afterglow; dawn,14,Weather & Seasons,H,,,,
w4727,严寒,yánhán,6,cold; arctic,14,Weather & Seasons,H,,,,
w5015,温带,wēndài,6,temperate zone,14,Weather & Seasons,H,,,,
w0092,狗,gǒu,1,dog,15,Nature & Animals,H,,,,
w0118,猫,māo,1,cat,15,Nature & Animals,H,,,,
w0401,马,mǎ,3,horse,15,Nature & Animals,H,,,,
w0468,环境,huánjìng,3,environment; condition; circumstance,15,Nature & Animals,H,,,,
w0485,动物,dòngwù,3,animal,15,Nature & Animals,H,,,,
w0487,树,shù,3,tree,15,Nature & Animals,H,,,,
w0493,鸟,niǎo,3,bird,15,Nature & Animals,H,,,,
w0515,太阳,tàiyang,3,the Sun,15,Nature & Animals,M,,14,,
w0525,河,hé,3,river,15,Nature & Animals,H,,,,
w0534,草,cǎo,3,grass; straw,15,Nature & Animals,H,,,,
w0554,云,yún,3,cloud; short for Yunnan Province “; say,15,Nature & Animals,H,,,,
w0592,月亮,yuèliang,3,the Moon,15,Nature & Animals,H,,,,
w0610,熊猫,xióngmāo,3,panda,15,Nature & Animals,H,,,,
w0616,动物园,dòngwùyuán,3,zoo,15,Nature & Animals,H,,,,
w0688,保护,bǎohù,4,protect,15,Nature & Animals,M,,26,,
w0767,自然,zìrán,4,nature; natural world,15,Nature & Animals,H,,,,
w0815,火,huǒ,4,fire; anger; irritation,15,Nature & Animals,M,,20,,
w0883,猪,zhū,4,hog; pig; swine,15,Nature & Animals,H,,,,
w0952,地球,dìqiú,4,the Earth,15,Nature & Animals,H,,,,
w0960,空气,kōngqì,4,air,15,Nature & Animals,M,,14,,
w1076,森林,sēnlín,4,forest,15,Nature & Animals,H,,,,
w1087,污染,wūrǎn,4,contaminate; pollute; taint,15,Nature & Animals,H,,,,
w1120,植物,zhíwù,4,plant,15,Nature & Animals,H,,,,
w1130,风景,fēngjǐng,4,scenery; landscape,15,Nature & Animals,M,,12,,
w1132,海洋,hǎiyáng,4,ocean,15,Nature & Animals,H,,,,
w1139,狮子,shīzi,4,lion,15,Nature & Animals,H,,,,
w1174,老虎,lǎohǔ,4,tiger,15,Nature & Animals,H,,,,
w1181,猴子,hóuzi,4,monkey,15,Nature & Animals,H,,,,
w1231,景色,jǐngsè,4,scenery; view,15,Nature & Animals,M,,12,,
w1246,叶子,yèzi,4,leaf (of a plant),15,Nature & Animals,H,,,,
w1387,根,gēn,5,"root; measures word for long, thing objects",15,Nature & Animals,M,,3,,
w1460,土地,tǔdì,5,land; soil; territory,15,Nature & Animals,M,,13,,
w1599,洞,dòng,5,hole; cave,15,Nature & Animals,M,,8,,
w1621,资源,zīyuán,5,natural resource (such as water or minerals),15,Nature & Animals,H,,,,
w1651,狼,láng,5,wolf,15,Nature & Animals,H,,,,
w1707,露,lù,5,dew; to show; to reveal,15,Nature & Animals,L,CHECK,29,,"dew or to reveal, unclear"
w1739,金属,jīnshǔ,5,metal,15,Nature & Animals,H,,,,
w1762,开放,kāifàng,5,to bloom; to open; to be open (to the public),15,Nature & Animals,L,CHECK,26,,bloom vs open-to-public senses conflict
w1790,石头,shítou,5,stone,15,Nature & Animals,H,,,,
w1812,天空,tiānkōng,5,sky,15,Nature & Animals,H,,,,
w1836,蛇,shé,5,snake; serpent,15,Nature & Animals,H,,,,
w1918,地震,dìzhèn,5,earthquake,15,Nature & Animals,H,,,,
w1927,老鼠,lǎoshǔ,5,rat; mouse,15,Nature & Animals,H,,,,
w2015,宠物,chǒngwù,5,pet,15,Nature & Animals,H,,,,
w2036,飘,piāo,5,to float,15,Nature & Animals,M,,24,,
w2053,兔子,tùzi,5,hare; rabbit,15,Nature & Animals,H,,,,
w2080,摘,zhāi,5,"to take; to borrow; to pick (flowers, fruit etc)",15,Nature & Animals,M,,9,,
w2137,沙漠,shāmò,5,desert,15,Nature & Animals,H,,,,
w2191,蝴蝶,húdié,5,butterfly,15,Nature & Animals,H,,,,
w2198,沙滩,shātān,5,beach; sandy shore,15,Nature & Animals,M,,12,,
w2211,翅膀,chìbǎng,5,wing,15,Nature & Animals,H,,,,
w2223,岸,àn,5,shore,15,Nature & Animals,H,,,,
w2224,尾巴,wěiba,5,tail,15,Nature & Animals,H,,,,
w2240,分布,fēnbù,5,distribution; distribute,15,Nature & Animals,M,,27,,
w2291,蜜蜂,mìfēng,5,bee; honeybee,15,Nature & Animals,H,,,,
w2320,小麦,xiǎomài,5,wheat,15,Nature & Animals,M,,6,,
w2321,木头,mùtou,5,"slow-witted; blockhead; log (of wood, timber etc)",15,Nature & Animals,L,CHECK,21,,"wood/log material, or insult (blockhead); unclear"
w2323,大象,dàxiàng,5,elephant,15,Nature & Animals,H,,,,
w2342,鸽子,gēzi,5,pigeon; dove,15,Nature & Animals,H,,,,
w2400,陆地,lùdì,5,dry land (as opposed to the sea),15,Nature & Animals,H,,,,
w2441,果实,guǒshí,5,fruit; fructification; fruitage,15,Nature & Animals,M,,6,,
w2444,灾害,zāihài,5,calamity; disaster,15,Nature & Animals,H,,,,
w2460,竹子,zhúzi,5,bamboo,15,Nature & Animals,H,,,,
w2472,田野,tiányě,5,field; open land,15,Nature & Animals,H,,,,
w2477,煤炭,méitàn,5,coal,15,Nature & Animals,H,,,,
w2514,池子,chízi,5,pond,15,Nature & Animals,H,,,,
w2681,石油,shíyóu,6,oil,15,Nature & Animals,M,,25,,
w2761,吼,hǒu,6,roar,15,Nature & Animals,M,,20,,
w2778,井,jǐng,6,well,15,Nature & Animals,M,,13,,
w2822,坑,kēng,6,pit; hole,15,Nature & Animals,M,,24,,
w2849,犬,quǎn,6,dog,15,Nature & Animals,H,,,,
w2919,窝,wō,6,nest; fossa,15,Nature & Animals,H,,,,
w2974,灾难,zāinàn,6,disaster; catastrophe,15,Nature & Animals,H,,,,
w3078,种子,zhǒngzi,6,seed,15,Nature & Animals,H,,,,
w3291,光芒,guāngmáng,6,rays of light; brilliant rays; radiance,15,Nature & Animals,M,,24,,
w3320,火焰,huǒyàn,6,flame; blaze,15,Nature & Animals,H,,,,
w3369,翼,yì,6,wing,15,Nature & Animals,H,,,,
w3414,岩石,yánshí,6,rock,15,Nature & Animals,H,,,,
w3435,珍珠,zhēnzhū,6,pearl,15,Nature & Animals,M,,11,,
w3439,生态,shēngtài,6,ecology,15,Nature & Animals,H,,,,
w3444,高峰,gāofēng,6,peak,15,Nature & Animals,M,,4,,
w3479,溪,xī,6,stream; creek; brook,15,Nature & Animals,H,,,,
w3525,进化,jìnhuà,6,evolution,15,Nature & Animals,M,,27,,
w3527,洪水,hóngshuǐ,6,flood; deluge,15,Nature & Animals,H,,,,
w3559,坡,pō,6,slope,15,Nature & Animals,H,,,,
w3697,土壤,tǔrǎng,6,soil,15,Nature & Animals,H,,,,
w3702,繁殖,fánzhí,6,reproduce; propagate,15,Nature & Animals,H,,,,
w3748,捕捉,bǔzhuō,6,catch,15,Nature & Animals,M,,24,,
w3751,天然气,tiānránqì,6,natural gas,15,Nature & Animals,H,,,,
w3811,飞翔,fēixiáng,6,fly,15,Nature & Animals,H,,,,
w3830,瀑布,pùbù,6,waterfall,15,Nature & Animals,H,,,,
w3836,淹没,yānmò,6,overwhelm,15,Nature & Animals,M,,24,,
w3837,闪烁,shǎnshuò,6,"twinkle, glimmer; be evasive, be vague",15,Nature & Animals,M,,24,,
w3841,培育,péiyù,6,nurture; cultivate; breed,15,Nature & Animals,M,,16,,
w3895,上游,shàngyóu,6,upstream; upper reaches; advanced position,15,Nature & Animals,M,,13,,
w3907,平原,píngyuán,6,plain; flatland,15,Nature & Animals,H,,,,
w3928,峡谷,xiágǔ,6,canyon; gorge,15,Nature & Animals,H,,,,
w3946,海滨,hǎibīn,6,strand; seashore,15,Nature & Animals,M,,12,,
w3956,开采,kāicǎi,6,mine; exploit,15,Nature & Animals,M,,25,,
w4002,排放,páifàng,6,emission,15,Nature & Animals,M,,27,,
w4051,昆虫,kūnchóng,6,insect,15,Nature & Animals,H,,,,
w4072,饲养,sìyǎng,6,raise; feed,15,Nature & Animals,H,,,,
w4102,洞穴,dòngxué,6,cave,15,Nature & Animals,H,,,,
w4156,丰收,fēngshōu,6,bumper harvest,15,Nature & Animals,H,,,,
w4207,岛屿,dǎoyǔ,6,islands,15,Nature & Animals,H,,,,
w4219,池塘,chítáng,6,pond; pool,15,Nature & Animals,H,,,,
w4224,漂浮,piāofú,6,float,15,Nature & Animals,M,,24,,
w4229,泛滥,fànlàn,6,spread unchecked,15,Nature & Animals,M,,24,,
w4239,夕阳,xīyáng,6,sunset,15,Nature & Animals,H,,,,
w4240,海拔,hǎibá,6,height; height above sea level,15,Nature & Animals,H,,,,
w4260,花瓣,huābàn,6,petal,15,Nature & Animals,H,,,,
w4269,孕育,yùnyù,6,breed; gestate,15,Nature & Animals,M,,29,,
w4303,杂交,zájiāo,6,hybrid,15,Nature & Animals,M,,27,,
w4323,屏障,píngzhàng,6,barrier,15,Nature & Animals,M,,24,,
w4326,化石,huàshí,6,fossil,15,Nature & Animals,M,,27,,
w4338,牲畜,shēngchù,6,livestock,15,Nature & Animals,H,,,,
w4367,播种,bōzhòng,6,sow; seed,15,Nature & Animals,H,,,,
w4386,丛,cóng,6,clump; thicket; grove,15,Nature & Animals,H,,,,
w4402,波浪,bōlàng,6,wave,15,Nature & Animals,H,,,,
w4413,盛开,shèngkāi,6,bloom; be in full bloom,15,Nature & Animals,H,,,,
w4423,栽培,zāipéi,6,cultivate,15,Nature & Animals,H,,,,
w4424,灌溉,guàngài,6,irrigate,15,Nature & Animals,H,,,,
w4436,沼泽,zhǎozé,6,swamp; marsh,15,Nature & Animals,H,,,,
w4477,贝壳,bèiké,6,shell,15,Nature & Animals,H,,,,
w4487,迁徙,qiānxǐ,6,move; migrate,15,Nature & Animals,M,,26,,
w4516,畔,pàn,6,bank,15,Nature & Animals,M,,13,,
w4535,梢,shāo,6,thin end of a twig; tip of branch,15,Nature & Animals,H,,,,
w4556,山脉,shānmài,6,mountains,15,Nature & Animals,H,,,,
w4557,淡水,dànshuǐ,6,freshwater,15,Nature & Animals,H,,,,
w4583,湖泊,húpō,6,lake,15,Nature & Animals,H,,,,
w4607,茎,jīng,6,stem; stalk,15,Nature & Animals,H,,,,
w4623,呼啸,hūxiào,6,whistle; howl; roar,15,Nature & Animals,M,,24,,
w4642,化肥,huàféi,6,chemical fertilizer,15,Nature & Animals,M,,27,,
w4653,荒凉,huāngliáng,6,bleak and desolate; wild,15,Nature & Animals,M,,24,,
w4655,耕地,gēngdì,6,plough; till; cultivated land,15,Nature & Animals,H,,,,
w4673,萌芽,méngyá,6,sprout; germinate,15,Nature & Animals,H,,,,
w4695,枯竭,kūjié,6,dried up,15,Nature & Animals,M,,25,,
w4711,蕴藏,yùncáng,6,hold in store; contain,15,Nature & Animals,M,,29,,
w4771,盆地,péndì,6,basin,15,Nature & Animals,H,,,,
w4810,辽阔,liáokuò,6,vast; extensive,15,Nature & Animals,H,,,,
w4818,珍稀,zhēnxī,6,valuable and rare,15,Nature & Animals,M,,24,,
w4855,赤道,chìdào,6,the equator,15,Nature & Animals,M,,13,,
w4856,丘陵,qiūlíng,6,hills,15,Nature & Animals,H,,,,
w4858,地势,dìshì,6,terrain; topography,15,Nature & Animals,M,,13,,
w4866,支流,zhīliú,6,tributary,15,Nature & Animals,H,,,,
w4881,陡峭,dǒuqiào,6,precipitous; cliffy,15,Nature & Animals,H,,,,
w4884,肥沃,féiwò,6,fertile; rich,15,Nature & Animals,H,,,,
w4888,茂盛,màoshèng,6,luxuriant; flourishing,15,Nature & Animals,H,,,,
w4904,优胜劣汰,yōushèng-liètài,6,survival of the fittest,15,Nature & Animals,M,,26,,
w4936,稻谷,dàogǔ,6,paddy,15,Nature & Animals,M,,6,,
w4937,堤坝,dībà,6,dykes and dams,15,Nature & Animals,H,,,,
w4939,畜牧,xùmù,6,raise livestock,15,Nature & Animals,H,,,,
w4988,得天独厚,détiān-dúhòu,6,be richly endowed by nature,15,Nature & Animals,M,,30,,
w4996,波涛汹涌,bōtāo-xiōngyǒng,6,roaring waves; The waves ran high.,15,Nature & Animals,H,,,,
w5007,悬崖峭壁,xuányá-qiàobì,6,cliffs,15,Nature & Animals,H,,,,
w5033,飞禽走兽,fēiqín-zǒushòu,6,birds and animals [beasts],15,Nature & Animals,H,,,,
w0070,写,xiě,1,write,16,School & Study,H,,,,
w0073,学校,xuéxiào,1,school,16,School & Study,H,,,,
w0087,书,shū,1,book,16,School & Study,H,,,,
w0093,学生,xuésheng,1,student,16,School & Study,H,,,,
w0099,学习,xuéxí,1,study; learn,16,School & Study,H,,,,
w0100,老师,lǎoshī,1,teacher,16,School & Study,M,,17,,
w0109,字,zì,1,written Chinese character,16,School & Study,H,,,,
w0115,读,dú,1,read,16,School & Study,H,,,,
w0131,同学,tóngxué,1,student; classmate,16,School & Study,H,,,,
w0154,汉语,Hànyǔ,1,Chinese language,16,School & Study,H,,,,
w0271,课,kè,2,lesson; class,16,School & Study,H,,,,
w0274,考试,kǎoshì,2,examination / take a test,16,School & Study,H,,,,
w0290,题,tí,2,"questions, problems (in a test or a quiz)",16,School & Study,H,,,,
w0304,教室,jiàoshì,2,classroom,16,School & Study,H,,,,
w0309,铅笔,qiānbǐ,2,pencil,16,School & Study,H,,,,
w0452,教,jiāo,3,teach,16,School & Study,H,,,,
w0473,班,bān,3,class,16,School & Study,H,,,,
w0511,成绩,chéngjì,3,score,16,School & Study,H,,,,
w0537,作业,zuòyè,3,school assignment; study assignment,16,School & Study,H,,,,
w0548,数学,shùxué,3,mathematics,16,School & Study,H,,,,
w0552,练习,liànxí,3,practice; exercise,16,School & Study,H,,,,
w0556,校长,xiàozhǎng,3,(of a secondary or elementary school) principal; headmaster,16,School & Study,H,,,,
w0607,中文,Zhōngwén,3,Chinese language,16,School & Study,H,,,,
w0609,复习,fùxí,3,review,16,School & Study,H,,,,
w0613,年级,niánjí,3,grade (in the primary or middle school); year (in college or university),16,School & Study,H,,,,
w0622,词语,cíyǔ,3,word and phrase,16,School & Study,H,,,,
w0623,句子,jùzi,3,sentence,16,School & Study,H,,,,
w0629,字典,zìdiǎn,3,Chinese character dictionary; dictionary,16,School & Study,H,,,,
w0630,普通话,pǔtōnghuà,3,Mandarin Chinese,16,School & Study,H,,,,
w0632,黑板,hēibǎn,3,blackboard,16,School & Study,H,,,,
w0633,留学,liúxué,3,study in a foreign country,16,School & Study,H,,,,
w0635,词典,cídiǎn,3,dictionary,16,School & Study,H,,,,
w0806,专业,zhuānyè,4,major; specialty,16,School & Study,H,,,,
w0819,教育,jiàoyù,4,education; educate,16,School & Study,H,,,,
w0893,教授,jiàoshòu,4,professor,16,School & Study,H,,,,
w0922,毕业,bìyè,4,graduate,16,School & Study,H,,,,
w0935,答案,dá'àn,4,an answer or key to a question or problem,16,School & Study,H,,,,
w0944,语言,yǔyán,4,language,16,School & Study,H,,,,
w0949,文章,wénzhāng,4,essay; article,16,School & Study,M,,28,,
w0961,材料,cáiliào,4,reference material,16,School & Study,M,,17,,
w0975,基础,jīchǔ,4,basis; foundation; basic,16,School & Study,M,,24,,
w0993,知识,zhīshi,4,knowledge,16,School & Study,H,,,,
w1007,博士,bóshì,4,doctor (an academic degree),16,School & Study,H,,,,
w1126,翻译,fānyì,4,translate,16,School & Study,M,,17,,
w1144,阅读,yuèdú,4,read,16,School & Study,H,,,,
w1152,报名,bàomíng,4,sign up; enroll,16,School & Study,H,,,,
w1155,日记,rìjì,4,diary; journal,16,School & Study,M,,9,,
w1209,研究生,yánjiūshēng,4,graduate student; postgraduate student; research student,16,School & Study,H,,,,
w1233,表扬,biǎoyáng,4,praise; recognition,16,School & Study,M,CHECK,17,23,
w1235,硕士,shuòshì,4,master's degree,16,School & Study,H,,,,
w1262,语法,yǔfǎ,4,grammar,16,School & Study,H,,,,
w1271,流利,liúlì,4,fluent,16,School & Study,M,,24,,
w1272,橡皮,xiàngpí,4,eraser,16,School & Study,H,,,,
w1277,寒假,hánjià,4,winter vacation,16,School & Study,M,,4,,
w1282,预习,yùxí,4,preview,16,School & Study,H,,,,
w1286,填空,tiánkòng,4,(of a test or questionnaire) to fill in the blanks,16,School & Study,H,,,,
w1288,放暑假,fàng shǔjià,4,have a summer vacation,16,School & Study,M,,4,,
w1378,资料,zīliào,5,material; resources; data,16,School & Study,M,,17,,
w1431,系,xì,5,department; system; to relate to,16,School & Study,M,,17,,
w1514,掌握,zhǎngwò,5,"to grasp (often fig.); to control; to seize (initiative, opportunity, destiny)",16,School & Study,M,,17,,
w1649,念,niàn,5,to read; to study (a subject); to attend (a school),16,School & Study,H,,,,
w1652,进步,jìnbù,5,progress; improvement; to improve,16,School & Study,M,,29,,
w1770,课程,kèchéng,5,course; academic program,16,School & Study,H,,,,
w1776,注册,zhùcè,5,to register; to enroll,16,School & Study,M,,17,,
w1780,培养,péiyǎng,5,to cultivate; to breed; to foster,16,School & Study,M,,29,,
w1810,化学,huàxué,5,chemistry; chemical,16,School & Study,M,,27,,
w1824,运用,yùnyòng,5,to use; to put to use,16,School & Study,M,,17,,
w1935,宿舍,sùshè,5,dormitory; dorm room; living quarters,16,School & Study,M,,8,,
w1964,论文,lùnwén,5,paper; treatise; thesis,16,School & Study,H,,,,
w1970,吸收,xīshōu,5,to absorb; to assimilate; to ingest,16,School & Study,L,CHECK,,,unclear: absorb knowledge or substance
w2016,模仿,mófǎng,5,to imitate; to copy; to emulate,16,School & Study,M,,29,,
w2037,物理,wùlǐ,5,physics; physical,16,School & Study,M,,27,,
w2066,提问,tíwèn,5,to question; to quiz; to grill,16,School & Study,H,,,,
w2067,录取,lùqǔ,5,to accept an applicant who passes an entrance exam; to admit (a student),16,School & Study,H,,,,
w2127,参考,cānkǎo,5,refer to; reference,16,School & Study,M,,29,,
w2141,学期,xuéqī,5,term; semester,16,School & Study,H,,,,
w2145,幼儿园,yòu'éryuán,5,kindergarten; nursery school,16,School & Study,H,,,,
w2207,学术,xuéshù,5,learning; science; academic,16,School & Study,H,,,,
w2210,地理,dìlǐ,5,geography,16,School & Study,H,,,,
w2215,抄,chāo,5,copy,16,School & Study,M,,9,,
w2229,题目,tímù,5,subject; title; topic,16,School & Study,H,,,,
w2258,辅导,fǔdǎo,5,to give guidance; to mentor; to counsel,16,School & Study,H,,,,
w2265,启发,qǐfā,5,to enlighten; to explain (a text etc); to stimulate (a mental attitude),16,School & Study,M,,23,,
w2286,专心,zhuānxīn,5,to focus one's attention; to concentrate on (doing sth),16,School & Study,M,,21,,
w2316,常识,chángshí,5,common sense,16,School & Study,M,,29,,
w2324,讲座,jiǎngzuò,5,a course of lectures,16,School & Study,H,,,,
w2355,及格,jígé,5,to pass an exam or a test; to meet a minimum standard,16,School & Study,H,,,,
w2358,测验,cèyàn,5,test,16,School & Study,H,,,,
w2369,初级,chūjí,5,primary,16,School & Study,H,,,,
w2376,改正,gǎizhèng,5,correct; amend,16,School & Study,M,,23,,
w2387,作文,zuòwén,5,to write an essay; composition (student essay),16,School & Study,H,,,,
w2394,操场,cāochǎng,5,playground,16,School & Study,H,,,,
w2429,试卷,shìjuàn,5,examination paper; test paper,16,School & Study,H,,,,
w2453,学问,xuéwèn,5,learning; knowledge,16,School & Study,H,,,,
w2471,班主任,bānzhǔrèn,5,head teacher,16,School & Study,H,,,,
w2473,教材,jiàocái,5,teaching material,16,School & Study,H,,,,
w2483,本科,běnkē,5,undergraduate course; Bachelor Degree,16,School & Study,H,,,,
w2495,胶水,jiāoshuǐ,5,glue,16,School & Study,M,,8,,
w2505,退步,tuìbù,5,to do less well than before; to make a concession; setback,16,School & Study,M,,24,,
w2513,声调,shēngdiào,5,tone; note; a tone (on a Chinese syllable),16,School & Study,H,,,,
w2516,文具,wénjù,5,"stationery; item of stationery (pen, pencil, eraser, pencil sharpener etc)",16,School & Study,H,,,,
w2519,成语,chéngyǔ,5,idiom,16,School & Study,H,,,,
w2527,提纲,tígāng,5,outline; synopsis; notes,16,School & Study,H,,,,
w2533,尺子,chǐzi,5,ruler,16,School & Study,H,,,,
w2534,标点,biāodiǎn,5,punctuation,16,School & Study,H,,,,
w2976,定义,dìngyì,6,definition; define,16,School & Study,M,,23,,
w3003,擅长,shàncháng,6,be good at,16,School & Study,M,,21,,
w3051,写作,xiězuò,6,writing,16,School & Study,H,,,,
w3129,示范,shìfàn,6,demonstration; set an example,16,School & Study,M,,17,,
w3135,纠正,jiūzhèng,6,correct,16,School & Study,M,,29,,
w3193,学位,xuéwèi,6,academic degree,16,School & Study,H,,,,
w3196,考察,kǎochá,6,investigation; examination; investigate,16,School & Study,M,,17,,
w3257,证书,zhèngshū,6,certificate,16,School & Study,M,,17,,
w3269,字母,zìmǔ,6,letter,16,School & Study,H,,,,
w3332,智力,zhìlì,6,intelligence; intellect,16,School & Study,M,,21,,
w3340,书面,shūmiàn,6,written,16,School & Study,M,,23,,
w3348,榜样,bǎngyàng,6,example; model,16,School & Study,M,,21,,
w3368,符号,fúhào,6,character; sign; symbol,16,School & Study,M,,29,,
w3445,智商,zhìshāng,6,IQ,16,School & Study,M,,10,,
w3521,作弊,zuòbì,6,cheat,16,School & Study,H,,,,
w3532,吸取,xīqǔ,6,draw; absorb,16,School & Study,M,,29,,
w3691,书籍,shūjí,6,books,16,School & Study,H,,,,
w3695,功课,gōngkè,6,homework; schoolwork,16,School & Study,H,,,,
w3700,学历,xuélì,6,degree,16,School & Study,M,,17,,
w3713,课题,kètí,6,problem; task; project,16,School & Study,M,,17,,
w3734,要点,yàodiǎn,6,essential; main points,16,School & Study,M,,29,,
w3801,缺席,quēxí,6,absent,16,School & Study,M,,17,,
w3803,巩固,gǒnggù,6,consolidate; solidify,16,School & Study,M,,29,,
w3812,词汇,cíhuì,6,vocabulary,16,School & Study,H,,,,
w3857,名额,míng'é,6,the number of people assigned or allowed,16,School & Study,M,,17,,
w3931,高考,gāokǎo,6,college entrance examination,16,School & Study,H,,,,
w3945,精通,jīngtōng,6,be proficient in,16,School & Study,M,,17,,
w4032,师范,shīfàn,6,normal school,16,School & Study,H,,,,
w4039,文献,wénxiàn,6,literature,16,School & Study,M,,28,,
w4057,传授,chuánshòu,6,teach; impart; pass on,16,School & Study,H,,,,
w4140,文凭,wénpíng,6,diploma,16,School & Study,H,,,,
w4172,方言,fāngyán,6,dialect,16,School & Study,H,,,,
w4264,专科,zhuānkē,6,junior college education,16,School & Study,H,,,,
w4285,科目,kēmù,6,subject,16,School & Study,H,,,,
w4352,心得,xīndé,6,experience; gained knowledge,16,School & Study,H,,,,
w4377,更正,gēngzhèng,6,make corrections; amend,16,School & Study,M,,18,,
w4389,摘要,zhāiyào,6,make a summary; make an abstract; summary,16,School & Study,H,,,,
w4442,招收,zhāoshōu,6,recruit; enroll,16,School & Study,M,,17,,
w4541,学说,xuéshuō,6,doctrine; theory,16,School & Study,M,,28,,
w4552,普及,pǔjí,6,universal,16,School & Study,M,,29,,
w4560,名次,míngcì,6,position in a name list,16,School & Study,M,,19,,
w4567,钻研,zuānyán,6,research,16,School & Study,M,,27,,
w4592,朗读,lǎngdú,6,read loudly and clearly,16,School & Study,H,,,,
w4632,用功,yònggōng,6,diligent,16,School & Study,H,,,,
w4651,背诵,bèisòng,6,recite,16,School & Study,H,,,,
w4696,答辩,dábiàn,6,reply (for thesis),16,School & Study,H,,,,
w4729,注释,zhùshì,6,note,16,School & Study,H,,,,
w4760,母语,mǔyǔ,6,mother tongue,16,School & Study,H,,,,
w4829,循序渐进,xúnxù-jiànjìn,6,gradual; proceed in an orderly way and step by step,16,School & Study,M,,24,,
w4926,旷课,kuàngkè,6,be absent from school without leave,16,School & Study,H,,,,
w4932,便条,biàntiáo,6,note,16,School & Study,M,,17,,
w4962,序言,xùyán,6,preface,16,School & Study,M,,28,,
w4977,贬义,biǎnyì,6,derogatory sense,16,School & Study,H,,,,
w4986,繁体字,fántǐzì,6,the original complex form of a simplified Chinese character,16,School & Study,H,,,,
w5024,简体字,jiǎntǐzì,6,simplified Chinese character,16,School & Study,H,,,,
w5036,墨水儿,mòshuǐr,6,ink,16,School & Study,H,,,,
w0045,工作,gōngzuò,1,job; work,17,Work & Office,H,,,,
w0205,公司,gōngsī,2,company; firm,17,Work & Office,H,,,,
w0208,长,zhǎng,2,to grow; chief; head,17,Work & Office,M,,5,,
w0251,忙,máng,2,busy; be busy doing sth.,17,Work & Office,M,,24,,
w0268,上班,shàngbān,2,go to work; start work,17,Work & Office,H,,,,
w0440,会议,huìyì,3,meeting,17,Work & Office,H,,,,
w0467,办公室,bàngōngshì,3,office,17,Work & Office,H,,,,
w0506,经理,jīnglǐ,3,manager,17,Work & Office,H,,,,
w0527,同事,tóngshì,3,colleague,17,Work & Office,H,,,,
w0669,计划,jìhuà,4,plan; plan to do sth,17,Work & Office,M,,23,,
w0676,干,gàn,4,do; work,17,Work & Office,M,,9,,
w0679,成功,chénggōng,4,succeed; success,17,Work & Office,M,,24,,
w0685,调查,diàochá,4,investigate; investigation; inquiry,17,Work & Office,M,,26,,
w0698,组织,zǔzhī,4,to organize; organization; (biology) tissue,17,Work & Office,M,,25,,
w0711,代表,dàibiǎo,4,representative; delegate; to represent,17,Work & Office,M,,26,,
w0713,任务,rènwu,4,assignment; mission; task,17,Work & Office,H,,,,
w0758,负责,fùzé,4,be in charge of; be responsible for; responsible,17,Work & Office,H,,,,
w0762,安排,ānpái,4,plan in detail; arrange; plan to do sth,17,Work & Office,M,CHECK,4,23,
w0768,责任,zérèn,4,duty; responsibility,17,Work & Office,M,,29,,
w0822,管理,guǎnlǐ,4,be in charge of; manage; management,17,Work & Office,H,,,,
w0831,律师,lǜshī,4,lawyer,17,Work & Office,M,,26,,
w0838,经验,jīngyàn,4,experience,17,Work & Office,M,,29,,
w0846,职业,zhíyè,4,occupation; profession; vocation,17,Work & Office,H,,,,
w0880,申请,shēnqǐng,4,apply for; ask for; make an official request,17,Work & Office,M,,16,,
w0988,收入,shōurù,4,income; revenue,17,Work & Office,M,,25,,
w0995,工具,gōngjù,4,tool; instrument; utensil,17,Work & Office,M,,8,,
w1012,辛苦,xīnkǔ,4,hard; toilsome; painstaking,17,Work & Office,M,,21,,
w1023,工资,gōngzī,4,wage; pay; salary,17,Work & Office,H,,,,
w1047,作者,zuòzhě,4,author; writer,17,Work & Office,M,,5,,
w1063,作家,zuòjiā,4,writer; author,17,Work & Office,M,,28,,
w1101,奖金,jiǎngjīn,4,prize; reward; award,17,Work & Office,M,,25,,
w1186,加班,jiābān,4,work overtime,17,Work & Office,H,,,,
w1210,出差,chūchāi,4,be on a business trip,17,Work & Office,M,,12,,
w1219,招聘,zhāopìn,4,recruit and employ through advertisement and examination,17,Work & Office,H,,,,
w1232,表格,biǎogé,4,form; table; list,17,Work & Office,M,,16,,
w1241,请假,qǐngjià,4,ask for leave,17,Work & Office,H,,,,
w1256,应聘,yìngpìn,4,employed by,17,Work & Office,H,,,,
w1265,复印,fùyìn,4,copy; reproduce on a copying machine,17,Work & Office,M,,18,,
w1320,合作,hézuò,5,to cooperate; to collaborate; to work together,17,Work & Office,M,,22,,
w1321,人员,rényuán,5,staff; crew; personnel,17,Work & Office,H,,,,
w1323,报告,bàogào,5,report,17,Work & Office,M,,16,,
w1335,设计,shèjì,5,to design; to plan; design,17,Work & Office,M,,27,,
w1343,项目,xiàngmù,5,item; project; (sports) event,17,Work & Office,M,,19,,
w1354,部门,bùmén,5,department,17,Work & Office,H,,,,
w1370,专家,zhuānjiā,5,expert; specialist,17,Work & Office,H,,,,
w1390,老板,lǎobǎn,5,boss; business proprietor,17,Work & Office,H,,,,
w1416,执行,zhíxíng,5,to implement; to carry out; to execute,17,Work & Office,M,,29,,
w1418,文件,wénjiàn,5,document; file,17,Work & Office,H,,,,
w1437,领导,lǐngdǎo,5,lead; leading; to lead,17,Work & Office,H,,,,
w1463,挑战,tiǎozhàn,5,to challenge; challenge,17,Work & Office,M,,19,,
w1465,设备,shèbèi,5,equipment; facilities; installations,17,Work & Office,M,,8,,
w1525,升,shēng,5,to ascend; to rise to the rank of; to promote,17,Work & Office,H,,,,
w1558,调整,tiáozhěng,5,to adjust; adjustment; revision,17,Work & Office,L,CHECK,29,,generic verb no clear topic fit
w1575,方案,fāng'àn,5,scheme; plan,17,Work & Office,M,,29,,
w1587,指导,zhǐdǎo,5,to guide; to give directions; to direct,17,Work & Office,M,,16,,
w1597,争取,zhēngqǔ,5,to fight for; to strive for; to win over,17,Work & Office,M,,21,,
w1610,资格,zīgé,5,qualifications; seniority,17,Work & Office,M,,16,,
w1615,命令,mìnglìng,5,order; command,17,Work & Office,M,,26,,
w1626,行业,hángyè,5,trade; profession; industry,17,Work & Office,M,,25,,
w1628,配合,pèihé,5,matching; fitting in with; compatible with,17,Work & Office,M,,24,,
w1629,单位,dānwèi,5,unit “,17,Work & Office,M,,3,,
w1633,承担,chéngdān,5,bear,17,Work & Office,M,,29,,
w1648,工人,gōngrén,5,worker,17,Work & Office,H,,,,
w1673,出席,chūxí,5,attend,17,Work & Office,M,,22,,
w1699,工厂,gōngchǎng,5,factory,17,Work & Office,H,,,,
w1701,人才,réncái,5,talent; talented person; looks,17,Work & Office,H,,,,
w1705,指挥,zhǐhuī,5,to conduct; to command; to direct,17,Work & Office,M,,19,,
w1720,咨询,zīxún,5,to consult; to seek advice; consultation,17,Work & Office,H,,,,
w1747,业务,yèwù,5,business; professional work; service,17,Work & Office,H,,,,
w1769,成就,chéngjiù,5,achievement,17,Work & Office,M,,29,,
w1791,委托,wěituō,5,to entrust; to trust; to commission,17,Work & Office,M,,25,,
w1792,主持,zhǔchí,5,to take charge of; to manage or direct; to preside over,17,Work & Office,H,,,,
w1821,从事,cóngshì,5,to go for; to engage in; to undertake,17,Work & Office,H,,,,
w1834,退休,tuìxiū,5,to retire (from the workforce); to go into retirement,17,Work & Office,H,,,,
w1835,成果,chéngguǒ,5,achievement; result,17,Work & Office,M,,16,,
w1880,农民,nóngmín,5,peasant; farmer,17,Work & Office,H,,,,
w1891,集体,jítǐ,5,collective (decision); joint (effort); a group,17,Work & Office,M,,26,,
w1892,收获,shōuhuò,5,to harvest; to reap; to gain,17,Work & Office,M,,15,,
w1903,分配,fēnpèi,5,distribute; allocate,17,Work & Office,M,,25,,
w1905,修改,xiūgǎi,5,to amend; to alter; to modify,17,Work & Office,M,,16,,
w1909,辞职,cízhí,5,resign,17,Work & Office,H,,,,
w1911,抓紧,zhuājǐn,5,to keep a firm grip on; to pay close attention to,17,Work & Office,M,,9,,
w1933,担任,dānrèn,5,served as,17,Work & Office,H,,,,
w1955,召开,zhàokāi,5,to convene (a conference or meeting); to convoke; to call together,17,Work & Office,H,,,,
w1962,总裁,zǒngcái,5,chairman; director-general (of a company etc),17,Work & Office,M,,25,,
w1963,协调,xiétiáo,5,to coordinate; to harmonize; to fit together,17,Work & Office,M,,29,,
w1977,会计,kuàijì,5,accountant; accountancy; accounting,17,Work & Office,M,,25,,
w2008,秘书,mìshū,5,secretary,17,Work & Office,H,,,,
w2028,劳动,láodòng,5,work; toil; physical labor,17,Work & Office,H,,,,
w2030,失业,shīyè,5,unemployment; to lose one's job,17,Work & Office,H,,,,
w2033,待遇,dàiyù,5,treatment; remuneration,17,Work & Office,H,,,,
w2038,前途,qiántú,5,prospects; future outlook; journey,17,Work & Office,M,,29,,
w2042,打工,dǎgōng,5,do manual work for sb,17,Work & Office,H,,,,
w2077,效率,xiàolǜ,5,efficiency,17,Work & Office,M,,24,,
w2088,手续,shǒuxù,5,procedure; formalities,17,Work & Office,M,,26,,
w2091,签字,qiānzì,5,to sign (one's name); signature,17,Work & Office,H,,,,
w2107,接待,jiēdài,5,to receive (a visitor); to admit (allow sb to enter),17,Work & Office,M,,22,,
w2123,工程师,gōngchéngshī,5,engineer,17,Work & Office,H,,,,
w2152,实习,shíxí,5,to practice; field work; to intern,17,Work & Office,H,,,,
w2202,办理,bànlǐ,5,deal with; handle,17,Work & Office,H,,,,
w2218,名片,míngpiàn,5,(business) card,17,Work & Office,H,,,,
w2226,手工,shǒugōng,5,handwork; manual,17,Work & Office,M,,19,,
w2246,挣钱,zhèngqián,5,to make money,17,Work & Office,M,,7,,
w2273,人事,rénshì,5,personnel; human resources; human affairs,17,Work & Office,H,,,,
w2281,简历,jiǎnlì,5,curriculum vitae (CV); résumé; biographical notes,17,Work & Office,H,,,,
w2303,雇佣,gùyōng,5,employ; hire,17,Work & Office,H,,,,
w2536,干活儿,gànhuór,5,work,17,Work & Office,M,,8,,
w2561,机构,jīgòu,6,organization,17,Work & Office,M,,26,,
w2563,事业,shìyè,6,career; enterprise,17,Work & Office,H,,,,
w2580,展示,zhǎnshì,6,show,17,Work & Office,M,,25,,
w2635,档案,dàng'àn,6,archives; file,17,Work & Office,H,,,,
w2637,协会,xiéhuì,6,association,17,Work & Office,M,,26,,
w2662,主管,zhǔguǎn,6,person in charge; in charge of,17,Work & Office,H,,,,
w2664,奖励,jiǎnglì,6,reward; award,17,Work & Office,M,,16,,
w2705,评估,pínggū,6,assess; evaluate,17,Work & Office,H,,,,
w2738,动手,dòngshǒu,6,start work,17,Work & Office,M,,9,,
w2741,监督,jiāndū,6,supervise,17,Work & Office,H,,,,
w2777,培训,péixùn,6,cultivate; train,17,Work & Office,M,,16,,
w2786,指示,zhǐshì,6,instruct; instructions,17,Work & Office,H,,,,
w2791,引导,yǐndǎo,6,guide,17,Work & Office,M,,21,,
w2792,协助,xiézhù,6,assist; help,17,Work & Office,M,,22,,
w2796,顾问,gùwèn,6,adviser; consultant,17,Work & Office,H,,,,
w2797,助理,zhùlǐ,6,assistant,17,Work & Office,H,,,,
w2804,策划,cèhuà,6,plan; plot; scheme,17,Work & Office,M,,25,,
w2806,行政,xíngzhèng,6,administration,17,Work & Office,H,,,,
w2817,规划,guīhuà,6,planning; programming; project,17,Work & Office,M,,25,,
w2825,代理,dàilǐ,6,agent,17,Work & Office,H,,,,
w2829,机关,jīguān,6,office; organ,17,Work & Office,H,,26,,
w2841,带领,dàilǐng,6,lead,17,Work & Office,M,,21,,
w2850,签署,qiānshǔ,6,sign,17,Work & Office,H,,25,,
w2862,汇报,huìbào,6,report; give an account of,17,Work & Office,H,,,,
w2863,鉴定,jiàndìng,6,appraisal,17,Work & Office,M,,26,,
w2886,事务,shìwù,6,affairs,17,Work & Office,H,,,,
w2888,技能,jìnéng,6,skill,17,Work & Office,M,,16,,
w2900,职位,zhíwèi,6,position; post; job,17,Work & Office,H,,,,
w2942,岗位,gǎngwèi,6,post; station,17,Work & Office,H,,,,
w2946,福利,fúlì,6,welfare,17,Work & Office,M,,26,,
w2967,指定,zhǐdìng,6,appoint; assign,17,Work & Office,H,,,,
w2983,履行,lǚxíng,6,perform; fulfil; carry out,17,Work & Office,M,,25,,
w3040,设立,shèlì,6,establish; set up,17,Work & Office,M,,25,,
w3055,搭档,dādàng,6,cooperate; work together; partner,17,Work & Office,M,,22,,
w3056,使命,shǐmìng,6,mission,17,Work & Office,M,,29,,
w3061,保密,bǎomì,6,keep secret,17,Work & Office,M,,29,,
w3064,等级,děngjí,6,rank; grade,17,Work & Office,M,,16,,
w3082,保姆,bǎomǔ,6,nurse; housekeeper; babysitter,17,Work & Office,M,,5,,
w3091,助手,zhùshǒu,6,assistant,17,Work & Office,H,,,,
w3117,上级,shàngjí,6,superiors,17,Work & Office,H,,,,
w3127,部署,bùshǔ,6,arrange; map out; arrangement,17,Work & Office,M,,26,,
w3141,期限,qīxiàn,6,deadline,17,Work & Office,M,,4,,
w3162,职务,zhíwù,6,position,17,Work & Office,H,,,,
w3169,安置,ānzhì,6,placement; arrange for,17,Work & Office,M,,29,,
w3197,开展,kāizhǎn,6,launch; develop,17,Work & Office,M,,29,,
w3202,决策,juécè,6,policy decision,17,Work & Office,M,,26,,
w3204,机遇,jīyù,6,opportunity,17,Work & Office,M,,29,,
w3247,报酬,bàochou,6,remuneration; pay; reward,17,Work & Office,H,,,,
w3270,开除,kāichú,6,expel; dismiss,17,Work & Office,M,,16,,
w3306,任命,rènmìng,6,appoint,17,Work & Office,H,,,,
w3317,致力于,zhìlìyú,6,devote oneself to,17,Work & Office,M,,29,,
w3418,值班,zhíbān,6,on duty,17,Work & Office,H,,,,
w3420,授予,shòuyǔ,6,award,17,Work & Office,M,,26,,
w3437,辅助,fǔzhù,6,assist,17,Work & Office,M,,22,,
w3470,薪水,xīnshuǐ,6,salary,17,Work & Office,H,,,,
w3483,调动,diàodòng,6,transfer; shift,17,Work & Office,H,,,,
w3499,拖延,tuōyán,6,procrastination; delay,17,Work & Office,M,,21,,
w3513,下属,xiàshǔ,6,subordinate,17,Work & Office,H,,,,
w3514,选拔,xuǎnbá,6,select; choose,17,Work & Office,M,,16,,
w3519,就业,jiùyè,6,obtain employment,17,Work & Office,H,,,,
w3544,罢工,bàgōng,6,strike,17,Work & Office,H,,,,
w3558,公关,gōngguān,6,public relations,17,Work & Office,H,,,,
w3591,解散,jiěsàn,6,dismiss,17,Work & Office,H,,,,
w3592,筹备,chóubèi,6,prepare,17,Work & Office,M,,22,,
w3600,兼职,jiānzhí,6,part-time job,17,Work & Office,H,,,,
w3608,配备,pèibèi,6,with; equip with; provide with,17,Work & Office,M,,8,,
w3674,公务,gōngwù,6,public affairs; official business,17,Work & Office,H,,,,
w3682,报到,bàodào,6,check in; register; report for duty,17,Work & Office,M,,16,,
w3683,承办,chéngbàn,6,undertake,17,Work & Office,H,,,,
w3744,派遣,pàiqiǎn,6,dispatch; send,17,Work & Office,M,,26,,
w3750,事项,shìxiàng,6,matter,17,Work & Office,M,,29,,
w3757,器材,qìcái,6,equipment,17,Work & Office,M,,24,,
w3761,起草,qǐcǎo,6,draft out; draw up,17,Work & Office,H,,,,
w3769,筛选,shāixuǎn,6,filter,17,Work & Office,M,,24,,
w3779,对策,duìcè,6,the way to deal with a situation; countermeasure,17,Work & Office,M,,29,,
w3784,资深,zīshēn,6,senior,17,Work & Office,H,,,,
w3786,密封,mìfēng,6,seal up,17,Work & Office,M,,9,,
w3797,功劳,gōngláo,6,contribution; meritorious service; credit,17,Work & Office,M,,24,,
w3897,上任,shàngrèn,6,take office,17,Work & Office,H,,,,
w3900,率领,shuàilǐng,6,lead,17,Work & Office,M,,26,,
w3902,特长,tècháng,6,specialty,17,Work & Office,M,,16,,
w3904,主办,zhǔbàn,6,host,17,Work & Office,M,,22,,
w3915,董事长,dǒngshìzhǎng,6,chairman; president; board chairman,17,Work & Office,M,,25,,
w3922,繁忙,fánmáng,6,busy,17,Work & Office,M,,9,,
w3939,备忘录,bèiwànglù,6,memorandum; memo,17,Work & Office,H,,,,
w3996,整顿,zhěngdùn,6,reorganize,17,Work & Office,M,,25,,
w4017,徒弟,túdì,6,apprentice; disciple,17,Work & Office,M,,5,,
w4028,表彰,biǎozhāng,6,commend; award; honour,17,Work & Office,M,,16,,
w4048,开拓,kāituò,6,open up; exploit,17,Work & Office,M,,25,,
w4060,解雇,jiěgù,6,dismiss; fire,17,Work & Office,H,,,,
w4116,考核,kǎohé,6,assess; check; examine,17,Work & Office,H,,,,
w4121,报销,bàoxiāo,6,apply for reimbursement; submit an expense account,17,Work & Office,H,,,,
w4128,手艺,shǒuyì,6,craft; workmanship,17,Work & Office,M,,28,,
w4135,制订,zhìdìng,6,formulate,17,Work & Office,M,,26,,
w4144,提拔,tíbá,6,promoted,17,Work & Office,H,,,,
w4154,晋升,jìnshēng,6,promote to a higher office,17,Work & Office,H,,,,
w4175,后勤,hòuqín,6,logistics,17,Work & Office,H,,,,
w4231,会晤,huìwù,6,meet,17,Work & Office,M,,22,,
w4277,裁员,cáiyuán,6,cut down the number of persons employed,17,Work & Office,H,,,,
w4324,就职,jiùzhí,6,entrance; assume office,17,Work & Office,H,,,,
w4325,专长,zhuāncháng,6,specialty,17,Work & Office,H,,,,
w4400,职能,zhínéng,6,function,17,Work & Office,M,,26,,
w4410,督促,dūcù,6,supervise and urge,17,Work & Office,M,,16,,
w4429,致辞,zhìcí,6,make a speech,17,Work & Office,M,,22,,
w4445,落实,luòshí,6,practicable; workable,17,Work & Office,M,,29,,
w4464,为首,wéishǒu,6,headed by,17,Work & Office,M,,26,,
w4479,参谋,cānmóu,6,staff officer; give advice,17,Work & Office,H,,,,
w4485,渔民,yúmín,6,fishermen,17,Work & Office,H,,,,
w4523,齐心协力,qíxīn-xiélì,6,make concerted efforts,17,Work & Office,M,,22,,
w4571,精简,jīngjiǎn,6,retrench; simplify,17,Work & Office,M,,25,,
w4575,外行,wàiháng,6,nonprofessional,17,Work & Office,H,,,,
w4585,请示,qǐngshì,6,ask for instructions,17,Work & Office,H,,,,
w4613,威信,wēixìn,6,prestige,17,Work & Office,M,,26,,
w4617,验收,yànshōu,6,check and accept,17,Work & Office,M,,25,,
w4629,骨干,gǔgàn,6,backbone,17,Work & Office,H,,,,
w4634,检讨,jiǎntǎo,6,review,17,Work & Office,M,,21,,
w4635,拟定,nǐdìng,6,protocol; study out,17,Work & Office,H,,,,
w4738,盖章,gàizhāng,6,affix one's seal; seal,17,Work & Office,M,,25,,
w4805,把关,bǎguān,6,guard a pass,17,Work & Office,L,CHECK,26,,abstract meaning; unclear which topic fits
w4811,操劳,cāoláo,6,work hard,17,Work & Office,H,,,,
w4868,兢兢业业,jīngjīngyèyè,6,be conscientious and do one's best,17,Work & Office,M,,21,,
w4878,常务,chángwù,6,routine; day-to-day business,17,Work & Office,H,,,,
w4946,任重道远,rènzhòng-dàoyuǎn,6,heavy responsibilities,17,Work & Office,M,,30,,
w4999,纪要,jìyào,6,summary; memorandum,17,Work & Office,H,,,,
w5029,锦绣前程,jǐnxiù-qiánchéng,6,bright prospect; glorious future,17,Work & Office,M,,30,,
w0097,电视,diànshì,1,television,18,"Phone, Internet & Media",H,,,,
w0114,电脑,diànnǎo,1,computer,18,"Phone, Internet & Media",H,,,,
w0119,打电话,dǎ diànhuà,1,make a phone call,18,"Phone, Internet & Media",H,,,,
w0250,手机,shǒujī,2,mobile phone,18,"Phone, Internet & Media",H,,,,
w0281,报纸,bàozhǐ,2,newspaper,18,"Phone, Internet & Media",H,,,,
w0373,发,fā,3,send,18,"Phone, Internet & Media",M,,29,,
w0377,信,xìn,3,letter; mail; to trust,18,"Phone, Internet & Media",M,,23,,
w0379,接,jiē,3,accept; receive; go on,18,"Phone, Internet & Media",M,,9,,
w0427,照片,zhàopiàn,3,photo,18,"Phone, Internet & Media",M,,19,,
w0432,新闻,xīnwén,3,news,18,"Phone, Internet & Media",H,,,,
w0444,节目,jiémù,3,show; performance; program,18,"Phone, Internet & Media",M,,19,,
w0509,电子,diànzǐ,3,electronic; electron (particle physics),18,"Phone, Internet & Media",M,,27,,
w0577,笔记本,bǐjìběn,3,notebook; laptop,18,"Phone, Internet & Media",M,,16,,
w0581,上网,shàngwǎng,3,get online,18,"Phone, Internet & Media",H,,,,
w0620,电子邮件,diànzǐyóujiàn,3,email,18,"Phone, Internet & Media",H,,,,
w0624,照相机,zhàoxiàngjī,3,camera,18,"Phone, Internet & Media",H,,,,
w0674,消息,xiāoxi,4,information; news; tidings,18,"Phone, Internet & Media",H,,,,
w0706,信息,xìnxī,4,information; news,18,"Phone, Internet & Media",H,,,,
w0749,记者,jìzhě,4,reporter; journalist,18,"Phone, Internet & Media",H,,,,
w0761,报道,bàodào,4,to report (news); report,18,"Phone, Internet & Media",H,,,,
w0801,广告,guǎnggào,4,advertisement; commercial,18,"Phone, Internet & Media",H,,,,
w0897,杂志,zázhì,4,magazine,18,"Phone, Internet & Media",H,,,,
w0951,网站,wǎngzhàn,4,website,18,"Phone, Internet & Media",H,,,,
w1069,密码,mìmǎ,4,code; password,18,"Phone, Internet & Media",H,,,,
w1083,广播,guǎngbō,4,broadcasting,18,"Phone, Internet & Media",H,,,,
w1104,计算机,jìsuànjī,4,computer,18,"Phone, Internet & Media",H,,,,
w1161,互联网,hùliánwǎng,4,the Internet; internet,18,"Phone, Internet & Media",H,,,,
w1204,传真,chuánzhēn,4,fax,18,"Phone, Internet & Media",H,,,,
w1224,打印,dǎyìn,4,print,18,"Phone, Internet & Media",M,,17,,
w1283,占线,zhànxiàn,4,The line is busy.,18,"Phone, Internet & Media",H,,,,
w1290,短信,duǎnxìn,4,short message; message,18,"Phone, Internet & Media",H,,,,
w1360,显示,xiǎnshì,5,to show; to illustrate; to display,18,"Phone, Internet & Media",M,,29,,
w1440,明星,míngxīng,5,star; celebrity,18,"Phone, Internet & Media",M,,19,,
w1500,程序,chéngxù,5,procedure; program,18,"Phone, Internet & Media",M,,17,,
w1506,发表,fābiǎo,5,publish,18,"Phone, Internet & Media",M,,16,,
w1511,信号,xìnhào,5,signal,18,"Phone, Internet & Media",M,,27,,
w1534,采访,cǎifǎng,5,interview,18,"Phone, Internet & Media",H,,,,
w1564,宣传,xuānchuán,5,to disseminate; to give publicity to; propaganda,18,"Phone, Internet & Media",M,,26,,
w1580,功能,gōngnéng,5,function,18,"Phone, Internet & Media",M,,24,,
w1653,闻,wén,5,to hear; news; well-known,18,"Phone, Internet & Media",M,,23,,
w1657,编辑,biānjí,5,edit; editor,18,"Phone, Internet & Media",M,,17,,
w1698,公布,gōngbù,5,announce; publish; make public [known],18,"Phone, Internet & Media",M,,26,,
w1743,频道,píndào,5,frequency; (television) channel,18,"Phone, Internet & Media",H,,,,
w1757,出版,chūbǎn,5,publish,18,"Phone, Internet & Media",M,,28,,
w1851,软件,ruǎnjiàn,5,(computer) software,18,"Phone, Internet & Media",H,,,,
w1866,安装,ānzhuāng,5,install,18,"Phone, Internet & Media",M,,8,,
w1888,传播,chuánbō,5,spread,18,"Phone, Internet & Media",M,,26,,
w1894,通讯,tōngxùn,5,communications; news story; dispatch,18,"Phone, Internet & Media",H,,,,
w1913,保存,bǎocún,5,save; keep; store,18,"Phone, Internet & Media",M,,8,,
w1923,电池,diànchí,5,battery,18,"Phone, Internet & Media",H,,,,
w2000,下载,xiàzǎi,5,to download,18,"Phone, Internet & Media",H,,,,
w2026,输入,shūrù,5,to import; to input,18,"Phone, Internet & Media",M,,25,,
w2104,复制,fùzhì,5,copy,18,"Phone, Internet & Media",M,,27,,
w2106,录音,lùyīn,5,to record (sound); sound recording,18,"Phone, Internet & Media",H,,,,
w2117,电台,diàntái,5,radio station,18,"Phone, Internet & Media",H,,,,
w2233,删除,shānchú,5,to delete; to cancel,18,"Phone, Internet & Media",H,,,,
w2248,目录,mùlù,5,catalog; table of contents; directory (on computer hard drive),18,"Phone, Internet & Media",M,,16,,
w2261,浏览,liúlǎn,5,to skim over; to browse,18,"Phone, Internet & Media",M,,16,,
w2290,键盘,jiànpán,5,keyboard,18,"Phone, Internet & Media",H,,,,
w2375,硬件,yìngjiàn,5,hardware,18,"Phone, Internet & Media",H,,,,
w2392,动画片,dònghuàpiàn,5,cartoon,18,"Phone, Internet & Media",M,,19,,
w2404,字幕,zìmù,5,caption; subtitle,18,"Phone, Internet & Media",H,,,,
w2421,麦克风,màikèfēng,5,microphone (loanword),18,"Phone, Internet & Media",H,,,,
w2438,磁带,cídài,5,tape,18,"Phone, Internet & Media",H,,,,
w2452,连续剧,liánxùjù,5,serialized drama; dramatic series; show in parts,18,"Phone, Internet & Media",H,,,,
w2454,光盘,guāngpán,5,compact disc,18,"Phone, Internet & Media",H,,,,
w2478,充电器,chōngdiànqì,5,charger,18,"Phone, Internet & Media",H,,,,
w2492,鼠标,shǔbiāo,5,mouse (computing),18,"Phone, Internet & Media",H,,,,
w2530,解说员,jiěshuōyuán,5,commentator,18,"Phone, Internet & Media",M,,17,,
w2559,媒体,méitǐ,6,media,18,"Phone, Internet & Media",H,,,,
w2568,网络,wǎngluò,6,network; internet,18,"Phone, Internet & Media",H,,,,
w2645,镜头,jìngtóu,6,shot,18,"Phone, Internet & Media",H,,,,
w2659,发布,fābù,6,publish; post,18,"Phone, Internet & Media",H,,,,
w2694,搜索,sōusuǒ,6,search for,18,"Phone, Internet & Media",M,,23,,
w2723,提示,tíshì,6,prompt,18,"Phone, Internet & Media",M,,23,,
w2725,设置,shèzhì,6,set up,18,"Phone, Internet & Media",M,,8,,
w2740,直播,zhíbō,6,live; live telecast,18,"Phone, Internet & Media",H,,,,
w2776,发行,fāxíng,6,issue; distributing and releasing; publish,18,"Phone, Internet & Media",M,,25,,
w2821,播放,bōfàng,6,broadcast,18,"Phone, Internet & Media",H,,,,
w2868,用户,yònghù,6,user; consumer,18,"Phone, Internet & Media",H,,7,,
w2906,版本,bǎnběn,6,edition; version,18,"Phone, Internet & Media",M,,28,,
w2907,干扰,gānrǎo,6,disturb; obstruct,18,"Phone, Internet & Media",M,,29,,
w2908,联络,liánluò,6,get in touch with; contact; connect with,18,"Phone, Internet & Media",H,,22,,
w3023,曝光,bàoguāng,6,exposure; expose,18,"Phone, Internet & Media",H,,,,
w3083,更新,gēngxīn,6,renew; replace; renovate,18,"Phone, Internet & Media",M,,8,,
w3217,指令,zhǐlìng,6,instruction; command; order,18,"Phone, Internet & Media",M,,17,,
w3235,拨打,bōdǎ,6,dial,18,"Phone, Internet & Media",H,,,,
w3367,登录,dēnglù,6,log in; register,18,"Phone, Internet & Media",H,,,,
w3400,论坛,lùntán,6,forum; tribune,18,"Phone, Internet & Media",M,,26,,
w3408,验证,yànzhèng,6,verify; authenticate,18,"Phone, Internet & Media",M,,27,,
w3461,导航,dǎoháng,6,navigation,18,"Phone, Internet & Media",M,,12,,
w3497,刊登,kāndēng,6,publish; carry,18,"Phone, Internet & Media",H,,,,
w3498,泄露,xièlù,6,disclose; reveal,18,"Phone, Internet & Media",M,,23,,
w3590,报社,bàoshè,6,newspaper office,18,"Phone, Internet & Media",H,,,,
w3627,音响,yīnxiǎng,6,sound,18,"Phone, Internet & Media",H,,,,
w3630,标题,biāotí,6,title; heading,18,"Phone, Internet & Media",H,,,,
w3672,印刷,yìnshuā,6,print,18,"Phone, Internet & Media",M,,17,,
w3760,收音机,shōuyīnjī,6,radio,18,"Phone, Internet & Media",H,,,,
w3842,内幕,nèimù,6,inside story,18,"Phone, Internet & Media",M,,26,,
w4001,遥控,yáokòng,6,remote control,18,"Phone, Internet & Media",M,,27,,
w4026,格式,géshì,6,format; form,18,"Phone, Internet & Media",M,,17,,
w4082,备份,bèifèn,6,backup,18,"Phone, Internet & Media",H,,,,
w4153,话筒,huàtǒng,6,microphone,18,"Phone, Internet & Media",H,,,,
w4157,栏目,lánmù,6,columns,18,"Phone, Internet & Media",H,,,,
w4321,附件,fùjiàn,6,accessories; attachment,18,"Phone, Internet & Media",M,,11,,
w4328,传单,chuándān,6,leaflet; handbill,18,"Phone, Internet & Media",H,,,,
w4364,媒介,méijiè,6,intermediary; medium,18,"Phone, Internet & Media",H,,,,
w4508,刊物,kānwù,6,publication; journal,18,"Phone, Internet & Media",H,,,,
w4558,据悉,jùxī,6,it is reported; by report,18,"Phone, Internet & Media",M,,23,,
w4641,时事,shíshì,6,current events,18,"Phone, Internet & Media",H,,,,
w4674,启事,qǐshì,6,notice; announcement,18,"Phone, Internet & Media",H,,,,
w4683,荧屏,yíngpíng,6,screen,18,"Phone, Internet & Media",H,,,,
w4764,稿件,gǎojiàn,6,manuscript; contribution,18,"Phone, Internet & Media",M,,16,,
w4990,布告,bùgào,6,notice; bulletin; proclamation,18,"Phone, Internet & Media",M,,17,,
w0084,电影,diànyǐng,1,motion picture; movie; film,19,Hobbies & Sports,H,,,,
w0227,玩,wán,2,play,19,Hobbies & Sports,H,,,,
w0259,运动,yùndòng,2,take exercise,19,Hobbies & Sports,H,,,,
w0284,踢,tī,2,to kick; to play (e.g. soccer),19,Hobbies & Sports,H,,,,
w0292,唱歌,chànggē,2,sing,19,Hobbies & Sports,H,,,,
w0298,游泳,yóuyǒng,2,swim,19,Hobbies & Sports,H,,,,
w0299,跳舞,tiàowǔ,2,dance,19,Hobbies & Sports,H,,,,
w0307,跑步,pǎobù,2,run; jog,19,Hobbies & Sports,M,,10,,
w0315,打篮球,dǎ lánqiú,2,play basketball,19,Hobbies & Sports,H,,,,
w0317,踢足球,tī zúqiú,2,play soccer,19,Hobbies & Sports,H,,,,
w0352,比赛,bǐsài,3,competition; compete,19,Hobbies & Sports,H,,,,
w0400,游戏,yóuxì,3,game; play; recreation,19,Hobbies & Sports,H,,,,
w0423,音乐,yīnyuè,3,music,19,Hobbies & Sports,H,,,,
w0463,画,huà,3,draw; paint; picture,19,Hobbies & Sports,H,,,,
w0464,表演,biǎoyǎn,3,act; perform; play,19,Hobbies & Sports,H,,,,
w0507,兴趣,xìngqù,3,interest (desire to know about sth); interest (thing in which one is interested),19,Hobbies & Sports,H,,,,
w0529,体育,tǐyù,3,sports; sports activities,19,Hobbies & Sports,H,,,,
w0571,锻炼,duànliàn,3,do physical training; to take exercise,19,Hobbies & Sports,H,,,,
w0594,爱好,àihào,3,hobby; an interest; fancy,19,Hobbies & Sports,H,,,,
w0631,爬山,páshān,3,climb mountains,19,Hobbies & Sports,H,,,,
w0702,活动,huódòng,4,take exercise; activity,19,Hobbies & Sports,H,,,,
w0770,赢,yíng,4,win,19,Hobbies & Sports,H,,,,
w0835,观众,guānzhòng,4,viewer; spectator; audience,19,Hobbies & Sports,M,,18,,
w0848,精彩,jīngcǎi,4,"(of a performance, match, etc.) brilliant, wonderful",19,Hobbies & Sports,M,,28,,
w0865,输,shū,4,lose; be beaten; be defeated,19,Hobbies & Sports,H,,,,
w0870,动作,dòngzuò,4,movement; action; motion,19,Hobbies & Sports,M,,24,,
w0882,演出,yǎnchū,4,performance; presentation,19,Hobbies & Sports,M,,28,,
w1020,弹,tán,4,to pluck (a string); to play (a string instrument); to spring or leap,19,Hobbies & Sports,H,,,,
w1030,小说,xiǎoshuō,4,novel; fiction,19,Hobbies & Sports,M,,28,,
w1103,功夫,gōngfu,4,Kung Fu,19,Hobbies & Sports,M,,28,,
w1173,网球,wǎngqiú,4,tennis,19,Hobbies & Sports,H,,,,
w1242,乒乓球,pīngpāngqiú,4,table tennis; ping-pong,19,Hobbies & Sports,H,,,,
w1263,排球,páiqiú,4,volleyball,19,Hobbies & Sports,H,,,,
w1270,羽毛球,yǔmáoqiú,4,badminton,19,Hobbies & Sports,H,,,,
w1287,弹钢琴,tán gāngqín,4,play the piano,19,Hobbies & Sports,H,,,,
w1352,训练,xùnliàn,5,to train; to drill; training,19,Hobbies & Sports,H,,,,
w1379,冠军,guànjūn,5,champion,19,Hobbies & Sports,H,,,,
w1439,胜利,shènglì,5,victory,19,Hobbies & Sports,M,,26,,
w1468,俱乐部,jùlèbù,5,club (the organisation or its premises) (loanword),19,Hobbies & Sports,M,,22,,
w1469,对手,duìshǒu,5,opponent,19,Hobbies & Sports,M,,25,,
w1518,教练,jiàoliàn,5,instructor; sports coach; trainer,19,Hobbies & Sports,H,,,,
w1608,娱乐,yúlè,5,to entertain; to amuse; entertainment,19,Hobbies & Sports,H,,,,
w1622,决赛,juésài,5,finals (of a competition),19,Hobbies & Sports,H,,,,
w1772,激烈,jīliè,5,(of competition or fighting) intense; fierce; (of pain) acute,19,Hobbies & Sports,M,,24,,
w1794,摄影,shèyǐng,5,to take a photograph; photography; to shoot (a movie),19,Hobbies & Sports,H,,,,
w1801,玩具,wánjù,5,plaything; toy,19,Hobbies & Sports,H,,,,
w1878,纪录,jìlù,5,to record; record (written account); note-taker,19,Hobbies & Sports,M,,18,,
w1901,冒险,màoxiǎn,5,to take risks; to take chances; foray,19,Hobbies & Sports,M,,21,,
w1943,球迷,qiúmí,5,fan (ball sports),19,Hobbies & Sports,H,,,,
w2064,射击,shèjī,5,to shoot; to fire (a gun),19,Hobbies & Sports,M,,26,,
w2082,业余,yèyú,5,in one's spare time; outside working hours; amateur (historian etc),19,Hobbies & Sports,H,,,,
w2090,休闲,xiūxián,5,leisure; relaxation; not working,19,Hobbies & Sports,H,,,,
w2254,钓,diào,5,fishing,19,Hobbies & Sports,H,,,,
w2340,武术,wǔshù,5,military skill or technique (in former times),19,Hobbies & Sports,M,,28,,
w2401,滑冰,huábīng,5,to skate; skating,19,Hobbies & Sports,H,,,,
w2424,健身房,jiànshēnfáng,5,gym; gymnasium,19,Hobbies & Sports,H,,,,
w2462,象棋,xiàngqí,5,Chinese chess,19,Hobbies & Sports,H,,,,
w2465,空闲,kòngxián,5,idle; free time; leisure,19,Hobbies & Sports,M,,9,,
w2508,划船,huáchuán,5,to row a boat; rowing boat; rowing (sport),19,Hobbies & Sports,H,,,,
w2522,谜语,míyǔ,5,riddle; conundrum,19,Hobbies & Sports,H,,,,
w2531,太极拳,tàijíquán,5,"shadowboxing or Taiji, T'aichi or T'aichichuan",19,Hobbies & Sports,H,,,,
w2554,选手,xuǎnshǒu,6,contestant,19,Hobbies & Sports,H,,,,
w2649,淘汰,táotài,6,eliminate; knock out,19,Hobbies & Sports,H,,,,
w2657,舞蹈,wǔdǎo,6,dance,19,Hobbies & Sports,H,,,,
w2666,领先,lǐngxiān,6,be in the lead; keep ahead,19,Hobbies & Sports,M,,25,,
w2696,耍,shuǎ,6,play; juggle,19,Hobbies & Sports,M,,9,,
w2756,扮演,bànyǎn,6,act; play the part of,19,Hobbies & Sports,H,,,,
w2782,收藏,shōucáng,6,collect,19,Hobbies & Sports,H,,,,
w2793,防守,fángshǒu,6,defend; guard,19,Hobbies & Sports,M,,26,,
w2848,娃娃,wáwa,6,doll; baby,19,Hobbies & Sports,M,,5,,
w2864,超越,chāoyuè,6,overstep; transcend; surpass,19,Hobbies & Sports,M,,24,,
w2873,战术,zhànshù,6,tactics,19,Hobbies & Sports,M,,26,,
w2902,节奏,jiézòu,6,rhythm,19,Hobbies & Sports,H,,28,,
w2903,裁判,cáipàn,6,judge,19,Hobbies & Sports,H,,26,,
w2918,漫画,mànhuà,6,caricature; cartoon,19,Hobbies & Sports,M,,18,,
w2986,竞赛,jìngsài,6,competition,19,Hobbies & Sports,H,,,,
w3018,赌博,dǔbó,6,gamble; gambling,19,Hobbies & Sports,M,,26,,
w3139,摇滚,yáogǔn,6,rock,19,Hobbies & Sports,H,,,,
w3232,演奏,yǎnzòu,6,give an instrumental performance,19,Hobbies & Sports,H,,,,
w3233,彩票,cǎipiào,6,lottery ticket; raffle ticket,19,Hobbies & Sports,M,,7,,
w3287,魔术,móshù,6,magic,19,Hobbies & Sports,H,,,,
w3380,蹦,bèng,6,jump; bounce; hop,19,Hobbies & Sports,M,,9,,
w3506,卡通,kǎtōng,6,cartoon,19,Hobbies & Sports,M,,18,,
w3574,旋律,xuánlǜ,6,melody,19,Hobbies & Sports,H,,,,
w3602,较量,jiàoliàng,6,measure one's strength with; compare,19,Hobbies & Sports,M,,23,,
w3641,跳跃,tiàoyuè,6,jump; leap,19,Hobbies & Sports,H,,,,
w3651,弦,xián,6,string; chord,19,Hobbies & Sports,H,,,,
w3722,喇叭,lǎba,6,trumpet; horn,19,Hobbies & Sports,L,CHECK,12,,instrument or car horn unclear
w3735,胜负,shèngfù,6,victory or defeat,19,Hobbies & Sports,M,,24,,
w3852,曲子,qǔzi,6,song; tune; melody,19,Hobbies & Sports,H,,,,
w3855,潜水,qiánshuǐ,6,diving,19,Hobbies & Sports,H,,,,
w3961,阵容,zhènróng,6,line-up; battle array,19,Hobbies & Sports,M,,26,,
w4015,亚军,yàjūn,6,second place,19,Hobbies & Sports,H,,,,
w4091,拼搏,pīnbó,6,fighting,19,Hobbies & Sports,M,,21,,
w4134,哨,shào,6,whistle,19,Hobbies & Sports,L,CHECK,24,,whistle: context/topic unclear
w4161,田径,tiánjìng,6,track and field,19,Hobbies & Sports,H,,,,
w4246,夏令营,xiàlìngyíng,6,summer camp,19,Hobbies & Sports,M,,16,,
w4305,玩意儿,wányìr,6,thing; toy; plaything,19,Hobbies & Sports,M,,24,,
w4365,把戏,bǎxì,6,acrobatics; jugglery; trick,19,Hobbies & Sports,M,,29,,
w4373,杂技,zájì,6,acrobatics,19,Hobbies & Sports,H,,,,
w4435,攀登,pāndēng,6,climb,19,Hobbies & Sports,H,,,,
w4466,打猎,dǎliè,6,go hunting,19,Hobbies & Sports,H,,,,
w4581,奖赏,jiǎngshǎng,6,award; reward,19,Hobbies & Sports,M,,16,,
w4600,投掷,tóuzhì,6,pelt; throw,19,Hobbies & Sports,H,,,,
w4630,预赛,yùsài,6,preliminary contest,19,Hobbies & Sports,H,,,,
w4867,操练,cāoliàn,6,practice; drill,19,Hobbies & Sports,M,,17,,
w4874,乐谱,yuèpǔ,6,music score,19,Hobbies & Sports,H,,,,
w4877,季军,jìjūn,6,third winner in contest; second runner-up,19,Hobbies & Sports,H,,,,
w4921,气功,qìgōng,6,qigong(a system of deep breathing exercises),19,Hobbies & Sports,M,,10,,
w0048,爱,ài,1,love; like doing sth.,20,Feelings,H,,,,
w0049,喜欢,xǐhuan,1,like or be interested in (sb. or sth.),20,Feelings,H,,,,
w0111,高兴,gāoxìng,1,happy; glad; cheerful,20,Feelings,H,,,,
w0200,希望,xīwàng,2,hope; wish; want,20,Feelings,M,,23,,
w0222,笑,xiào,2,laugh; smile,20,Feelings,H,,,,
w0239,快乐,kuàilè,2,happy; joyful; cheerful,20,Feelings,H,,,,
w0354,担心,dānxīn,3,worry; be anxious; feel concerned,20,Feelings,H,,,,
w0438,哭,kū,3,cry; weep,20,Feelings,H,,,,
w0492,害怕,hàipà,3,be afraid; be frightened,20,Feelings,H,,,,
w0502,满意,mǎnyì,3,be satisfied,20,Feelings,H,,,,
w0520,生气,shēngqì,3,take offence; be/get angry; be offended,20,Feelings,H,,,,
w0528,舒服,shūfu,3,pleased; comfortable,20,Feelings,M,,10,,
w0533,放心,fàngxīn,3,be assured,20,Feelings,H,,,,
w0544,难过,nánguò,3,have a hard time,20,Feelings,H,,,,
w0587,着急,zháojí,3,worry; feel anxious,20,Feelings,H,,,,
w0628,感兴趣,gǎnxìngqù,3,interest; taste,20,Feelings,M,,19,,
w0655,感觉,gǎnjué,4,feeling; impression; sensation,20,Feelings,H,,,,
w0709,精神,jīngshén,4,spirit; mind; consciousness,20,Feelings,M,,28,,
w0714,开心,kāixīn,4,happy; joyful; delighted,20,Feelings,H,,,,
w0766,幸福,xìngfú,4,happy; well-being; happiness,20,Feelings,H,,,,
w0774,压力,yālì,4,pressure; strain; stress,20,Feelings,H,,,,
w0794,紧张,jǐnzhāng,4,feel nervous,20,Feelings,H,,,,
w0833,感情,gǎnqíng,4,feeling; emotion,20,Feelings,H,,,,
w0843,心情,xīnqíng,4,mood; frame of mind; temper,20,Feelings,H,,,,
w0864,讨厌,tǎoyàn,4,be tired of; be sick of; be disgusted at (by),20,Feelings,H,,,,
w0894,吸引,xīyǐn,4,attract; fascinate; arrest,20,Feelings,M,,29,,
w0920,轻松,qīngsōng,4,light; relaxed; relax,20,Feelings,H,,,,
w0931,兴奋,xīngfèn,4,excited,20,Feelings,H,,,,
w0941,激动,jīdòng,4,stir; excite; move,20,Feelings,H,,,,
w0943,可怜,kělián,4,pitiful; pitiable; poor,20,Feelings,H,,,,
w0948,无聊,wúliáo,4,boring; dull; uninteresting,20,Feelings,H,,,,
w0957,可惜,kěxī,4,regrettable; unfortunate,20,Feelings,H,,,,
w0967,失望,shīwàng,4,lose hope; disappointed; frustrated,20,Feelings,H,,,,
w0998,放松,fàngsōng,4,relax; to relax,20,Feelings,M,,19,,
w1005,信心,xìnxīn,4,confidence; faith; reliance,20,Feelings,M,,21,,
w1025,伤心,shāngxīn,4,sad; grieved; heart-broken,20,Feelings,H,,,,
w1033,后悔,hòuhuǐ,4,regret; repent,20,Feelings,H,,,,
w1035,感动,gǎndòng,4,move or touch sb; feel moved; be touched,20,Feelings,H,,,,
w1050,愉快,yúkuài,4,happy; pleased; joyful,20,Feelings,H,,,,
w1062,骄傲,jiāo'ào,4,proud,20,Feelings,M,,21,,
w1090,孤单,gūdān,4,lone; lonely; loneliness,20,Feelings,H,,,,
w1109,受不了,shòubuliǎo,4,can't bear; can't stand,20,Feelings,H,,,,
w1127,烦恼,fánnǎo,4,vexation; worry; trouble,20,Feelings,H,,,,
w1149,吃惊,chījīng,4,feel afraid suddenly; be startled; be shocked,20,Feelings,H,,,,
w1151,羡慕,xiànmù,4,admire; envy,20,Feelings,H,,,,
w1156,同情,tóngqíng,4,sympathize; show sympathy,20,Feelings,M,,22,,
w1194,得意,déyì,4,be pleased with oneself; pride oneself on sth (or doing sth),20,Feelings,H,,,,
w1205,害羞,hàixiū,4,shy,20,Feelings,M,,21,,
w1212,流泪,liúlèi,4,to shed tears,20,Feelings,H,,,,
w1322,哈,hā,5,ha! (laughter or surprise),20,Feelings,H,,,,
w1369,居然,jūrán,5,unexpectedly; to one's surprise; go so far as to,20,Feelings,M,,29,,
w1374,享受,xiǎngshòu,5,to enjoy; to live it up; pleasure,20,Feelings,H,,,,
w1376,反应,fǎnyìng,5,reaction; response,20,Feelings,M,,29,,
w1405,感受,gǎnshòu,5,feeling; feel,20,Feelings,H,,,,
w1411,期待,qīdài,5,to look forward to; to await; expectation,20,Feelings,H,,,,
w1417,痛苦,tòngkǔ,5,pain; suffering; painful,20,Feelings,H,,,,
w1459,满足,mǎnzú,5,to satisfy; to meet (the needs of); satisfied,20,Feelings,H,,,,
w1472,恐怖,kǒngbù,5,terrible; frightful; frightening,20,Feelings,H,,,,
w1495,恨,hèn,5,to hate; to regret,20,Feelings,H,,,,
w1510,情绪,qíngxù,5,mood; state of mind; moodiness,20,Feelings,H,,,,
w1516,幸运,xìngyùn,5,fortunate; lucky; fortune,20,Feelings,M,,24,,
w1523,吓,xià,5,to frighten; to scare,20,Feelings,H,,,,
w1533,表情,biǎoqíng,5,expression,20,Feelings,M,,11,,
w1538,遗憾,yíhàn,5,regret; to regret; to be sorry that,20,Feelings,H,,,,
w1548,刺激,cìjī,5,stimulate; irritate,20,Feelings,M,,10,,
w1554,可怕,kěpà,5,awful; dreadful; fearful,20,Feelings,H,,,,
w1593,微笑,wēixiào,5,smile; to smile,20,Feelings,H,,,,
w1617,欣赏,xīnshǎng,5,to appreciate; to enjoy; to admire,20,Feelings,M,,28,,
w1669,唉,āi,5,oh,20,Feelings,H,,,,
w1735,愿望,yuànwàng,5,desire; wish,20,Feelings,M,,29,,
w1773,想念,xiǎngniàn,5,to miss; to remember with longing; to long to see again,20,Feelings,H,,,,
w1779,愤怒,fènnù,5,anger; wrath; rage,20,Feelings,H,,,,
w1781,平静,píngjìng,5,tranquil; undisturbed; serene,20,Feelings,H,,,,
w1788,气氛,qìfēn,5,atmosphere; mood,20,Feelings,M,,24,,
w1800,运气,yùnqi,5,luck (good or bad),20,Feelings,M,,29,,
w1831,糟糕,zāogāo,5,too bad; how terrible; what bad luck,20,Feelings,H,,,,
w1856,安慰,ānwèi,5,comfort,20,Feelings,M,,22,,
w1858,寂寞,jìmò,5,lonely; lonesome; (of a place) quiet,20,Feelings,H,,,,
w1867,怀念,huáiniàn,5,to cherish the memory of; to think of; to reminisce,20,Feelings,H,,,,
w1877,感激,gǎnjī,5,appreciate,20,Feelings,H,,,,
w1887,珍惜,zhēnxī,5,to treasure; to value; to cherish,20,Feelings,M,,21,,
w1929,热烈,rèliè,5,enthusiastic; ardent; warm,20,Feelings,M,,21,,
w1942,忍不住,rěnbuzhù,5,cannot help; unable to bear,20,Feelings,M,,29,,
w1961,热爱,rè'ài,5,to love ardently; to adore,20,Feelings,H,,,,
w1994,不安,bù'ān,5,unpeaceful; uneasy,20,Feelings,H,,,,
w2021,自豪,zìháo,5,proud (of one's achievements etc),20,Feelings,H,,,,
w2069,犹豫,yóuyù,5,to hesitate,20,Feelings,M,,21,,
w2084,倒霉,dǎoméi,5,fall on hard time; be out of luck; unlucky,20,Feelings,H,,,,
w2134,爱心,àixīn,5,love; compassion,20,Feelings,H,,,,
w2182,糊涂,hútu,5,muddled; silly; confused,20,Feelings,M,,24,,
w2214,鼓舞,gǔwǔ,5,inspire,20,Feelings,M,,23,,
w2216,佩服,pèifú,5,to admire,20,Feelings,M,,21,,
w2305,关怀,guānhuái,5,care for N,20,Feelings,M,,22,,
w2319,无奈,wúnài,5,to have no alternative; frustrated; exasperated,20,Feelings,H,,,,
w2327,舍不得,shěbude,5,to hate to do sth; to hate to part with; to begrudge,20,Feelings,H,,,,
w2334,痛快,tòngkuài,5,delighted; to one's heart's content; straightforward,20,Feelings,H,,,,
w2351,操心,cāoxīn,5,worry,20,Feelings,H,,,,
w2371,发抖,fādǒu,5,to tremble; to shake; to shiver,20,Feelings,M,,10,,
w2373,盼望,pànwàng,5,to hope for; to look forward to,20,Feelings,H,,,,
w2380,爱护,àihù,5,protect; care; cherish,20,Feelings,M,,21,,
w2386,委屈,wěiqu,5,to feel wronged; to cause sb to feel wronged; grievance,20,Feelings,H,,,,
w2402,惭愧,cánkuì,5,ashamed; abashed,20,Feelings,H,,,,
w2406,感想,gǎnxiǎng,5,feeling,20,Feelings,M,,23,,
w2437,不耐烦,búnàifán,5,impatient,20,Feelings,M,,21,,
w2463,慌张,huāngzhāng,5,flustered; agitated,20,Feelings,H,,,,
w2479,发愁,fāchóu,5,worry,20,Feelings,H,,,,
w2503,灰心,huīxīn,5,to lose heart; to be discouraged,20,Feelings,H,,,,
w2669,激情,jīqíng,6,intense emotion; fervour; passion,20,Feelings,H,,,,
w2671,在乎,zàihu,6,care,20,Feelings,H,,,,
w2685,孤独,gūdú,6,lonely,20,Feelings,H,,,,
w2689,尴尬,gāngà,6,awkward; embarrassed,20,Feelings,H,,,,
w2709,心灵,xīnlíng,6,soul; heart; spirit,20,Feelings,M,,28,,
w2720,惊讶,jīngyà,6,surprised; amazed,20,Feelings,H,,,,
w2722,敏感,mǐngǎn,6,sensitive,20,Feelings,M,,10,,
w2746,恐惧,kǒngjù,6,fear,20,Feelings,H,,,,
w2748,渴望,kěwàng,6,dying to; thirst for,20,Feelings,H,,,,
w2766,期望,qīwàng,6,expectation; hope; expect,20,Feelings,H,,,,
w2781,欢乐,huānlè,6,happy; joyous,20,Feelings,H,,,,
w2799,折磨,zhémó,6,torment; cause physical or mental suffering,20,Feelings,M,,10,,
w2819,震惊,zhènjīng,6,shock,20,Feelings,H,,,,
w2840,嫉妒,jídù,6,be jealous of; envy,20,Feelings,H,,,,
w2860,崩溃,bēngkuì,6,collapse,20,Feelings,M,,29,,
w2875,欲望,yùwàng,6,desire,20,Feelings,H,,,,
w2887,在意,zàiyì,6,care; concern,20,Feelings,H,,,,
w2894,乐趣,lèqù,6,pleasure; joy,20,Feelings,H,,,,
w2898,绝望,juéwàng,6,give up all hope; despair,20,Feelings,H,,,,
w2913,忍受,rěnshòu,6,endure; stand; bear,20,Feelings,M,,21,,
w2980,挣扎,zhēngzhá,6,struggle,20,Feelings,M,,21,,
w3054,指望,zhǐwàng,6,hope,20,Feelings,H,,,,
w3080,崇拜,chóngbài,6,worship; admire,20,Feelings,M,,28,,
w3147,挨,āi,6,suffer; endure,20,Feelings,M,,29,,
w3160,警惕,jǐngtì,6,be on guard against; watch out for,20,Feelings,M,,21,,
w3182,嫌,xián,6,mislike,20,Feelings,H,,,,
w3200,悲哀,bēi'āi,6,grief; grieve; sorrow,20,Feelings,H,,,,
w3223,乐意,lèyì,6,be willing; be ready to,20,Feelings,H,,,,
w3243,激发,jīfā,6,arouse; stimulate,20,Feelings,M,,29,,
w3296,压抑,yāyì,6,oppress; constrain,20,Feelings,M,,21,,
w3305,憋,biē,6,shut up; hold back,20,Feelings,M,,10,,
w3328,沮丧,jǔsàng,6,dispirited; depressed,20,Feelings,H,,,,
w3361,思念,sīniàn,6,miss,20,Feelings,H,,,,
w3363,心态,xīntài,6,mentality,20,Feelings,M,,21,,
w3386,哎哟,āiyō,6,ouch,20,Feelings,L,CHECK,29,,"interjection, no clear topic"
w3396,可恶,kěwù,6,hateful; abominable,20,Feelings,H,,,,
w3471,疲惫,píbèi,6,exhausted; tired,20,Feelings,M,,10,,
w3517,喜悦,xǐyuè,6,joy; delightful; joyful,20,Feelings,H,,,,
w3522,惊奇,jīngqí,6,wonder; be surprised,20,Feelings,H,,,,
w3524,厌恶,yànwù,6,disgust; hate,20,Feelings,H,,,,
w3530,为难,wéinán,6,make sb feel difficult or embarrassed,20,Feelings,H,,,,
w3538,颤抖,chàndǒu,6,tremble; shiver; shake,20,Feelings,M,,10,,
w3567,悲惨,bēicǎn,6,tragic; miserable,20,Feelings,H,,,,
w3571,忧郁,yōuyù,6,gloomy,20,Feelings,H,,,,
w3613,欣慰,xīnwèi,6,be gratified,20,Feelings,H,,,,
w3626,向往,xiàngwǎng,6,yearn for; look forward to,20,Feelings,H,,,,
w3631,迷惑,míhuo,6,puzzle; delude; confuse,20,Feelings,H,,,,
w3642,挫折,cuòzhé,6,setback; frustration,20,Feelings,H,,,,
w3673,丢人,diūrén,6,lose face; be disgraced,20,Feelings,M,,21,,
w3685,别扭,bièniu,6,awkward; uncomfortable,20,Feelings,H,,,,
w3718,空虚,kōngxū,6,hollow; void,20,Feelings,M,,24,,
w3732,包袱,bāofu,6,burden,20,Feelings,M,,24,,
w3746,安宁,ānníng,6,peaceful,20,Feelings,M,,24,,
w3763,反感,fǎngǎn,6,repugnant,20,Feelings,H,,,,
w3832,顾虑,gùlǜ,6,misgiving; apprehension,20,Feelings,H,,,,
w3843,神情,shénqíng,6,look; expression,20,Feelings,M,,11,,
w3848,镇定,zhèndìng,6,equanimous,20,Feelings,M,,21,,
w3867,难堪,nánkān,6,intolerable; unbearable; embarrassed,20,Feelings,H,,,,
w3884,发火,fāhuǒ,6,get angry,20,Feelings,H,,,,
w3908,振奋,zhènfèn,6,rouse oneself; encourage,20,Feelings,M,,21,,
w3940,埋怨,mányuàn,6,complain; blame,20,Feelings,M,,23,,
w3951,活该,huógāi,6,serve sb. right,20,Feelings,M,,21,,
w3972,共鸣,gòngmíng,6,resonance,20,Feelings,M,,27,,
w3985,恨不得,hènbude,6,very anxious to; itch to,20,Feelings,H,,,,
w3993,畏惧,wèijù,6,fear,20,Feelings,H,,,,
w4000,镇静,zhènjìng,6,sedation; calm,20,Feelings,M,,10,,
w4006,愣,lèng,6,distracted; stare blankly,20,Feelings,M,,21,,
w4029,过瘾,guòyǐn,6,satisfy a craving,20,Feelings,M,,19,,
w4033,寄托,jìtuō,6,entrust to the care of sb; place hope on,20,Feelings,M,,5,,
w4110,冷淡,lěngdàn,6,treat coldly; turn a cold shoulder,20,Feelings,M,,21,,
w4112,流露,liúlù,6,reveal,20,Feelings,M,,23,,
w4136,着迷,zháomí,6,fascinated; obsessed,20,Feelings,H,,,,
w4167,恼火,nǎohuǒ,6,annoyed; irritated,20,Feelings,H,,,,
w4201,急切,jíqiè,6,eager; impatient,20,Feelings,H,,,,
w4206,惦记,diànjì,6,remember with concern,20,Feelings,M,,23,,
w4232,焦急,jiāojí,6,anxious; worried,20,Feelings,H,,,,
w4243,发呆,fādāi,6,stare blankly; (be) stupefied,20,Feelings,M,,9,,
w4244,自卑,zìbēi,6,self-contemptuous,20,Feelings,M,,21,,
w4250,茫然,mángrán,6,ignorant; vacant,20,Feelings,M,,24,,
w4252,留恋,liúliàn,6,be reluctant to leave,20,Feelings,H,,,,
w4263,快活,kuàihuo,6,happy; merry; cheerful,20,Feelings,H,,,,
w4304,沉闷,chénmèn,6,depressing,20,Feelings,H,,,,
w4307,心疼,xīnténg,6,love dearly,20,Feelings,H,,,,
w4308,钦佩,qīnpèi,6,admire,20,Feelings,H,,,,
w4343,福气,fúqi,6,happy lot; good fortune,20,Feelings,M,,28,,
w4366,迟疑,chíyí,6,hesitate,20,Feelings,M,,21,,
w4369,惋惜,wǎnxī,6,regretful,20,Feelings,H,,,,
w4392,爱戴,àidài,6,love and esteem,20,Feelings,H,,,,
w4452,羞耻,xiūchǐ,6,shamed,20,Feelings,H,,,,
w4457,惊动,jīngdòng,6,startle; alarm,20,Feelings,H,,,,
w4460,狼狈,lángbèi,6,in a difficult position; helter-skelter,20,Feelings,M,,24,,
w4478,无动于衷,wúdòng-yúzhōng,6,unmoved; be completely indifferent,20,Feelings,H,,,,
w4505,悔恨,huǐhèn,6,regret deeply,20,Feelings,H,,,,
w4510,安详,ānxiáng,6,serene,20,Feelings,H,,,,
w4524,叹气,tànqì,6,sigh,20,Feelings,H,,,,
w4553,胆怯,dǎnqiè,6,eeriness; shyness; timid,20,Feelings,M,,21,,
w4573,蔑视,mièshì,6,despise; show contempt for,20,Feelings,M,,23,,
w4577,诧异,chàyì,6,surprised; amazed,20,Feelings,H,,,,
w4582,受罪,shòuzuì,6,suffer,20,Feelings,M,,10,,
w4611,神色,shénsè,6,look,20,Feelings,M,,11,,
w4616,舒畅,shūchàng,6,comfortable,20,Feelings,H,,,,
w4620,无忧无虑,wúyōu-wúlǜ,6,carefree; no worries; a carefree type without a single worry,20,Feelings,H,,,,
w4660,牢骚,láosāo,6,complaint; discontent,20,Feelings,M,,23,,
w4670,感慨,gǎnkǎi,6,sigh with emotion,20,Feelings,H,,,,
w4714,兴高采烈,xìnggāo-cǎiliè,6,be jubilant; be in buoyant spirits,20,Feelings,M,,30,,
w4728,崇敬,chóngjìng,6,respect; esteem,20,Feelings,M,,21,,
w4733,拘束,jūshù,6,restrict,20,Feelings,M,,21,,
w4752,巴不得,bābude,6,anxious; look forward to,20,Feelings,H,,,,
w4758,泄气,xièqì,6,lose heart; discouraged,20,Feelings,H,,,,
w4767,劲头,jìntóu,6,strength; energy,20,Feelings,M,,21,,
w4813,敌视,díshì,6,be hostile to,20,Feelings,M,,21,,
w4820,热泪盈眶,rèlèi-yíngkuàng,6,tearful,20,Feelings,H,,,,
w4824,后顾之忧,hòugù-zhīyōu,6,any menace from the “rear”; cares at home,20,Feelings,L,CHECK,29,,worry idiom; no single clear topic
w4838,没辙,méizhé,6,can find no way out,20,Feelings,M,,23,,
w4840,兴致勃勃,xìngzhì-bóbó,6,be in the best of spirits,20,Feelings,H,,,,
w4845,伤脑筋,shāngnǎojīn,6,troublesome; cause sb. enough headache,20,Feelings,M,,24,,
w4846,无精打采,wújīng-dǎcǎi,6,listless; be in the blues,20,Feelings,H,,,,
w4850,爱不释手,àibúshìshǒu,6,like; be fond of and unwilling to part with,20,Feelings,H,,,,
w4857,咬牙切齿,yǎoyá-qièchǐ,6,gnash the teeth in anger,20,Feelings,H,,,,
w4894,踌躇,chóuchú,6,hesitate,20,Feelings,M,,21,,
w4931,出神,chūshén,6,be spellbound; be absorbed in,20,Feelings,M,,23,,
w4973,称心如意,chènxīn-rúyì,6,have sth. as one wishes,20,Feelings,M,,30,,
w4981,踊跃,yǒngyuè,6,enthusiastically; actively,20,Feelings,M,,21,,
w4987,知足常乐,zhīzú-chánglè,6,contentment makes happy,20,Feelings,M,,30,,
w5001,岂有此理,qǐyǒucǐlǐ,6,outrageous; absurd,20,Feelings,M,,30,,
w5032,纳闷儿,nàmènr,6,feel puzzled; be perplexed,20,Feelings,H,,,,
w0387,努力,nǔlì,3,hard-working; diligent,21,Personality & Behavior,H,,,,
w0439,敢,gǎn,3,dare to do,21,Personality & Behavior,M,,23,,
w0454,认真,rènzhēn,3,conscientious; earnest; serious,21,Personality & Behavior,H,,,,
w0483,小心,xiǎoxīn,3,take care; look out; careful,21,Personality & Behavior,H,,,,
w0513,聪明,cōngming,3,bright; clever; intelligent,21,Personality & Behavior,H,,,,
w0522,热情,rèqíng,3,fervent; warm,21,Personality & Behavior,H,,,,
w0902,态度,tàidu,4,manner; attitude,21,Personality & Behavior,H,,,,
w0938,浪费,làngfèi,4,squander; waste,21,Personality & Behavior,M,,29,,
w0940,尊重,zūnzhòng,4,respect; esteem,21,Personality & Behavior,H,,,,
w0942,骗,piàn,4,deceive; cheat,21,Personality & Behavior,M,,26,,
w0963,随便,suíbiàn,4,casual; random; informal,21,Personality & Behavior,H,,,,
w0976,适应,shìyìng,4,adjust; adapt; fit,21,Personality & Behavior,M,,24,,
w0984,积极,jījí,4,positive; vigorous,21,Personality & Behavior,M,,20,,
w0990,仔细,zǐxì,4,careful; attentive,21,Personality & Behavior,M,,24,,
w0991,严格,yángé,4,strict; rigorous; stringent,21,Personality & Behavior,H,,,,
w1008,故意,gùyì,4,intentionally; deliberately; designedly,21,Personality & Behavior,H,,,,
w1015,主动,zhǔdòng,4,to take the initiative; to do sth of one's own accord; spontaneous,21,Personality & Behavior,H,,,,
w1029,自信,zìxìn,4,self-confident,21,Personality & Behavior,M,,20,,
w1032,理想,lǐxiǎng,4,ideal; perfection; perfect,21,Personality & Behavior,M,,24,,
w1056,冷静,lěngjìng,4,calm; cool; dispassionate,21,Personality & Behavior,M,,20,,
w1059,勇敢,yǒnggǎn,4,brave; courageous,21,Personality & Behavior,H,,,,
w1064,性格,xìnggé,4,character; nature; temperament,21,Personality & Behavior,H,,,,
w1078,友好,yǒuhǎo,4,friendly; amicable,21,Personality & Behavior,M,,22,,
w1115,笨,bèn,4,dull; foolish; stupid,21,Personality & Behavior,M,,24,,
w1117,耐心,nàixīn,4,patience,21,Personality & Behavior,H,,,,
w1125,脾气,píqi,4,temper; disposition,21,Personality & Behavior,H,,,,
w1160,幽默,yōumò,4,humorous; funny,21,Personality & Behavior,H,,,,
w1176,诚实,chéngshí,4,honest,21,Personality & Behavior,H,,,,
w1190,懒,lǎn,4,lazy,21,Personality & Behavior,H,,,,
w1220,活泼,huópo,4,lively,21,Personality & Behavior,H,,,,
w1276,马虎,mǎhu,4,careless; negligent,21,Personality & Behavior,H,,,,
w1279,粗心,cūxīn,4,careless; thoughtless,21,Personality & Behavior,H,,,,
w1297,表现,biǎoxiàn,5,performance; show off,21,Personality & Behavior,M,,23,,
w1329,行为,xíngwéi,5,action; conduct; behavior,21,Personality & Behavior,H,,,,
w1386,心理,xīnlǐ,5,psychology; mentality,21,Personality & Behavior,M,,27,,
w1393,傻,shǎ,5,foolish,21,Personality & Behavior,H,,,,
w1428,身份,shēnfèn,5,identity; aspect of one's identity; role,21,Personality & Behavior,M,,26,,
w1447,呆,dāi,5,stay; slow-witted; dull,21,Personality & Behavior,M,,24,,
w1481,疯狂,fēngkuáng,5,insane; crazy,21,Personality & Behavior,M,,20,,
w1654,对待,duìdài,5,treat,21,Personality & Behavior,M,,23,,
w1656,道德,dàodé,5,morality,21,Personality & Behavior,M,,28,,
w1680,坚强,jiānqiáng,5,staunch; strong,21,Personality & Behavior,H,,,,
w1693,个性,gèxìng,5,personality,21,Personality & Behavior,H,,,,
w1703,魅力,mèilì,5,charm; fascination; glamor,21,Personality & Behavior,M,,24,,
w1774,勇气,yǒngqì,5,courage; valor,21,Personality & Behavior,H,,,,
w1803,智慧,zhìhuì,5,wisdom; knowledge; intelligent,21,Personality & Behavior,H,,,,
w1828,沉默,chénmò,5,silence; reticent; taciturn,21,Personality & Behavior,M,,23,,
w1850,温柔,wēnróu,5,gentle and soft; tender; sweet (commonly used to describe a girl or woman),21,Personality & Behavior,H,,,,
w1852,严肃,yánsù,5,solemn; grave; serious,21,Personality & Behavior,H,,,,
w1868,荣誉,róngyù,5,honor; credit; glory,21,Personality & Behavior,M,,17,,
w1879,乖,guāi,5,well-behaved,21,Personality & Behavior,M,,5,,
w1890,好奇,hàoqí,5,inquisitive; curious; inquisitiveness,21,Personality & Behavior,H,,,,
w1924,乐观,lèguān,5,optimistic; hopeful,21,Personality & Behavior,M,,20,,
w1937,善良,shànliáng,5,good and honest; kindhearted,21,Personality & Behavior,H,,,,
w1938,可靠,kěkào,5,reliable,21,Personality & Behavior,M,,24,,
w1950,克服,kèfú,5,(try to) overcome (hardships etc); to conquer; to put up with,21,Personality & Behavior,M,,29,,
w1986,奋斗,fèndòu,5,struggle,21,Personality & Behavior,M,,17,,
w1995,谨慎,jǐnshèn,5,cautious; prudent,21,Personality & Behavior,H,,,,
w1996,尽力,jìnlì,5,to strive one's hardest; to spare no effort,21,Personality & Behavior,M,,29,,
w2011,假装,jiǎzhuāng,5,to feign; to pretend,21,Personality & Behavior,M,,23,,
w2014,尊敬,zūnjìng,5,to respect; to revere; to esteem,21,Personality & Behavior,M,,22,,
w2024,单纯,dānchún,5,simple; pure,21,Personality & Behavior,M,,24,,
w2027,逃避,táobì,5,to escape; to evade; to avoid,21,Personality & Behavior,M,,29,,
w2043,自愿,zìyuàn,5,voluntary,21,Personality & Behavior,H,,,,
w2050,活跃,huóyuè,5,active; lively; excited,21,Personality & Behavior,M,,20,,
w2056,忽视,hūshì,5,to neglect; to overlook; to disregard,21,Personality & Behavior,M,,23,,
w2060,光荣,guāngróng,5,honour; glory,21,Personality & Behavior,M,,24,,
w2072,坚决,jiānjué,5,firm; resolute; determined,21,Personality & Behavior,H,,,,
w2075,老实,lǎoshi,5,honest; sincere; well-behaved,21,Personality & Behavior,H,,,,
w2111,善于,shànyú,5,to be good at; to be adept at,21,Personality & Behavior,H,,,,
w2112,客观,kèguān,5,objective; impartial,21,Personality & Behavior,H,,,,
w2133,自私,zìsī,5,selfish; selfishness,21,Personality & Behavior,H,,,,
w2136,天真,tiānzhēn,5,naive; innocent; artless,21,Personality & Behavior,H,,,,
w2166,服从,fúcóng,5,obey; follow,21,Personality & Behavior,H,,,,
w2169,纪律,jìlǜ,5,discipline,21,Personality & Behavior,M,,26,,
w2199,亲切,qīnqiè,5,amiable; cordial; close and dear,21,Personality & Behavior,H,,,,
w2263,大方,dàfāng,5,generous,21,Personality & Behavior,H,,,,
w2266,体贴,tǐtiē,5,considerate (of other people's needs),21,Personality & Behavior,H,,,,
w2274,热心,rèxīn,5,enthusiastic; ardent; zealous,21,Personality & Behavior,H,,,,
w2282,自觉,zìjué,5,conscious; aware; on one's own initiative,21,Personality & Behavior,H,,,,
w2353,上当,shàngdàng,5,taken in (by sb's deceit); to be fooled; to be duped,21,Personality & Behavior,M,,26,,
w2356,谦虚,qiānxū,5,modest; self-effacing; to make modest remarks,21,Personality & Behavior,H,,,,
w2357,讲究,jiǎngjiu,5,to pay particular attention to; carefully selected for quality,21,Personality & Behavior,M,,24,,
w2367,狡猾,jiǎohuá,5,crafty; cunning; sly,21,Personality & Behavior,H,,,,
w2383,悲观,bēiguān,5,pessimistic; negative,21,Personality & Behavior,M,,20,,
w2388,本领,běnlǐng,5,ability,21,Personality & Behavior,M,,24,,
w2389,勤奋,qínfèn,5,hardworking; diligent,21,Personality & Behavior,H,,,,
w2393,周到,zhōudào,5,thoughtful; considerate; attentive,21,Personality & Behavior,H,,,,
w2410,坦率,tǎnshuài,5,frank (discussion); blunt; open,21,Personality & Behavior,H,,,,
w2414,诚恳,chéngkěn,5,sincerely,21,Personality & Behavior,H,,,,
w2420,调皮,tiáopí,5,naughty; mischievous; unruly,21,Personality & Behavior,H,,,,
w2431,刻苦,kèkǔ,5,hardworking; assiduous,21,Personality & Behavior,H,,,,
w2435,小气,xiǎoqì,5,stingy; miserly; narrow-minded,21,Personality & Behavior,H,,,,
w2447,轻视,qīngshì,5,contempt; contemptuous; to despise,21,Personality & Behavior,M,,23,,
w2459,看不起,kànbuqǐ,5,to look down upon; to despise,21,Personality & Behavior,M,,23,,
w2466,能干,nénggàn,5,capable; competent,21,Personality & Behavior,H,,,,
w2467,勤劳,qínláo,5,hardworking; industrious; diligent,21,Personality & Behavior,H,,,,
w2500,爱惜,àixī,5,cherish,21,Personality & Behavior,H,,,,
w2511,胆小鬼,dǎnxiǎoguǐ,5,coward,21,Personality & Behavior,H,,,,
w2521,虚心,xūxīn,5,open-minded; humble,21,Personality & Behavior,H,,,,
w2699,牺牲,xīshēng,6,sacrifice,21,Personality & Behavior,M,,26,,
w2711,对付,duìfu,6,deal with; cope with,21,Personality & Behavior,M,,29,,
w2801,随意,suíyì,6,at will; as one please,21,Personality & Behavior,M,,24,,
w2808,冲动,chōngdòng,6,impulse; impulsion; get excited,21,Personality & Behavior,M,,20,,
w2851,欺骗,qīpiàn,6,deceive; cheat,21,Personality & Behavior,H,,26,,
w2890,动机,dòngjī,6,motivation; motive,21,Personality & Behavior,M,,26,,
w2897,天才,tiāncái,6,genius,21,Personality & Behavior,H,,16,,
w2899,迷人,mírén,6,charming; fascinating,21,Personality & Behavior,M,,11,,
w2935,强迫,qiǎngpò,6,force,21,Personality & Behavior,M,,29,,
w2960,欺负,qīfu,6,bully,21,Personality & Behavior,M,,22,,
w2970,意志,yìzhì,6,will,21,Personality & Behavior,H,,,,
w2972,坚定,jiāndìng,6,firm,21,Personality & Behavior,H,,,,
w2994,保守,bǎoshǒu,6,guard; keep; hold on,21,Personality & Behavior,H,,,,
w3009,眼光,yǎnguāng,6,vision,21,Personality & Behavior,M,,23,,
w3021,残酷,cánkù,6,cruel; brutal; ruthless,21,Personality & Behavior,H,,,,
w3030,人格,réngé,6,personality,21,Personality & Behavior,H,,,,
w3032,忠诚,zhōngchéng,6,faithful; loyal,21,Personality & Behavior,H,,,,
w3048,理智,lǐzhì,6,reason; intellect,21,Personality & Behavior,M,,23,,
w3057,残忍,cánrěn,6,cruel; ruthless,21,Personality & Behavior,H,,,,
w3070,作风,zuòfēng,6,style,21,Personality & Behavior,H,,,,
w3073,举动,jǔdòng,6,movement,21,Personality & Behavior,H,,,,
w3075,本事,běnshì,6,ability; skill,21,Personality & Behavior,H,,,,
w3109,尊严,zūnyán,6,dignity,21,Personality & Behavior,H,,,,
w3128,严厉,yánlì,6,severe; strict,21,Personality & Behavior,H,,,,
w3143,奉献,fèngxiàn,6,dedicate; .offer as a tribute,21,Personality & Behavior,M,,29,,
w3155,愚蠢,yúchǔn,6,silly,21,Personality & Behavior,H,,,,
w3167,面子,miànzi,6,face; prestige; reputation,21,Personality & Behavior,M,,22,,
w3177,隐瞒,yǐnmán,6,hide; conceal,21,Personality & Behavior,M,,23,,
w3205,嘲笑,cháoxiào,6,ridicule; deride; laugh at,21,Personality & Behavior,H,,,,
w3207,回避,huíbì,6,avoid; evade,21,Personality & Behavior,M,,23,,
w3220,勉强,miǎnqiǎng,6,force to do sth.; manage with an effort; reluctantly,21,Personality & Behavior,M,,20,,
w3228,掩饰,yǎnshì,6,cover; conceal; disguise,21,Personality & Behavior,H,,,,
w3230,掩盖,yǎngài,6,cover,21,Personality & Behavior,M,,29,,
w3255,揍,zòu,6,beat,21,Personality & Behavior,M,,26,,
w3276,是非,shìfēi,6,right and wrong,21,Personality & Behavior,M,,26,,
w3284,良心,liángxīn,6,conscience,21,Personality & Behavior,H,,,,
w3285,出卖,chūmài,6,betray; sell out,21,Personality & Behavior,H,,,,
w3309,容忍,róngrěn,6,tolerate,21,Personality & Behavior,H,,,,
w3339,自主,zìzhǔ,6,autonomous,21,Personality & Behavior,M,,29,,
w3344,素质,sùzhì,6,quality,21,Personality & Behavior,M,,24,,
w3349,幼稚,yòuzhì,6,naive; childish,21,Personality & Behavior,H,,,,
w3374,守护,shǒuhù,6,guard,21,Personality & Behavior,M,,26,,
w3394,瞪,dèng,6,stare; glare,21,Personality & Behavior,M,,20,,
w3405,弱点,ruòdiǎn,6,weakness,21,Personality & Behavior,M,,24,,
w3413,古怪,gǔguài,6,eccentric,21,Personality & Behavior,H,,,,
w3423,忠实,zhōngshí,6,faithful; loyal; true,21,Personality & Behavior,H,,,,
w3433,高尚,gāoshàng,6,noble; lofty,21,Personality & Behavior,H,,,,
w3448,温和,wēnhé,6,mild; moderate; gentle,21,Personality & Behavior,M,,14,,
w3453,无知,wúzhī,6,ignorant,21,Personality & Behavior,M,,16,,
w3457,纯洁,chúnjié,6,pure,21,Personality & Behavior,H,,,,
w3482,模范,mófàn,6,model,21,Personality & Behavior,M,,24,,
w3500,无耻,wúchǐ,6,shameless,21,Personality & Behavior,H,,,,
w3509,名誉,míngyù,6,reputation; fame,21,Personality & Behavior,M,,26,,
w3515,英勇,yīngyǒng,6,heroic; brave; valiant,21,Personality & Behavior,H,,,,
w3536,消极,xiāojí,6,negative; passive,21,Personality & Behavior,H,,,,
w3548,堕落,duòluò,6,go downhill; degenerate,21,Personality & Behavior,H,,,,
w3552,野蛮,yěmán,6,barbaric,21,Personality & Behavior,H,,,,
w3570,撒谎,sāhuǎng,6,lie,21,Personality & Behavior,H,,,,
w3575,固执,gùzhí,6,obstinate; stubborn,21,Personality & Behavior,H,,,,
w3653,虚伪,xūwěi,6,hypocritical; false,21,Personality & Behavior,H,,,,
w3689,正经,zhèngjīng,6,serious; decent,21,Personality & Behavior,H,,,,
w3696,忍耐,rěnnài,6,patience,21,Personality & Behavior,M,,20,,
w3699,贪婪,tānlán,6,greedy,21,Personality & Behavior,H,,,,
w3706,被动,bèidòng,6,passive,21,Personality & Behavior,H,,,,
w3752,慎重,shènzhòng,6,careful; cautious; prudent,21,Personality & Behavior,H,,,,
w3776,慷慨,kāngkǎi,6,generous,21,Personality & Behavior,H,,,,
w3787,高明,gāomíng,6,skillful; brilliant,21,Personality & Behavior,M,,24,,
w3808,偏见,piānjiàn,6,bias; prejudice,21,Personality & Behavior,M,,26,,
w3813,敏锐,mǐnruì,6,sharp; acute,21,Personality & Behavior,M,,24,,
w3820,顽强,wánqiáng,6,tenacious; indomitable,21,Personality & Behavior,H,,,,
w3840,挑剔,tiāoti,6,picky; fastidious,21,Personality & Behavior,H,,,,
w3868,野心,yěxīn,6,wild ambition,21,Personality & Behavior,H,,,,
w3888,任性,rènxìng,6,willfulness,21,Personality & Behavior,H,,,,
w3903,果断,guǒduàn,6,resolute; decisive,21,Personality & Behavior,H,,,,
w3909,卑鄙,bēibǐ,6,base; mean; contemptible,21,Personality & Behavior,H,,,,
w3941,过失,guòshī,6,fault,21,Personality & Behavior,M,,26,,
w3948,公道,gōngdào,6,justice; reasonable; fair,21,Personality & Behavior,M,,26,,
w3955,玩弄,wánnòng,6,play,21,Personality & Behavior,M,,23,,
w3962,细致,xìzhì,6,meticulous; careful,21,Personality & Behavior,H,,,,
w3967,屈服,qūfú,6,yield to; surrender,21,Personality & Behavior,M,,26,,
w3970,小心翼翼,xiǎoxīn-yìyì,6,cautiously; be very scrupulous,21,Personality & Behavior,M,,30,,
w3975,冒充,màochōng,6,pretend to be,21,Personality & Behavior,M,,26,,
w3981,风度,fēngdù,6,demeanour; bearing,21,Personality & Behavior,M,,11,,
w4003,顽固,wángù,6,stubborn; obstinate,21,Personality & Behavior,H,,,,
w4036,拿手,náshǒu,6,adept; expert,21,Personality & Behavior,M,,17,,
w4046,冷酷,lěngkù,6,unfeeling; callous; grim,21,Personality & Behavior,H,,,,
w4056,辛勤,xīnqín,6,hard-working,21,Personality & Behavior,H,,,,
w4062,郑重,zhèngzhòng,6,serious; solemn,21,Personality & Behavior,H,,,,
w4100,勇于,yǒngyú,6,courage; be brave in,21,Personality & Behavior,H,,,,
w4108,庄严,zhuāngyán,6,solemn; stately; dignified,21,Personality & Behavior,M,,24,,
w4133,开朗,kāilǎng,6,cheerful; open and clear,21,Personality & Behavior,H,,,,
w4158,疏忽,shūhu,6,negligence,21,Personality & Behavior,M,,24,,
w4176,捣乱,dǎoluàn,6,make trouble; create a disturbance,21,Personality & Behavior,H,,,,
w4180,逼迫,bīpò,6,force,21,Personality & Behavior,M,,29,,
w4186,风趣,fēngqù,6,humour; wit; humorous,21,Personality & Behavior,H,,,,
w4213,懒惰,lǎnduò,6,lazy,21,Personality & Behavior,H,,,,
w4233,体面,tǐmiàn,6,decent,21,Personality & Behavior,M,,24,,
w4255,无赖,wúlài,6,rogue; rascal,21,Personality & Behavior,H,,,,
w4257,吹牛,chuīniú,6,brag; boast,21,Personality & Behavior,M,,23,,
w4261,性情,xìngqíng,6,temperament; disposition; nature,21,Personality & Behavior,H,,,,
w4291,干劲,gànjìn,6,drive; vigour; enthusiasm,21,Personality & Behavior,M,,20,,
w4295,沉着,chénzhuó,6,cool-headed; composed,21,Personality & Behavior,H,,,,
w4300,仁慈,réncí,6,kindness,21,Personality & Behavior,H,,,,
w4316,得力,délì,6,competent,21,Personality & Behavior,M,,17,,
w4329,淘气,táoqì,6,naughty; mischievous,21,Personality & Behavior,H,,,,
w4334,踏实,tāshi,6,steady and sure; dependable,21,Personality & Behavior,H,,,,
w4371,教养,jiàoyǎng,6,upbringing,21,Personality & Behavior,M,,5,,
w4391,毅力,yìlì,6,perseverance; willpower,21,Personality & Behavior,H,,,,
w4394,霸道,bàdào,6,overbearing; domineering,21,Personality & Behavior,H,,,,
w4395,诚挚,chéngzhì,6,sincere,21,Personality & Behavior,H,,,,
w4396,粗鲁,cūlǔ,6,rough,21,Personality & Behavior,H,,,,
w4401,气概,qìgài,6,mettle; spirit; heroic manner,21,Personality & Behavior,H,,,,
w4415,机智,jīzhì,6,quick-witted; resourceful,21,Personality & Behavior,H,,,,
w4426,敷衍,fūyǎn,6,be perfunctory,21,Personality & Behavior,H,,,,
w4449,力争,lìzhēng,6,work hard for; do all one can to,21,Personality & Behavior,M,,29,,
w4450,英明,yīngmíng,6,wise; brilliant,21,Personality & Behavior,H,,,,
w4456,吝啬,lìnsè,6,stingy; niggardly,21,Personality & Behavior,H,,,,
w4459,急躁,jízào,6,irritable; irascible,21,Personality & Behavior,H,,,,
w4462,真挚,zhēnzhì,6,sincere,21,Personality & Behavior,H,,,,
w4482,爽快,shuǎngkuai,6,readily,21,Personality & Behavior,H,,,,
w4483,不择手段,bùzé-shǒuduàn,6,use unscrupulous divisive tactics,21,Personality & Behavior,H,,,,
w4503,留神,liúshén,6,be careful; take care,21,Personality & Behavior,M,,9,,
w4506,机灵,jīling,6,clever; smart,21,Personality & Behavior,H,,,,
w4507,品德,pǐndé,6,morality,21,Personality & Behavior,H,,,,
w4509,端正,duānzhèng,6,upright; regular,21,Personality & Behavior,M,,24,,
w4518,草率,cǎoshuài,6,careless,21,Personality & Behavior,H,,,,
w4520,笨拙,bènzhuō,6,clumsy; awkward; stupid,21,Personality & Behavior,H,,,,
w4534,自力更生,zìlì-gēngshēng,6,self-reliance,21,Personality & Behavior,H,,,,
w4537,无理取闹,wúlǐ-qǔnào,6,vexatious; make trouble out of nothing,21,Personality & Behavior,H,,,,
w4542,胸怀,xiōnghuái,6,mind,21,Personality & Behavior,M,,29,,
w4548,庄重,zhuāngzhòng,6,solemn; grave,21,Personality & Behavior,M,,24,,
w4555,狠心,hěnxīn,6,heartless; crucial,21,Personality & Behavior,H,,,,
w4565,和蔼,hé'ǎi,6,kindly; affable,21,Personality & Behavior,H,,,,
w4574,争气,zhēngqì,6,try to make a good showing,21,Personality & Behavior,H,,,,
w4586,虚荣,xūróng,6,vain; vanity,21,Personality & Behavior,H,,,,
w4602,愚昧,yúmèi,6,ignorant; fatuous,21,Personality & Behavior,M,,24,,
w4605,肆无忌惮,sìwújìdàn,6,unbridled; unscrupulous,21,Personality & Behavior,M,,30,,
w4622,朴实,pǔshí,6,simple; plain; artless,21,Personality & Behavior,M,,24,,
w4624,斯文,sīwén,6,gentle,21,Personality & Behavior,H,,,,
w4638,才干,cáigàn,6,competence; ability,21,Personality & Behavior,M,,17,,
w4646,庸俗,yōngsú,6,vulgar; philistine,21,Personality & Behavior,H,,,,
w4686,务实,wùshí,6,pragmatic,21,Personality & Behavior,H,,,,
w4693,抱负,bàofù,6,ambition; aspiration,21,Personality & Behavior,M,,20,,
w4700,谦逊,qiānxùn,6,humble; modest,21,Personality & Behavior,H,,,,
w4716,有条不紊,yǒutiáo-bùwěn,6,methodically; systematically,21,Personality & Behavior,M,,30,,
w4720,凶恶,xiōng'è,6,rogue; fierce,21,Personality & Behavior,M,,24,,
w4726,一丝不苟,yìsī-bùgǒu,6,meticulous; be strict in one's demands,21,Personality & Behavior,M,,30,,
w4730,和气,héqi,6,gentle; kind,21,Personality & Behavior,H,,,,
w4739,恭敬,gōngjìng,6,respectful,21,Personality & Behavior,H,,,,
w4744,开明,kāimíng,6,enlightened,21,Personality & Behavior,H,,,,
w4749,条理,tiáolǐ,6,orderliness; method,21,Personality & Behavior,M,,29,,
w4750,见义勇为,jiànyì-yǒngwéi,6,do boldly what is righteous,21,Personality & Behavior,M,,30,,
w4751,品行,pǐnxíng,6,conduct; behavior,21,Personality & Behavior,H,,,,
w4763,吃苦,chīkǔ,6,bear hardships,21,Personality & Behavior,M,,29,,
w4766,文雅,wényǎ,6,elegant,21,Personality & Behavior,M,,11,,
w4774,再接再厉,zàijiē-zàilì,6,make persistent efforts,21,Personality & Behavior,M,,30,,
w4777,猖狂,chāngkuáng,6,furious; savage; rampant,21,Personality & Behavior,M,,20,,
w4787,魄力,pòlì,6,boldness,21,Personality & Behavior,H,,,,
w4788,神气,shénqì,6,spirited; be exciting and stylish in appearance or behavior,21,Personality & Behavior,M,,24,,
w4789,不屑一顾,búxiè-yígù,6,will not spare a glance for,21,Personality & Behavior,M,,30,,
w4795,饶恕,ráoshù,6,forgive; pardon,21,Personality & Behavior,M,,22,,
w4802,慈祥,cíxiáng,6,kindly; amiable,21,Personality & Behavior,H,,,,
w4803,怠慢,dàimàn,6,slight; snub,21,Personality & Behavior,H,,,,
w4814,起哄,qǐhòng,6,kick up a fuss; jeer,21,Personality & Behavior,M,,22,,
w4822,半途而废,bàntú-érfèi,6,give up halfway,21,Personality & Behavior,H,,,,
w4832,分寸,fēncun,6,sense of proportion,21,Personality & Behavior,H,,,,
w4836,无微不至,wúwēi-búzhì,6,meticulous; considerate right down to the most trivial detail,21,Personality & Behavior,M,,22,,
w4851,气魄,qìpò,6,verve,21,Personality & Behavior,H,,,,
w4854,急功近利,jígōng-jìnlì,6,be anxious to achieve quick success and get instant benefits,21,Personality & Behavior,M,,25,,
w4863,挑拨,tiǎobō,6,play off; incite; instigate,21,Personality & Behavior,M,,22,,
w4864,巴结,bājie,6,curry favour with; fawn on,21,Personality & Behavior,H,,,,
w4869,毅然,yìrán,6,resolutely,21,Personality & Behavior,H,,,,
w4870,争先恐后,zhēngxiān-kǒnghòu,6,rush to the fore,21,Personality & Behavior,M,,22,,
w4871,正气,zhèngqì,6,healthy atmosphere; righteousness,21,Personality & Behavior,M,,26,,
w4882,亏待,kuīdài,6,treat unfairly; treat shabbily,21,Personality & Behavior,M,,22,,
w4887,志气,zhìqì,6,aspiration; ambition,21,Personality & Behavior,H,,,,
w4889,贤惠,xiánhuì,6,virtuous,21,Personality & Behavior,H,,,,
w4891,好客,hàokè,6,hospitable,21,Personality & Behavior,M,,22,,
w4892,自满,zìmǎn,6,complacent; self-satisfied,21,Personality & Behavior,H,,,,
w4901,惹祸,rěhuò,6,course disaster; cause trouble,21,Personality & Behavior,M,,26,,
w4915,伶俐,línglì,6,clever; bright,21,Personality & Behavior,H,,,,
w4917,精打细算,jīngdǎ-xìsuàn,6,be very careful in reckoning,21,Personality & Behavior,M,,7,,
w4919,豪迈,háomài,6,bold and generous; heroic,21,Personality & Behavior,H,,,,
w4920,上进心,shàngjìnxīn,6,"motivated, desire to do better",21,Personality & Behavior,H,,,,
w4922,外向,wàixiàng,6,outgoing,21,Personality & Behavior,H,,,,
w4928,难能可贵,nánnéng-kěguì,6,praiseworthy for one's excellent conduct,21,Personality & Behavior,M,,30,,
w4957,朝气蓬勃,zhāoqì-péngbó,6,full of youthful spirit; bubble over with life,21,Personality & Behavior,H,,,,
w4958,斩钉截铁,zhǎndīng-jiétiě,6,resolute and decisive,21,Personality & Behavior,M,,30,,
w4964,见多识广,jiànduō-shíguǎng,6,have great experience; experienced and knowledgeable,21,Personality & Behavior,M,,29,,
w4965,精益求精,jīngyì-qiújīng,6,refine on; always endeavoring to do still better,21,Personality & Behavior,M,,17,,
w4967,从容不迫,cóngróng-búpò,6,take it leisurely and unoppressively; by easy stages,21,Personality & Behavior,H,,,,
w4972,理直气壮,lǐzhí-qìzhuàng,6,be in the right and self-confident,21,Personality & Behavior,M,,30,,
w4975,娇气,jiāoqì,6,squeamish; finicky,21,Personality & Behavior,H,,,,
w4978,锲而不舍,qiè'érbùshě,6,keep on carving; work with perseverance,21,Personality & Behavior,M,,30,,
w4980,勤俭,qínjiǎn,6,hardworking and thrifty; diligent,21,Personality & Behavior,H,,,,
w4993,急于求成,jíyú-qiúchéng,6,be anxious for success,21,Personality & Behavior,M,,20,,
w5010,出洋相,chūyángxiàng,6,make an exhibition of oneself; make a scene,21,Personality & Behavior,M,CHECK,20,30,
w5011,恳切,kěnqiè,6,sincere; earnest,21,Personality & Behavior,H,,,,
w5016,勤恳,qínkěn,6,diligent; hardworking,21,Personality & Behavior,H,,,,
w5020,心眼儿,xīnyǎnr,6,heart; mind,21,Personality & Behavior,M,,20,,
w5022,丢三落四,diūsān-làsì,6,forgetful,21,Personality & Behavior,H,,,,
w5035,啰唆,luōsuo,6,verbose,21,Personality & Behavior,M,,23,,
w0068,朋友,péngyou,1,friend,22,Friends & Social Life,H,,,,
w0075,认识,rènshi,1,get to know; get acquainted with,22,Friends & Social Life,H,,,,
w0199,一起,yìqǐ,2,together,22,Friends & Social Life,M,,29,,
w0221,送,sòng,2,give sb. sth. as a gift; see sb off; escort or provide transportation for sb.,22,Friends & Social Life,M,,9,,
w0233,帮助,bāngzhù,2,help; assist; aid,22,Friends & Social Life,H,,,,
w0359,关系,guānxi,3,relation; relationship,22,Friends & Social Life,H,,,,
w0363,参加,cānjiā,3,join; take part in; attend,22,Friends & Social Life,M,,17,,
w0460,遇到,yùdào,3,meet,22,Friends & Social Life,M,,29,,
w0469,关心,guānxīn,3,care for; be concerned for; concern,22,Friends & Social Life,M,,20,,
w0495,照顾,zhàogu,3,look after; take care; consideration,22,Friends & Social Life,M,,5,,
w0499,礼物,lǐwù,3,present; gift,22,Friends & Social Life,M,,7,,
w0508,帮忙,bāngmáng,3,help; give a helping hand; do a favor,22,Friends & Social Life,H,,,,
w0510,见面,jiànmiàn,3,meet,22,Friends & Social Life,H,,,,
w0540,聊天,liáotiān,3,chat,22,Friends & Social Life,H,,,,
w0545,客人,kèrén,3,guest,22,Friends & Social Life,H,,,,
w0690,支持,zhīchí,4,assist; support; stand for,22,Friends & Social Life,M,,23,,
w0715,联系,liánxì,4,communicate; establish contact; association,22,Friends & Social Life,M,,18,,
w0722,交,jiāo,4,give; hand over; make friends,22,Friends & Social Life,M,,9,,
w0797,陪,péi,4,accompany; keep one's company,22,Friends & Social Life,M,,9,,
w0811,爱情,àiqíng,4,love (between a man and a woman),22,Friends & Social Life,M,,20,,
w0829,抱,bào,4,hold sb or sth with one's arm(s); embrace,22,Friends & Social Life,M,,9,,
w0908,邀请,yāoqǐng,4,invite; call on; send an invitation,22,Friends & Social Life,H,,,,
w0950,信任,xìnrèn,4,to trust; to have confidence in,22,Friends & Social Life,M,,21,,
w0962,熟悉,shúxī,4,know well; be familiar with; have intimate knowledge of,22,Friends & Social Life,M,,23,,
w1010,浪漫,làngmàn,4,romantic,22,Friends & Social Life,M,,20,,
w1031,鼓励,gǔlì,4,inspiration; encouragement; encourage,22,Friends & Social Life,M,,21,,
w1077,聚会,jùhuì,4,meeting; get-together,22,Friends & Social Life,H,,,,
w1108,约会,yuēhuì,4,date; appointment,22,Friends & Social Life,H,,,,
w1114,友谊,yǒuyì,4,friendship; companionship; fellowship,22,Friends & Social Life,H,,,,
w1202,鼓掌,gǔzhǎng,4,to applaud; to clap,22,Friends & Social Life,M,,28,,
w1240,请客,qǐngkè,4,to give a dinner party; to entertain guests; to invite to dinner,22,Friends & Social Life,M,,6,,
w1394,亲爱,qīn'ài,5,dear; beloved; darling,22,Friends & Social Life,H,,,,
w1540,接触,jiēchù,5,to touch; to contact; access,22,Friends & Social Life,M,,9,,
w1585,彼此,bǐcǐ,5,"each other, you and me",22,Friends & Social Life,M,,29,,
w1614,追求,zhuīqiú,5,to pursue (a goal etc) stubbornly; to seek after; to woo,22,Friends & Social Life,M,,29,,
w1644,主人,zhǔrén,5,master; host; owner,22,Friends & Social Life,M,,5,,
w1666,恋爱,liàn'ài,5,(romantic) love; in love; to have an affair,22,Friends & Social Life,M,,5,,
w1675,庆祝,qìngzhù,5,to celebrate,22,Friends & Social Life,H,,,,
w1706,伙伴,huǒbàn,5,partner; companion; comrade,22,Friends & Social Life,H,,,,
w1716,祝福,zhùfú,5,blessings; to wish sb well,22,Friends & Social Life,M,,2,,
w1727,吻,wěn,5,kiss; to kiss; mouth,22,Friends & Social Life,H,,,,
w1875,拥抱,yōngbào,5,to embrace; to hug,22,Friends & Social Life,M,,20,,
w1912,相处,xiāngchǔ,5,to be in contact (with sb); to associate; to interact,22,Friends & Social Life,H,,,,
w1971,迎接,yíngjiē,5,to welcome; to greet,22,Friends & Social Life,M,,2,,
w1989,吵架,chǎojià,5,quarrel,22,Friends & Social Life,H,,,,
w2035,逗,dòu,5,tease; amuse,22,Friends & Social Life,M,,20,,
w2057,密切,mìqiè,5,close; familiar; intimate,22,Friends & Social Life,H,,,,
w2062,嘉宾,jiābīn,5,esteemed guest; honored guest; guest (on a show),22,Friends & Social Life,M,,18,,
w2299,打交道,dǎjiāodào,5,have dealings with; contact with,22,Friends & Social Life,M,,23,,
w2304,招待,zhāodài,5,to hold a reception; to offer hospitality; to entertain (guests),22,Friends & Social Life,H,,,,
w2349,合影,héyǐng,5,to take a joint photo; group photo,22,Friends & Social Life,M,,19,,
w2403,交际,jiāojì,5,communication; social intercourse,22,Friends & Social Life,M,,23,,
w2445,碰见,pèngjiàn,5,to run into; to meet (unexpectedly); to bump into,22,Friends & Social Life,M,,9,,
w2566,成员,chéngyuán,6,member,22,Friends & Social Life,M,,17,,
w2586,社区,shèqū,6,community,22,Friends & Social Life,M,,26,,
w2632,分手,fēnshǒu,6,break up; part company; say good-bye,22,Friends & Social Life,H,,,,
w2682,依靠,yīkào,6,rely; depend; dependence,22,Friends & Social Life,M,,29,,
w2693,团结,tuánjié,6,unite; cohesive,22,Friends & Social Life,M,,26,,
w2702,回报,huíbào,6,return,22,Friends & Social Life,M,,25,,
w2742,交往,jiāowǎng,6,contact; associate with,22,Friends & Social Life,H,,,,
w2783,团体,tuántǐ,6,group; organization,22,Friends & Social Life,M,,17,,
w2871,抛弃,pāoqì,6,throw away; abandon; discard,22,Friends & Social Life,M,,29,,
w2883,脱离,tuōlí,6,break away,22,Friends & Social Life,M,,26,,
w2990,报复,bàofù,6,revenge; retaliate,22,Friends & Social Life,M,,21,,
w3008,背叛,bèipàn,6,betray; betrayal,22,Friends & Social Life,M,,21,,
w3090,打架,dǎjià,6,fight,22,Friends & Social Life,M,,26,,
w3300,拜访,bàifǎng,6,visit,22,Friends & Social Life,H,,,,
w3554,看望,kànwàng,6,call on; visit; see,22,Friends & Social Life,H,,,,
w3560,信赖,xìnlài,6,trust; confidence,22,Friends & Social Life,M,,21,,
w3588,和解,héjiě,6,compromise; become reconcile,22,Friends & Social Life,H,,,,
w3595,排斥,páichì,6,exclude; reject,22,Friends & Social Life,M,,29,,
w3596,报仇,bàochóu,6,revenge; avenge,22,Friends & Social Life,M,,26,,
w3620,赠送,zèngsòng,6,handsel,22,Friends & Social Life,H,,,,
w3701,得罪,dézuì,6,offend,22,Friends & Social Life,M,,23,,
w3731,搂,lǒu,6,hug; embrace,22,Friends & Social Life,H,,,,
w3756,孤立,gūlì,6,isolate; isolated; solitary,22,Friends & Social Life,M,,20,,
w3869,关照,guānzhào,6,look after; keep an eye on,22,Friends & Social Life,H,,,,
w3898,探望,tànwàng,6,visit,22,Friends & Social Life,M,,5,,
w3950,辜负,gūfù,6,let down; wrong; fail to live up to,22,Friends & Social Life,M,,20,,
w3984,亲热,qīnrè,6,affectionate; intimate,22,Friends & Social Life,M,,5,,
w4010,暧昧,àimèi,6,ambiguous; dubious,22,Friends & Social Life,M,,24,,
w4034,报答,bàodá,6,repay,22,Friends & Social Life,M,,5,,
w4053,谅解,liàngjiě,6,understand,22,Friends & Social Life,M,,23,,
w4076,恩怨,ēnyuàn,6,feeling of gratitude or resentment,22,Friends & Social Life,M,,20,,
w4090,融洽,róngqià,6,harmonious,22,Friends & Social Life,H,,,,
w4117,体谅,tǐliàng,6,understand,22,Friends & Social Life,M,,21,,
w4228,慰问,wèiwèn,6,condolence,22,Friends & Social Life,H,,,,
w4280,断绝,duànjué,6,break off; cut off,22,Friends & Social Life,M,,29,,
w4453,应酬,yìngchou,6,treat with courtesy; dinner party; social activities,22,Friends & Social Life,H,,,,
w4559,款待,kuǎndài,6,entertain,22,Friends & Social Life,H,,,,
w4595,迁就,qiānjiù,6,accommodate; indulge,22,Friends & Social Life,M,,21,,
w4608,调和,tiáohé,6,mediate; reconcile,22,Friends & Social Life,M,,23,,
w4671,应邀,yìngyāo,6,on invitation,22,Friends & Social Life,M,,29,,
w4682,隔阂,géhé,6,gap; estrangement; misunderstanding,22,Friends & Social Life,M,,20,,
w4737,闲话,xiánhuà,6,gossip,22,Friends & Social Life,M,,23,,
w4756,磨合,móhé,6,running-in,22,Friends & Social Life,M,,29,,
w4762,请柬,qǐngjiǎn,6,invitation card,22,Friends & Social Life,H,,,,
w4793,照应,zhàoyìng,6,care; look after,22,Friends & Social Life,M,,9,,
w4872,盛情,shèngqíng,6,great kindness,22,Friends & Social Life,M,,21,,
w4905,请帖,qǐngtiě,6,invitation,22,Friends & Social Life,H,,,,
w4947,东道主,dōngdàozhǔ,6,host,22,Friends & Social Life,H,,,,
w4955,联欢,liánhuān,6,have a get-together,22,Friends & Social Life,H,,,,
w5017,做东,zuòdōng,6,act as host to sb.,22,Friends & Social Life,H,,,,
w5023,沾光,zhānguāng,6,benefit from association with sb. or sth.,22,Friends & Social Life,M,,29,,
w5030,深情厚谊,shēnqíng-hòuyì,6,the profound friendship,22,Friends & Social Life,H,,,,
w0015,说,shuō,1,speak; talk; say,23,Talking & Thinking,H,,,,
w0025,想,xiǎng,1,want to; be going to; would like to,23,Talking & Thinking,H,,,,
w0107,说话,shuōhuà,1,speak; talk; say,23,Talking & Thinking,H,,,,
w0184,知道,zhīdào,2,know; be aware of,23,Talking & Thinking,H,,,,
w0186,问题,wèntí,2,question; problem,23,Talking & Thinking,M,,16,,
w0197,觉得,juéde,2,feel; think,23,Talking & Thinking,H,,,,
w0209,问,wèn,2,ask; inquire after,23,Talking & Thinking,H,,,,
w0210,告诉,gàosu,2,tell,23,Talking & Thinking,H,,,,
w0240,懂,dǒng,2,understand,23,Talking & Thinking,H,,,,
w0256,意思,yìsi,2,meaning; content; indication,23,Talking & Thinking,H,,,,
w0258,回答,huídá,2,answer; reply; respond,23,Talking & Thinking,H,,,,
w0335,认为,rènwéi,3,think; consider,23,Talking & Thinking,H,,,,
w0340,发现,fāxiàn,3,find out; discover,23,Talking & Thinking,H,,,,
w0361,了解,liǎojiě,3,know; understand; comprehend,23,Talking & Thinking,H,,,,
w0365,决定,juédìng,3,decide; determine; decision,23,Talking & Thinking,H,,,,
w0367,选择,xuǎnzé,3,choose; select; pick,23,Talking & Thinking,H,,,,
w0376,要求,yāoqiú,3,ask; request; demand,23,Talking & Thinking,H,,,,
w0380,相信,xiāngxìn,3,believe in; be convinced of; have faith in,23,Talking & Thinking,H,,,,
w0392,注意,zhùyì,3,pay attention to; to keep an eye on; take notice of,23,Talking & Thinking,M,,9,,
w0393,讲,jiǎng,3,speak; tell,23,Talking & Thinking,H,,,,
w0396,以为,yǐwéi,3,think or believe; feel; suppose,23,Talking & Thinking,H,,,,
w0416,明白,míngbai,3,know; understand; plain,23,Talking & Thinking,M,,24,,
w0418,记得,jìde,3,remember; learn by heart,23,Talking & Thinking,H,,,,
w0422,愿意,yuànyì,3,be willing; wish; like,23,Talking & Thinking,M,,20,,
w0435,表示,biǎoshì,3,express; convey,23,Talking & Thinking,H,,,,
w0451,同意,tóngyì,3,agree; approve; assent to,23,Talking & Thinking,H,,,,
w0480,忘记,wàngjì,3,"forget; erase; drop (or fade, slip) from memory",23,Talking & Thinking,H,,,,
w0481,打算,dǎsuàn,3,be going to do sth.; plan to; plan,23,Talking & Thinking,H,,,,
w0677,接受,jiēshòu,4,accept; take up,23,Talking & Thinking,M,,22,,
w0696,保证,bǎozhèng,4,guarantee; ensure; promise,23,Talking & Thinking,M,,29,,
w0703,考虑,kǎolǜ,4,think; consider,23,Talking & Thinking,H,,,,
w0732,坚持,jiānchí,4,insist on; persist in; keep up,23,Talking & Thinking,M,,21,,
w0738,建议,jiànyì,4,suggest; advise; suggestion,23,Talking & Thinking,H,,,,
w0748,证明,zhèngmíng,4,prove; manifest; bear witness to,23,Talking & Thinking,H,,,,
w0755,谈,tán,4,talk; speak; chat,23,Talking & Thinking,H,,,,
w0757,解释,jiěshì,4,explain; interpret; define,23,Talking & Thinking,H,,,,
w0760,理解,lǐjiě,4,understand; comprehend,23,Talking & Thinking,H,,,,
w0765,提,tí,4,tote; put forward; raise,23,Talking & Thinking,M,,9,,
w0772,说明,shuōmíng,4,explain; illustrate; show,23,Talking & Thinking,H,,,,
w0777,放弃,fàngqì,4,give up,23,Talking & Thinking,M,,21,,
w0778,意见,yìjiàn,4,view; suggestion; opinion,23,Talking & Thinking,H,,,,
w0786,值得,zhíde,4,deserve; be worth; be worthy of,23,Talking & Thinking,M,,24,,
w0788,讨论,tǎolùn,4,discuss; talk about; argue,23,Talking & Thinking,H,,,,
w0832,通知,tōngzhī,4,inform; give notice; notice,23,Talking & Thinking,M,,17,,
w0859,反对,fǎnduì,4,be against; object to,23,Talking & Thinking,H,,,,
w0874,拒绝,jùjué,4,decline; reject,23,Talking & Thinking,H,,,,
w0885,估计,gūjì,4,estimate; figure approximately; an estimate,23,Talking & Thinking,H,,,,
w0891,允许,yǔnxǔ,4,agree; permit; allow,23,Talking & Thinking,M,,26,,
w0900,提醒,tíxǐng,4,remind; warn; call attention to,23,Talking & Thinking,H,,,,
w0906,表达,biǎodá,4,to express; to convey,23,Talking & Thinking,H,,,,
w0923,怀疑,huáiyí,4,doubt; suspect,23,Talking & Thinking,H,,,,
w0930,交流,jiāoliú,4,communicate; have an exchange with,23,Talking & Thinking,M,,22,,
w0959,回忆,huíyì,4,recall; memory; recollection,23,Talking & Thinking,M,,20,,
w0968,印象,yìnxiàng,4,impression; effect; feeling,23,Talking & Thinking,M,,20,,
w0978,猜,cāi,4,guess,23,Talking & Thinking,H,,,,
w1009,看法,kànfǎ,4,opinion,23,Talking & Thinking,H,,,,
w1018,判断,pànduàn,4,decision; judgement; estimation,23,Talking & Thinking,H,,,,
w1041,吵,chǎo,4,noisy; quarrel,23,Talking & Thinking,M,,24,,
w1081,对话,duìhuà,4,dialogue,23,Talking & Thinking,H,,,,
w1094,批评,pīpíng,4,criticize; criticism; comment,23,Talking & Thinking,H,,,,
w1095,重视,zhòngshì,4,attach importance to; make much of,23,Talking & Thinking,M,,29,,
w1099,主意,zhǔyi,4,opinion; idea; plan,23,Talking & Thinking,H,,,,
w1118,开玩笑,kāi wánxiào,4,make a joke,23,Talking & Thinking,M,,22,,
w1119,反映,fǎnyìng,4,to mirror; to reflect; mirror image,23,Talking & Thinking,M,,29,,
w1131,笑话,xiàohua,4,joke; laugh at; mock,23,Talking & Thinking,M,,19,,
w1138,商量,shāngliang,4,consult; discuss; talk over,23,Talking & Thinking,H,,,,
w1158,总结,zǒngjié,4,summarize; sum up,23,Talking & Thinking,M,,16,,
w1162,误会,wùhuì,4,misunderstand; misapprehend; misunderstanding,23,Talking & Thinking,H,,,,
w1316,确定,quèdìng,5,definite; certain; fixed,23,Talking & Thinking,M,,29,,
w1337,看来,kànlai,5,apparently; it seems that,23,Talking & Thinking,H,,,,
w1355,似乎,sìhū,5,it seems; seemingly; as if,23,Talking & Thinking,H,,,,
w1372,称,chēng,5,call; weigh,23,Talking & Thinking,M,,3,,
w1373,分析,fēnxī,5,analyse; analysis,23,Talking & Thinking,H,,,,
w1404,理由,lǐyóu,5,reason; grounds; justification,23,Talking & Thinking,H,,,,
w1415,承认,chéngrèn,5,admit,23,Talking & Thinking,H,,,,
w1444,宣布,xuānbù,5,to declare; to announce; to proclaim,23,Talking & Thinking,H,,,,
w1452,思想,sīxiǎng,5,thought; thinking; idea,23,Talking & Thinking,H,,,,
w1464,秘密,mìmì,5,secret; private; confidential,23,Talking & Thinking,M,,29,,
w1470,想象,xiǎngxiàng,5,to imagine; to envision; imagination,23,Talking & Thinking,H,,,,
w1493,观察,guānchá,5,observe,23,Talking & Thinking,M,,27,,
w1498,表明,biǎomíng,5,"indicate; make clear (one's attitude, opinion etc.)",23,Talking & Thinking,H,,,,
w1519,记忆,jìyì,5,to remember; to recall; memory,23,Talking & Thinking,H,,,,
w1520,公开,gōngkāi,5,make known to the public,23,Talking & Thinking,M,,18,,
w1537,角度,jiǎodù,5,angle; point of view,23,Talking & Thinking,M,,24,,
w1546,一致,yízhì,5,unanimous; identical (views or opinions),23,Talking & Thinking,M,,24,,
w1555,确认,quèrèn,5,to confirm; to verify; confirmation,23,Talking & Thinking,H,,,,
w1563,喊,hǎn,5,to yell; to shout; to call out for (a person),23,Talking & Thinking,H,,,,
w1573,评价,píngjià,5,to evaluate; to assess,23,Talking & Thinking,H,,,,
w1578,答应,dāying,5,promise,23,Talking & Thinking,H,,,,
w1586,推荐,tuījiàn,5,to recommend; recommendation,23,Talking & Thinking,M,,7,,
w1595,观点,guāndiǎn,5,view; opinion,23,Talking & Thinking,H,,,,
w1603,思考,sīkǎo,5,to reflect on; to ponder over,23,Talking & Thinking,H,,,,
w1642,批,pī,5,to ascertain; to act on; to criticize,23,Talking & Thinking,L,CHECK,17,,meaning list unclear measure act criticize
w1670,道理,dàoli,5,"reason, principle",23,Talking & Thinking,H,,,,
w1682,话题,huàtí,5,subject (of a talk or conversation); topic,23,Talking & Thinking,H,,,,
w1695,骂,mà,5,to scold; to abuse; to curse,23,Talking & Thinking,M,,21,,
w1731,请求,qǐngqiú,5,to request; to ask; request,23,Talking & Thinking,H,,,,
w1805,教训,jiàoxun,5,to provide guidance; to lecture sb; to upbraid,23,Talking & Thinking,M,,21,,
w1807,沟通,gōutōng,5,communicate,23,Talking & Thinking,H,,,,
w1808,结论,jiélùn,5,conclusion; verdict; to conclude,23,Talking & Thinking,H,,,,
w1843,据说,jùshuō,5,it is said that; reportedly,23,Talking & Thinking,H,,,,
w1848,询问,xúnwèn,5,to inquire,23,Talking & Thinking,H,,,,
w1854,否认,fǒurèn,5,deny,23,Talking & Thinking,H,,,,
w1860,体会,tǐhuì,5,to know from experience; to learn through experience; to realize,23,Talking & Thinking,H,,,,
w1871,幻想,huànxiǎng,5,delusion; fantasy,23,Talking & Thinking,M,,20,,
w1883,劝,quàn,5,to advise; to urge; to try to persuade,23,Talking & Thinking,H,,,,
w1899,强调,qiángdiào,5,to emphasize (a statement); to stress,23,Talking & Thinking,H,,,,
w1925,实话,shíhuà,5,truth,23,Talking & Thinking,H,,,,
w1941,决心,juéxīn,5,determination; resolution; determined,23,Talking & Thinking,M,,21,,
w1957,借口,jièkǒu,5,to use as an excuse; excuse; pretext,23,Talking & Thinking,H,,,,
w1968,形容,xíngróng,5,to describe; appearance; (literary) countenance,23,Talking & Thinking,H,,,,
w1998,企图,qǐtú,5,to attempt; to try; attempt,23,Talking & Thinking,M,,29,,
w2003,发言,fāyán,5,speech; give a speech,23,Talking & Thinking,M,,17,,
w2004,观念,guānniàn,5,idea; concept,23,Talking & Thinking,H,,,,
w2005,催,cuī,5,urge,23,Talking & Thinking,H,,,,
w2041,说服,shuōfú,5,to persuade; to convince; to talk sb over,23,Talking & Thinking,H,,,,
w2052,逻辑,luóji,5,logic (loanword),23,Talking & Thinking,H,,,,
w2089,争论,zhēnglùn,5,to argue; to debate; to contend,23,Talking & Thinking,H,,,,
w2103,赞成,zànchéng,5,to approve; to endorse; (literary) to assist,23,Talking & Thinking,H,,,,
w2108,疑问,yíwèn,5,question; interrogation; doubt,23,Talking & Thinking,H,,,,
w2138,语气,yǔqì,5,tone; manner of speaking; mood,23,Talking & Thinking,H,,,,
w2176,讽刺,fěngcì,5,irony; satirize; mock,23,Talking & Thinking,H,,,,
w2189,废话,fèihuà,5,superfluous words; nonsense,23,Talking & Thinking,H,,,,
w2193,否定,fǒudìng,5,negative; deny,23,Talking & Thinking,H,,,,
w2195,主张,zhǔzhāng,5,to advocate; to stand for; view,23,Talking & Thinking,H,,,,
w2243,赞美,zànměi,5,to admire; to praise; to eulogize,23,Talking & Thinking,H,,,,
w2252,打听,dǎting,5,ask about; inquire about,23,Talking & Thinking,H,,,,
w2255,辩论,biànlùn,5,debate; argue,23,Talking & Thinking,H,,,,
w2284,夸,kuā,5,to boast; to exaggerate; to praise,23,Talking & Thinking,H,,,,
w2288,征求,zhēngqiú,5,"to solicit; to seek; to request (opinions, feedback etc)",23,Talking & Thinking,H,,,,
w2306,称赞,chēngzàn,5,praise,23,Talking & Thinking,H,,,,
w2338,描写,miáoxiě,5,to describe; to depict; to portray,23,Talking & Thinking,H,,,,
w2344,主观,zhǔguān,5,subjective,23,Talking & Thinking,M,,24,,
w2350,议论,yìlùn,5,to comment; to talk about; to discuss,23,Talking & Thinking,H,,,,
w2362,叙述,xùshù,5,to relate (a story or information); to tell or talk about; to recount,23,Talking & Thinking,H,,,,
w2364,胡说,húshuō,5,to talk nonsense; drivel,23,Talking & Thinking,H,,,,
w2408,提倡,tíchàng,5,to promote; to advocate,23,Talking & Thinking,M,,26,,
w2409,概括,gàikuò,5,summarize; sum up,23,Talking & Thinking,H,,,,
w2419,转告,zhuǎngào,5,to pass on; to communicate; to transmit,23,Talking & Thinking,H,,,,
w2430,责备,zébèi,5,to blame; to criticize; condemnation,23,Talking & Thinking,H,,,,
w2440,嚷,rǎng,5,to shout; to bellow; to make a big deal of sth,23,Talking & Thinking,H,,,,
w2488,嘱咐,zhǔfù,5,to tell; to exhort; injunction,23,Talking & Thinking,H,,,,
w2526,推辞,tuīcí,5,"to decline (an appointment, invitation etc)",23,Talking & Thinking,M,,22,,
w2560,意识,yìshí,6,awareness; consciousness; realize,23,Talking & Thinking,H,,,,
w2567,梦想,mèngxiǎng,6,dream; dream of,23,Talking & Thinking,M,,20,,
w2574,意味着,yìwèizhe,6,to signify; to mean; to imply,23,Talking & Thinking,H,,,,
w2593,承诺,chéngnuò,6,commitment; promise; promise to do sth.,23,Talking & Thinking,M,,22,,
w2608,真相,zhēnxiàng,6,the truth,23,Talking & Thinking,H,,,,
w2616,评论,pínglùn,6,comment,23,Talking & Thinking,M,,18,,
w2627,证实,zhèngshí,6,confirm; verify,23,Talking & Thinking,H,,,,
w2668,声明,shēngmíng,6,state; declare; statement,23,Talking & Thinking,H,,,,
w2683,警告,jǐnggào,6,warn; caution,23,Talking & Thinking,H,,,,
w2734,抱怨,bàoyuàn,6,complain,23,Talking & Thinking,H,,,,
w2768,演讲,yǎnjiǎng,6,speech,23,Talking & Thinking,M,,17,,
w2803,算了,suànle,6,forget; never mind,23,Talking & Thinking,M,,29,,
w2816,思维,sīwéi,6,thinking; thought,23,Talking & Thinking,H,,,,
w2859,咋,zǎ,6,why; how,23,Talking & Thinking,M,,29,,
w2876,立场,lìchǎng,6,position; standpoint,23,Talking & Thinking,M,,26,,
w2877,认定,rèndìng,6,identify; affirm,23,Talking & Thinking,M,,29,,
w2928,忽略,hūlüè,6,ignore,23,Talking & Thinking,H,,,,
w2940,回顾,huígù,6,look back; review,23,Talking & Thinking,H,,,,
w2945,焦点,jiāodiǎn,6,central issue; centre,23,Talking & Thinking,M,,29,,
w2951,指责,zhǐzé,6,censure; criticize; blame,23,Talking & Thinking,H,,,,
w2958,假设,jiǎshè,6,assume; suppose,23,Talking & Thinking,H,,,,
w2971,激励,jīlì,6,encourage; impel,23,Talking & Thinking,M,,17,,
w2981,依赖,yīlài,6,rely; depend,23,Talking & Thinking,M,,22,,
w2993,提议,tíyì,6,propose; suggest; proposal,23,Talking & Thinking,H,,,,
w2996,暗示,ànshì,6,hint; indicate,23,Talking & Thinking,H,,,,
w3019,认可,rènkě,6,acceptance; approve,23,Talking & Thinking,M,,17,,
w3081,信念,xìnniàn,6,faith; belief,23,Talking & Thinking,M,,28,,
w3089,看待,kàndài,6,look upon,23,Talking & Thinking,H,,,,
w3092,演绎,yǎnyì,6,deductive; deduction,23,Talking & Thinking,M,,27,,
w3134,识别,shíbié,6,recognize,23,Talking & Thinking,M,,27,,
w3165,发觉,fājué,6,come to know; be aware (of); realize,23,Talking & Thinking,H,,,,
w3179,陈述,chénshù,6,statement; presentation,23,Talking & Thinking,H,,,,
w3183,赞同,zàntóng,6,approval,23,Talking & Thinking,H,,,,
w3186,发誓,fāshì,6,vow; pledge; swear,23,Talking & Thinking,H,,,,
w3208,含义,hányì,6,meaning; implication,23,Talking & Thinking,H,,,,
w3214,口气,kǒuqì,6,tone,23,Talking & Thinking,H,,,,
w3224,注重,zhùzhòng,6,emphasize,23,Talking & Thinking,M,,29,,
w3225,传达,chuándá,6,pass on; relay; convey,23,Talking & Thinking,H,,,,
w3260,预料,yùliào,6,expect; anticipate,23,Talking & Thinking,H,,,,
w3272,答复,dáfù,6,reply; answer,23,Talking & Thinking,H,,,,
w3314,侮辱,wǔrǔ,6,insult,23,Talking & Thinking,H,,,,
w3319,意图,yìtú,6,intention; intent,23,Talking & Thinking,H,,,,
w3326,哄,hǒng,6,fool; kid; coax,23,Talking & Thinking,M,,5,,
w3338,误解,wùjiě,6,misunderstand,23,Talking & Thinking,H,,,,
w3341,交代,jiāodài,6,tell; account for,23,Talking & Thinking,H,,,,
w3346,联想,liánxiǎng,6,associate; connect in the mind,23,Talking & Thinking,H,,,,
w3360,推测,tuīcè,6,speculate,23,Talking & Thinking,H,,,,
w3376,协商,xiéshāng,6,consult,23,Talking & Thinking,M,,17,,
w3388,倾听,qīngtīng,6,listen,23,Talking & Thinking,H,,,,
w3390,预言,yùyán,6,prophecy; prediction; predict,23,Talking & Thinking,H,,,,
w3393,妥协,tuǒxié,6,compromise,23,Talking & Thinking,M,,22,,
w3395,探讨,tàntǎo,6,probe; discuss,23,Talking & Thinking,H,,,,
w3401,分歧,fēnqí,6,difference; divergence; virgation,23,Talking & Thinking,M,,26,,
w3428,坦白,tǎnbái,6,frank; honest; confess,23,Talking & Thinking,M,,21,,
w3441,设想,shèxiǎng,6,imagine,23,Talking & Thinking,H,,,,
w3458,揭露,jiēlù,6,expose; unmask; reveal,23,Talking & Thinking,M,,26,,
w3460,吩咐,fēnfù,6,tell; bid,23,Talking & Thinking,H,,,,
w3490,疑惑,yíhuò,6,doubt; feel uncertain,23,Talking & Thinking,M,,20,,
w3518,引用,yǐnyòng,6,quote,23,Talking & Thinking,M,,16,,
w3543,着想,zhuóxiǎng,6,sake; consider,23,Talking & Thinking,H,,,,
w3561,澄清,chéngqīng,6,clarify,23,Talking & Thinking,H,,,,
w3589,区分,qūfēn,6,distinguish; differentiate,23,Talking & Thinking,H,,,,
w3603,谣言,yáoyán,6,rumor,23,Talking & Thinking,M,,18,,
w3633,琢磨,zhuómó,6,ponder,23,Talking & Thinking,H,,,,
w3634,表态,biǎotài,6,declare; make known one's position,23,Talking & Thinking,H,,,,
w3640,比喻,bǐyù,6,metaphor or simile; analogy,23,Talking & Thinking,H,,,,
w3675,口音,kǒuyīn,6,voice; accent,23,Talking & Thinking,M,,16,,
w3692,确信,quèxìn,6,firmly believe,23,Talking & Thinking,H,,,,
w3709,当面,dāngmiàn,6,to sb.'s face; in sb.'s presence; face to face,23,Talking & Thinking,M,,29,,
w3740,分辨,fēnbiàn,6,distinguish; differentiate,23,Talking & Thinking,H,,,,
w3741,描绘,miáohuì,6,describe; display,23,Talking & Thinking,M,,28,,
w3743,赞扬,zànyáng,6,praise,23,Talking & Thinking,H,,,,
w3771,手势,shǒushì,6,gesture,23,Talking & Thinking,M,,10,,
w3822,妄想,wàngxiǎng,6,wishful thinking; delusion; fantasize,23,Talking & Thinking,H,,,,
w3854,推理,tuīlǐ,6,reasoning; inference,23,Talking & Thinking,H,,,,
w3856,唠叨,láodao,6,chatter; be garrulous,23,Talking & Thinking,M,,21,,
w3865,批判,pīpàn,6,criticism; critique,23,Talking & Thinking,M,,26,,
w3874,鉴别,jiànbié,6,distinguish; differentiate,23,Talking & Thinking,M,,27,,
w3913,意料,yìliào,6,expectation; surprise; expect,23,Talking & Thinking,M,,20,,
w3921,让步,ràngbù,6,yield,23,Talking & Thinking,M,,21,,
w3933,反驳,fǎnbó,6,refute; confute; retort,23,Talking & Thinking,H,,,,
w3936,责怪,zéguài,6,blame,23,Talking & Thinking,M,,20,,
w3938,辨认,biànrèn,6,identify; recognize,23,Talking & Thinking,M,,24,,
w3957,见解,jiànjiě,6,view; opinion,23,Talking & Thinking,H,,,,
w3976,比方,bǐfang,6,analogy; example; instance,23,Talking & Thinking,H,,,,
w4004,散布,sànbù,6,spread; distribute,23,Talking & Thinking,M,,29,,
w4008,构思,gòusī,6,design,23,Talking & Thinking,M,,28,,
w4014,辩解,biànjiě,6,provide an explanation; argue,23,Talking & Thinking,H,,,,
w4019,思绪,sīxù,6,thinking; feeling,23,Talking & Thinking,M,,20,,
w4020,宣扬,xuānyáng,6,advocate; publicize,23,Talking & Thinking,M,,18,,
w4045,请教,qǐngjiào,6,consult,23,Talking & Thinking,H,,,,
w4063,阐述,chǎnshù,6,expound; elaborate; state,23,Talking & Thinking,H,,,,
w4084,领悟,lǐngwù,6,comprehend; realize,23,Talking & Thinking,H,,,,
w4094,口头,kǒutóu,6,verbal; oral,23,Talking & Thinking,H,,,,
w4101,反思,fǎnsī,6,rethink,23,Talking & Thinking,H,,,,
w4107,展望,zhǎnwàng,6,outlook; prospect,23,Talking & Thinking,M,,29,,
w4129,领会,lǐnghuì,6,understand; comprehend,23,Talking & Thinking,H,,,,
w4130,参照,cānzhào,6,refer to; consult; reference,23,Talking & Thinking,M,,16,,
w4137,采纳,cǎinà,6,accept; adopt,23,Talking & Thinking,H,,,,
w4139,做主,zuòzhǔ,6,determine,23,Talking & Thinking,M,,21,,
w4146,告诫,gàojiè,6,warn; admonish,23,Talking & Thinking,H,,,,
w4148,沉思,chénsī,6,ponder; meditate; be lost in thought,23,Talking & Thinking,H,,,,
w4185,断定,duàndìng,6,conclude,23,Talking & Thinking,H,,,,
w4191,混淆,hùnxiáo,6,confound; obscure,23,Talking & Thinking,H,,,,
w4196,思索,sīsuǒ,6,thinking,23,Talking & Thinking,H,,,,
w4220,示意,shìyì,6,give a signal,23,Talking & Thinking,H,,,,
w4227,打量,dǎliang,6,size up,23,Talking & Thinking,M,,11,,
w4319,论证,lùnzhèng,6,argumentation; proof; demonstrate,23,Talking & Thinking,M,,16,,
w4336,记性,jìxing,6,memory,23,Talking & Thinking,H,,,,
w4353,转达,zhuǎndá,6,convey,23,Talking & Thinking,H,,,,
w4354,倡导,chàngdǎo,6,initiate; propose; advocate,23,Talking & Thinking,M,,26,,
w4368,着重,zhuózhòng,6,stress; focus on,23,Talking & Thinking,H,,,,
w4437,歪曲,wāiqū,6,ill-natured; distort,23,Talking & Thinking,H,,,,
w4501,赞叹,zàntàn,6,praise; gasp in admiration,23,Talking & Thinking,H,,,,
w4547,权衡,quánhéng,6,trade off; balance; weight,23,Talking & Thinking,H,,,,
w4550,贬低,biǎndī,6,belittle; play down,23,Talking & Thinking,M,,21,,
w4551,反问,fǎnwèn,6,ask (a question) in reply; answer a question with a question,23,Talking & Thinking,H,,,,
w4584,列举,lièjǔ,6,list,23,Talking & Thinking,H,,,,
w4591,鼓动,gǔdòng,6,promote; tickle,23,Talking & Thinking,M,,26,,
w4594,歌颂,gēsòng,6,sing the praises of; extol; eulogize,23,Talking & Thinking,M,,28,,
w4596,推论,tuīlùn,6,inference,23,Talking & Thinking,H,,,,
w4665,滔滔不绝,tāotāo-bùjué,6,rattle,23,Talking & Thinking,H,,,,
w4699,眼色,yǎnsè,6,meaningful glance; hint given with the eyes,23,Talking & Thinking,M,,10,,
w4772,叮嘱,dīngzhǔ,6,urge again and again; warn; exhort,23,Talking & Thinking,H,,,,
w4796,服气,fúqì,6,be convinced,23,Talking & Thinking,H,,,,
w4799,鞭策,biāncè,6,spur on; urge on,23,Talking & Thinking,M,,29,,
w4801,归纳,guīnà,6,induce; conclude; sum up,23,Talking & Thinking,H,,,,
w4807,恍然大悟,huǎngrán-dàwù,6,come to understand suddenly; see light suddenly,23,Talking & Thinking,H,,,,
w4808,谢绝,xièjué,6,decline; refuse,23,Talking & Thinking,H,,,,
w4817,空想,kōngxiǎng,6,fancy; idle dream; fantasy,23,Talking & Thinking,H,,,,
w4833,污蔑,wūmiè,6,slander,23,Talking & Thinking,M,,26,,
w4837,吹捧,chuīpěng,6,flatter; laud to the skies,23,Talking & Thinking,M,,21,,
w4852,斟酌,zhēnzhuó,6,think over; consider,23,Talking & Thinking,H,,,,
w4859,附和,fùhè,6,echo; chime in with,23,Talking & Thinking,M,,22,,
w4910,无可奉告,wúkě-fènggào,6,no comment,23,Talking & Thinking,M,,18,,
w4912,讥笑,jīxiào,6,ridicule; jeer,23,Talking & Thinking,M,,21,,
w4923,聚精会神,jùjīng-huìshén,6,concentrate one's attention on,23,Talking & Thinking,M,,16,,
w4953,走漏,zǒulòu,6,divulge; leak out,23,Talking & Thinking,M,,29,,
w4974,勉励,miǎnlì,6,encourage; urge,23,Talking & Thinking,M,,22,,
w5003,各抒己见,gèshū-jǐjiàn,6,Each airs his own views.,23,Talking & Thinking,H,,,,
w0016,好,hǎo,1,good; nice; well,24,Describing Things,H,,,,
w0034,大,dà,1,big; large; huge,24,Describing Things,H,,,,
w0043,小,xiǎo,1,small; little; become smaller,24,Describing Things,H,,,,
w0160,对,duì,2,right; correct; to,24,Describing Things,M,,29,,
w0180,最,zuì,2,the most,24,Describing Things,H,,,,
w0192,新,xīn,2,new; up-to-date,24,Describing Things,H,,,,
w0194,快,kuài,2,fast; be going to; will,24,Describing Things,H,,,,
w0195,比,bǐ,2,used to make comparison,24,Describing Things,H,,,,
w0207,长,cháng,2,long,24,Describing Things,H,,,,
w0212,高,gāo,2,tall; high,24,Describing Things,H,,,,
w0235,错,cuò,2,wrong; incorrect,24,Describing Things,H,,,,
w0242,黑,hēi,2,black; dark,24,Describing Things,H,,,,
w0246,红,hóng,2,red,24,Describing Things,H,,,,
w0253,白,bái,2,white,24,Describing Things,H,,,,
w0276,慢,màn,2,slow,24,Describing Things,H,,,,
w0278,颜色,yánsè,2,color,24,Describing Things,H,,,,
w0328,更,gèng,3,more,24,Describing Things,H,,,,
w0333,像,xiàng,3,look alike; for example,24,Describing Things,H,,,,
w0344,一样,yíyàng,3,the same,24,Describing Things,H,,,,
w0347,重要,zhòngyào,3,important,24,Describing Things,H,,,,
w0350,老,lǎo,3,aged; old,24,Describing Things,M,,5,,
w0391,难,nán,3,difficult; hard,24,Describing Things,H,,,,
w0402,比较,bǐjiào,3,fairly; quite,24,Describing Things,H,,,,
w0411,突然,tūrán,3,sudden; abrupt; unexpected,24,Describing Things,H,,,,
w0415,容易,róngyì,3,easy; ready,24,Describing Things,H,,,,
w0420,简单,jiǎndān,3,easy; simple,24,Describing Things,H,,,,
w0426,清楚,qīngchu,3,clear; distinct; be clear about,24,Describing Things,M,,23,,
w0431,可爱,kě'ài,3,cute; lovable; likeable,24,Describing Things,H,,,,
w0433,声音,shēngyīn,3,sound; voice,24,Describing Things,M,,29,,
w0443,低,dī,3,low; down; lower,24,Describing Things,H,,,,
w0448,差,chà,3,bad; poor; fall short of,24,Describing Things,H,,,,
w0450,短,duǎn,3,short,24,Describing Things,H,,,,
w0457,主要,zhǔyào,3,major; main,24,Describing Things,H,,,,
w0474,坏,huài,3,bad; evil; terrible,24,Describing Things,H,,,,
w0494,蓝,lán,3,blue,24,Describing Things,H,,,,
w0498,奇怪,qíguài,3,odd; queer; strange,24,Describing Things,H,,,,
w0503,旧,jiù,3,old; worn,24,Describing Things,H,,,,
w0505,黄,huáng,3,yellow; pornographic; to fall through,24,Describing Things,H,,,,
w0517,方便,fāngbiàn,3,convenient,24,Describing Things,H,,,,
w0519,相同,xiāngtóng,3,same,24,Describing Things,H,,,,
w0536,安静,ānjìng,3,noiseless; quiet; calm,24,Describing Things,H,,,,
w0539,绿,lǜ,3,green,24,Describing Things,H,,,,
w0604,有名,yǒumíng,3,famous,24,Describing Things,H,,,,
w0665,安全,ānquán,4,safe; safety,24,Describing Things,M,,26,,
w0689,真正,zhēnzhèng,4,genuine; true; real,24,Describing Things,H,,,,
w0697,直接,zhíjiē,4,direct; immediate,24,Describing Things,H,,,,
w0705,重,zhòng,4,heavy,24,Describing Things,H,,,,
w0725,正常,zhèngcháng,4,normal; regular,24,Describing Things,H,,,,
w0739,严重,yánzhòng,4,grave; serious; acute,24,Describing Things,M,,10,,
w0771,满,mǎn,4,filled; full of,24,Describing Things,H,,,,
w0782,深,shēn,4,deep,24,Describing Things,H,,,,
w0791,假,jiǎ,4,fake; false,24,Describing Things,H,,,,
w0804,样子,yàngzi,4,appearance; shape; form,24,Describing Things,H,,,,
w0805,困难,kùnnan,4,trouble; difficulty; difficult,24,Describing Things,H,,,,
w0810,正确,zhèngquè,4,right; correct; proper,24,Describing Things,H,,,,
w0821,危险,wēixiǎn,4,dangerous; hazardous; jeopardous,24,Describing Things,H,,,,
w0823,乱,luàn,4,messy; disorderly; in confusion,24,Describing Things,H,,,,
w0824,适合,shìhé,4,suit; fit; be appropriate for,24,Describing Things,H,,,,
w0825,正式,zhèngshì,4,formal; official; regular,24,Describing Things,H,,,,
w0828,棒,bàng,4,great; good; excellent,24,Describing Things,H,,,,
w0839,破,pò,4,broken; damaged,24,Describing Things,H,,,,
w0844,错误,cuòwù,4,wrong; incorrect; mistaken,24,Describing Things,H,,,,
w0845,标准,biāozhǔn,4,standard; criterion; conforming to a standard,24,Describing Things,H,,,,
w0852,实在,shízài,4,true; real; honest,24,Describing Things,H,,,,
w0853,空,kōng,4,empty; vacant,24,Describing Things,H,,,,
w0873,著名,zhùmíng,4,famous; celebrated,24,Describing Things,H,,,,
w0877,顺利,shùnlì,4,smooth; without a hitch,24,Describing Things,H,,,,
w0879,麻烦,máfan,4,troublesome; bother; burden,24,Describing Things,H,,,,
w0881,美好,měihǎo,4,"bright; beautiful (used for sth abstract, such as life and wish)",24,Describing Things,H,,,,
w0905,复杂,fùzá,4,complicated; complex,24,Describing Things,H,,,,
w0910,优秀,yōuxiù,4,outstanding; great; superior,24,Describing Things,H,,,,
w0911,亮,liàng,4,bright; clear; resonant,24,Describing Things,H,,,,
w0928,轻,qīng,4,light,24,Describing Things,H,,,,
w0939,厉害,lìhai,4,grave; serious; acute,24,Describing Things,M,,20,,
w0947,成熟,chéngshú,4,mature; ripe; to mature,24,Describing Things,M,,21,,
w0953,实际,shíjì,4,real; actual,24,Describing Things,H,,,,
w0966,合适,héshì,4,fit; suitable; appropriate,24,Describing Things,H,,,,
w0985,高级,gāojí,4,advanced,24,Describing Things,H,,,,
w0986,响,xiǎng,4,make a sound,24,Describing Things,M,,18,,
w1011,减少,jiǎnshǎo,4,reduce; decrease; cut down,24,Describing Things,M,,29,,
w1013,剩,shèng,4,be left over; remain,24,Describing Things,M,,6,,
w1014,正好,zhènghǎo,4,suitable,24,Describing Things,M,,4,,
w1016,硬,yìng,4,hard; stiff; solid,24,Describing Things,H,,,,
w1021,有趣,yǒuqù,4,interesting; fascinating; amusing,24,Describing Things,M,,20,,
w1024,好处,hǎochu,4,good point; advantage,24,Describing Things,M,,29,,
w1026,区别,qūbié,4,difference,24,Describing Things,M,,23,,
w1027,暗,àn,4,dark; to turn dark; secret,24,Describing Things,M,,14,,
w1042,丰富,fēngfù,4,abundant; plentiful; copious,24,Describing Things,H,,,,
w1052,准确,zhǔnquè,4,exact; precise,24,Describing Things,H,,,,
w1053,详细,xiángxì,4,detailed; minute; careful,24,Describing Things,H,,,,
w1055,圆,yuán,4,circle; round; circular,24,Describing Things,H,,,,
w1061,富,fù,4,rich,24,Describing Things,M,,25,,
w1065,降低,jiàngdī,4,lower; reduce; decrease,24,Describing Things,H,,,,
w1074,软,ruǎn,4,soft; flexible,24,Describing Things,H,,,,
w1091,宽,kuān,4,wide; broad; loose,24,Describing Things,H,,,,
w1097,相反,xiāngfǎn,4,opposite; contrary; adverse,24,Describing Things,H,,,,
w1110,厚,hòu,4,thick; thickness,24,Describing Things,H,,,,
w1128,特点,tèdiǎn,4,characteristic; distinguishing feature; fingerprint,24,Describing Things,H,,,,
w1153,脏,zāng,4,dirty,24,Describing Things,M,,8,,
w1167,合格,hégé,4,qualified,24,Describing Things,M,,16,,
w1170,缺点,quēdiǎn,4,defect; drawback; flaw,24,Describing Things,M,,21,,
w1179,优点,yōudiǎn,4,merit; advantage; virtue,24,Describing Things,M,,21,,
w1183,普遍,pǔbiàn,4,universal; general,24,Describing Things,H,,,,
w1187,热闹,rènao,4,lively; bustling with noise and excitement,24,Describing Things,M,,22,,
w1189,顺序,shùnxù,4,order; sequence; succession,24,Describing Things,M,,29,,
w1198,性别,xìngbié,4,gender; sex,24,Describing Things,M,,26,,
w1226,排列,páiliè,4,arrange; rank; put in order,24,Describing Things,M,,29,,
w1227,窄,zhǎi,4,narrow; narrow-minded; badly off,24,Describing Things,H,,,,
w1229,整齐,zhěngqí,4,orderly; neat; even,24,Describing Things,M,,8,,
w1296,唯一,wéiyī,5,only; sole,24,Describing Things,H,,,,
w1309,整个,zhěnggè,5,whole; entire; total,24,Describing Things,H,,,,
w1312,重,chóng,5,layer; overlapping; do again,24,Describing Things,M,,29,,
w1326,明显,míngxiǎn,5,clear; distinct; obvious,24,Describing Things,H,,,,
w1358,方,fāng,5,square; just now,24,Describing Things,H,,,,
w1368,基本,jīběn,5,basic; fundamental; main,24,Describing Things,H,,,,
w1371,类,lèi,5,kind; type; class,24,Describing Things,H,,,,
w1385,状态,zhuàngtài,5,condition; state; state of affairs,24,Describing Things,H,,,,
w1406,完美,wánměi,5,perfect,24,Describing Things,H,,,,
w1407,真实,zhēnshí,5,true; real,24,Describing Things,H,,,,
w1409,空间,kōngjiān,5,space; room; (fig.) scope,24,Describing Things,M,,8,,
w1425,伟大,wěidà,5,huge; great; grand,24,Describing Things,H,,,,
w1429,充满,chōngmǎn,5,be filled with; be full of,24,Describing Things,H,,,,
w1432,直,zhí,5,straight; to straighten; fair and reasonable,24,Describing Things,H,,,,
w1451,圈,quān,5,circle; ring; loop,24,Describing Things,H,,,,
w1455,稳定,wěndìng,5,steady; stable; stability,24,Describing Things,M,,25,,
w1456,巨大,jùdà,5,huge; immense; very large,24,Describing Things,H,,,,
w1466,团,tuán,5,round; lump; ball,24,Describing Things,H,,,,
w1467,紧,jǐn,5,tight; strict; close at hand,24,Describing Things,H,,,,
w1475,顶,dǐng,5,top; carry on the head; push from below or behind,24,Describing Things,M,,9,,
w1476,特殊,tèshū,5,special; particular; unusual,24,Describing Things,H,,,,
w1477,具体,jùtǐ,5,concrete; definite; specific,24,Describing Things,H,,,,
w1482,彻底,chèdǐ,5,thorough; thoroughgoing; completely,24,Describing Things,H,,,,
w1488,意外,yìwài,5,unexpected; accident; mishap,24,Describing Things,M,,12,,
w1492,平,píng,5,flat; level; equal,24,Describing Things,H,,,,
w1543,合理,hélǐ,5,rational; reasonable; sensible,24,Describing Things,H,,,,
w1556,出色,chūsè,5,outstanding; excellent,24,Describing Things,H,,,,
w1560,滚,gǔn,5,roll; get lost,24,Describing Things,L,CHECK,9,,roll or slang get lost ambiguous
w1566,优势,yōushì,5,superiority; dominance; advantage,24,Describing Things,M,,25,,
w1568,卷,juǎn,5,to roll up; roll,24,Describing Things,L,CHECK,9,,roll shape or food roll ambiguous
w1574,形象,xíngxiàng,5,image; form; figure,24,Describing Things,M,,28,,
w1594,组合,zǔhé,5,to assemble; to combine; to compose,24,Describing Things,M,,19,,
w1596,强烈,qiángliè,5,strong; intense,24,Describing Things,H,,,,
w1601,良好,liánghǎo,5,good; favorable; well,24,Describing Things,H,,,,
w1619,碎,suì,5,(transitive or intransitive verb) to break into pieces; to shatter; to crumble,24,Describing Things,M,,8,,
w1635,神秘,shénmì,5,mysterious; mystery,24,Describing Things,H,,,,
w1637,明确,míngquè,5,clear-cut; definite; explicit,24,Describing Things,M,,23,,
w1641,充分,chōngfèn,5,full; sufficient,24,Describing Things,H,,,,
w1650,背景,bèijǐng,5,background; backdrop; context,24,Describing Things,M,,28,,
w1658,私人,sīrén,5,private; personal; interpersonal,24,Describing Things,M,,22,,
w1662,形式,xíngshì,5,outer appearance; form; shape,24,Describing Things,H,,,,
w1671,迅速,xùnsù,5,rapid; speedy; fast,24,Describing Things,H,,,,
w1674,深刻,shēnkè,5,profound; deep; deep-going,24,Describing Things,H,,,,
w1677,全面,quánmiàn,5,all-around; comprehensive; total,24,Describing Things,H,,,,
w1704,不如,bùrú,5,not as good as; inferior to; better to,24,Describing Things,H,,,,
w1722,表面,biǎomiàn,5,surface,24,Describing Things,H,,,,
w1723,青,qīng,5,green; blue; black,24,Describing Things,H,,,,
w1728,完整,wánzhěng,5,complete; intact,24,Describing Things,H,,,,
w1738,臭,chòu,5,smelly; stink,24,Describing Things,M,,6,,
w1740,灰,huī,5,ash; dust; lime,24,Describing Things,M,,8,,
w1741,堆,duī,5,heap; pile; pile up,24,Describing Things,M,,8,,
w1760,单独,dāndú,5,alone; by oneself,24,Describing Things,H,CHECK,,29,
w1761,平衡,pínghéng,5,balance; equilibrium,24,Describing Things,M,,10,,
w1764,大型,dàxíng,5,large-scale; large,24,Describing Things,H,,,,
w1765,展开,zhǎnkāi,5,to unfold; to spread out; to open up,24,Describing Things,M,,9,,
w1775,固定,gùdìng,5,fixed,24,Describing Things,H,,,,
w1815,绕,rào,5,to wind; to coil (thread); to rotate around,24,Describing Things,L,CHECK,12,,generic motion verb no clear topic
w1823,奇迹,qíjì,5,miracle; miraculous; wonder,24,Describing Things,M,,29,,
w1829,独特,dútè,5,unique,24,Describing Things,H,,,,
w1842,核心,héxīn,5,core; nucleus,24,Describing Things,M,,29,,
w1844,特征,tèzhēng,5,characteristic; diagnostic property; distinctive feature,24,Describing Things,H,,,,
w1857,过分,guòfèn,5,excessive; go too far,24,Describing Things,M,,21,,
w1861,豪华,háohuá,5,luxurious,24,Describing Things,M,,8,,
w1873,相对,xiāngduì,5,relatively; opposite; to resist,24,Describing Things,H,,,,
w1874,改善,gǎishàn,5,improve,24,Describing Things,M,,17,,
w1897,落后,luòhòu,5,to fall behind; to lag (in technology etc); backward,24,Describing Things,M,,27,,
w1922,突出,tūchū,5,prominent; outstanding; to give prominence to,24,Describing Things,H,,,,
w1931,相似,xiāngsì,5,similar; alike,24,Describing Things,H,,,,
w1952,薄,báo,5,thin,24,Describing Things,H,,,,
w1956,平常,píngcháng,5,ordinary; common; usually,24,Describing Things,M,,4,,
w1958,有利,yǒulì,5,advantageous; favorable,24,Describing Things,H,,,,
w1966,整体,zhěngtǐ,5,whole entity; entire body; synthesis,24,Describing Things,M,,29,,
w1967,综合,zōnghé,5,comprehensive; composite; synthesized,24,Describing Things,H,,,,
w1997,陌生,mòshēng,5,strange; unfamiliar,24,Describing Things,M,,22,,
w2049,浓,nóng,5,concentrated; dense; strong (smell etc),24,Describing Things,H,,,,
w2051,毛病,máobìng,5,fault; defect; shortcomings,24,Describing Things,M,,21,,
w2054,弯,wān,5,to bend; bent; a bend,24,Describing Things,H,,,,
w2055,横,héng,5,horizontal; across; crosswise,24,Describing Things,H,,,,
w2059,光明,guāngmíng,5,bright; light; vision (for eyes),24,Describing Things,H,,,,
w2068,浅,qiǎn,5,shallow; light (color),24,Describing Things,H,,,,
w2078,情景,qíngjǐng,5,scene; spectacle; circumstances,24,Describing Things,M,,28,,
w2087,对比,duìbǐ,5,contrast,24,Describing Things,H,,,,
w2096,歪,wāi,5,askew; at a crooked angle; devious,24,Describing Things,H,,,,
w2098,缩小,suōxiǎo,5,to reduce; to decrease; to shrink,24,Describing Things,H,,,,
w2101,模糊,móhu,5,vague; indistinct; fuzzy,24,Describing Things,H,,,,
w2102,差别,chābié,5,difference,24,Describing Things,H,,,,
w2120,宝贵,bǎoguì,5,valuable; precious,24,Describing Things,H,,,,
w2126,完善,wánshàn,5,"(of systems, facilities etc) comprehensive; well-developed; excellent",24,Describing Things,H,,,,
w2129,重量,zhòngliàng,5,weight,24,Describing Things,H,,,,
w2131,多余,duōyú,5,superfluous; unnecessary,24,Describing Things,H,,,,
w2139,形状,xíngzhuàng,5,form; shape,24,Describing Things,H,,,,
w2143,了不起,liǎobuqǐ,5,amazing; terrific; extraordinary,24,Describing Things,H,,,,
w2148,影子,yǐngzi,5,shadow; reflection; (fig.) hint,24,Describing Things,M,,15,,
w2156,紫,zǐ,5,purple; violet,24,Describing Things,H,,,,
w2170,面积,miànjī,5,"area (of a floor, piece of land etc); surface area; tract of land",24,Describing Things,H,,,,
w2173,广泛,guǎngfàn,5,widely; extensive; wide-ranging,24,Describing Things,H,,,,
w2175,品种,pǐnzhǒng,5,breed; variety,24,Describing Things,M,,15,,
w2177,悄悄,qiāoqiāo,5,quiet; making little or no noise; surreptitious,24,Describing Things,H,,,,
w2187,恶劣,èliè,5,adverse; bad,24,Describing Things,H,,,,
w2190,个别,gèbié,5,individual; isolated,24,Describing Things,H,,,,
w2194,灵活,línghuó,5,flexible; nimble; agile,24,Describing Things,M,,21,,
w2204,艰苦,jiānkǔ,5,difficult; hard; arduous,24,Describing Things,H,,,,
w2209,透明,tòumíng,5,transparent; (fig.) transparent; open to scrutiny,24,Describing Things,H,,,,
w2238,优美,yōuměi,5,graceful; fine; elegant,24,Describing Things,H,,,,
w2241,必需,bìxū,5,essential; indispensable,24,Describing Things,M,,29,,
w2264,斜,xié,5,inclined; slanting; oblique,24,Describing Things,H,,,,
w2269,生动,shēngdòng,5,vivid; lively,24,Describing Things,H,,,,
w2292,实用,shíyòng,5,practical; functional; pragmatic,24,Describing Things,H,,,,
w2298,迫切,pòqiè,5,urgent; pressing,24,Describing Things,H,,,,
w2300,用途,yòngtú,5,use; application,24,Describing Things,M,,29,,
w2309,拥挤,yōngjǐ,5,crowded; to throng; congestion,24,Describing Things,H,,,,
w2332,巧妙,qiǎomiào,5,ingenious; clever; ingenuity,24,Describing Things,M,,21,,
w2347,广大,guǎngdà,5,vast; numerous,24,Describing Things,H,,,,
w2352,熟练,shúliàn,5,practiced; proficient; skilled,24,Describing Things,M,,17,,
w2365,匆忙,cōngmáng,5,hastily; in a hurry; in haste,24,Describing Things,H,,,,
w2370,光滑,guānghuá,5,smooth,24,Describing Things,H,,,,
w2377,结实,jiēshi,5,rugged; sturdy; strong,24,Describing Things,H,,,,
w2391,体积,tǐjī,5,volume; bulk,24,Describing Things,H,,,,
w2395,难看,nánkàn,5,ugly; unsightly,24,Describing Things,M,,11,,
w2397,尖锐,jiānruì,5,sharp; intense; penetrating,24,Describing Things,H,,,,
w2399,艰巨,jiānjù,5,arduous; terrible (task); very difficult,24,Describing Things,H,,,,
w2411,均匀,jūnyún,5,even; well-distributed; homogeneous,24,Describing Things,H,,,,
w2426,抽象,chōuxiàng,5,abstract,24,Describing Things,H,,,,
w2427,悠久,yōujiǔ,5,"long (tradition, history etc)",24,Describing Things,M,,28,,
w2432,单调,dāndiào,5,monotonous,24,Describing Things,H,,,,
w2448,样式,yàngshì,5,type; style,24,Describing Things,M,,11,,
w2458,鲜艳,xiānyàn,5,bright-colored; gaily-colored,24,Describing Things,H,,,,
w2480,朴素,pǔsù,5,plain and simple; unadorned; simple living,24,Describing Things,M,,11,,
w2481,次要,cìyào,5,secondary; minor,24,Describing Things,H,,,,
w2482,片面,piànmiàn,5,unilateral; one-sided,24,Describing Things,M,,23,,
w2507,雄伟,xióngwěi,5,grand; imposing; magnificent,24,Describing Things,M,,13,,
w2573,超级,chāojí,6,super,24,Describing Things,H,,,,
w2591,显著,xiǎnzhù,6,notable,24,Describing Things,H,,,,
w2614,类似,lèisì,6,likeness; similar,24,Describing Things,H,,,,
w2626,实力,shílì,6,actual strength,24,Describing Things,M,,19,,
w2633,模式,móshì,6,model; mode; pattern,24,Describing Things,M,,27,,
w2634,异常,yìcháng,6,abnormal; unusual,24,Describing Things,H,,,,
w2688,神奇,shénqí,6,magical,24,Describing Things,M,,28,,
w2704,展现,zhǎnxiàn,6,show,24,Describing Things,M,,29,,
w2716,混乱,hùnluàn,6,confusion; chaos,24,Describing Things,M,,26,,
w2727,典型,diǎnxíng,6,typical; representative,24,Describing Things,H,,,,
w2731,艰难,jiānnán,6,difficult; hard,24,Describing Things,H,,,,
w2798,潜力,qiánlì,6,potential,24,Describing Things,H,,,,
w2810,技巧,jìqiǎo,6,skill,24,Describing Things,M,,17,,
w2814,无比,wúbǐ,6,incomparable; unparalleled; matchless,24,Describing Things,H,,,,
w2826,过度,guòdù,6,excessive; over; undue,24,Describing Things,H,,,,
w2833,倾向,qīngxiàng,6,tendency; inclination; trend,24,Describing Things,M,,29,,
w2854,痕迹,hénjì,6,mark; vestige; trace,24,Describing Things,M,,29,,
w2857,清晰,qīngxī,6,clear; distinct,24,Describing Things,H,,,,
w2867,特色,tèsè,6,characteristic; distinguishing feature; distinctive,24,Describing Things,H,,28,,
w2880,场面,chǎngmiàn,6,scene; spectacle; occasion,24,Describing Things,M,,28,,
w2915,脆弱,cuìruò,6,fragile; weak,24,Describing Things,H,,10,,
w2924,天生,tiānshēng,6,born; by nature,24,Describing Things,H,,,,
w2929,失误,shīwù,6,mistake; lapse,24,Describing Things,L,CHECK,29,,generic mistake fits several topics
w2950,手法,shǒufǎ,6,technique,24,Describing Things,M,,28,,
w2953,拼命,pīnmìng,6,do sth. desperately,24,Describing Things,H,,,,
w2956,初步,chūbù,6,initial; preliminary,24,Describing Things,H,,,,
w2962,色彩,sècǎi,6,color,24,Describing Things,H,,,,
w2964,级别,jíbié,6,level,24,Describing Things,H,,,,
w2977,正当,zhèngdàng,6,rightful; proper,24,Describing Things,M,,26,,
w2982,分散,fēnsàn,6,disperse; scatter; scattered,24,Describing Things,H,,,,
w2997,原始,yuánshǐ,6,original; primary,24,Describing Things,M,,28,,
w3011,一流,yìliú,6,first-rate,24,Describing Things,H,,,,
w3027,难得,nándé,6,rare,24,Describing Things,H,,,,
w3031,十足,shízú,6,full; absolute,24,Describing Things,H,,,,
w3039,品质,pǐnzhì,6,quality,24,Describing Things,M,,21,,
w3042,精心,jīngxīn,6,meticulously; painstakingly,24,Describing Things,M,,21,,
w3043,极端,jíduān,6,extremes,24,Describing Things,M,,29,,
w3045,珍贵,zhēnguì,6,precious; valuable,24,Describing Things,H,,,,
w3050,扁,biǎn,6,flat,24,Describing Things,H,,,,
w3071,美妙,měimiào,6,wonderful; beautiful,24,Describing Things,H,,,,
w3076,纯粹,chúncuì,6,pure,24,Describing Things,H,,,,
w3086,特定,tèdìng,6,specific; particular,24,Describing Things,H,,,,
w3088,翘,qiào,6,stick up; raise up,24,Describing Things,M,,9,,
w3093,孔,kǒng,6,hole,24,Describing Things,M,,8,,
w3106,永恒,yǒnghéng,6,eternal,24,Describing Things,M,,29,,
w3107,覆盖,fùgài,6,cover; overlap,24,Describing Things,M,,27,,
w3112,缺陷,quēxiàn,6,defect; flaw,24,Describing Things,H,,,,
w3115,可笑,kěxiào,6,laughable; ridiculous,24,Describing Things,M,,20,,
w3123,沉重,chénzhòng,6,heavy,24,Describing Things,H,,,,
w3131,封闭,fēngbì,6,close,24,Describing Things,M,,13,,
w3144,漫长,màncháng,6,endless,24,Describing Things,M,,4,,
w3184,确切,quèqiè,6,exact; precise; definite,24,Describing Things,H,,,,
w3187,便利,biànlì,6,convenient; easy,24,Describing Things,H,,,,
w3190,空白,kòngbái,6,blank space,24,Describing Things,M,,16,,
w3203,终身,zhōngshēn,6,lifelong,24,Describing Things,M,,29,,
w3210,紧密,jǐnmì,6,close together; inseparable,24,Describing Things,H,,,,
w3213,恶化,èhuà,6,worsen; deteriorate,24,Describing Things,M,,10,,
w3216,层次,céngcì,6,layer; administrative levels; arrangement of ideas,24,Describing Things,M,,29,,
w3226,图案,tú'àn,6,pattern,24,Describing Things,H,,,,
w3241,华丽,huálì,6,magnificent; resplendent; gorgeous,24,Describing Things,H,,,,
w3244,相应,xiāngyìng,6,corresponding,24,Describing Things,M,,29,,
w3249,极限,jíxiàn,6,the limit; the maximum,24,Describing Things,M,,19,,
w3250,差距,chājù,6,gap; disparity; distance,24,Describing Things,M,,29,,
w3264,内在,nèizài,6,inherent; intrinsic,24,Describing Things,H,,,,
w3265,粉色,fěnsè,6,pink,24,Describing Things,H,,,,
w3266,首要,shǒuyào,6,primary,24,Describing Things,H,,,,
w3268,任意,rènyì,6,arbitrarily; any; random,24,Describing Things,M,,29,,
w3273,忙碌,mánglù,6,busy,24,Describing Things,M,,17,,
w3280,罕见,hǎnjiàn,6,seldom seen; rarely seen; rare,24,Describing Things,H,,,,
w3281,辉煌,huīhuáng,6,brilliant; splendid; glorious,24,Describing Things,M,,28,,
w3286,充足,chōngzú,6,adequate; sufficient; abundant,24,Describing Things,H,,,,
w3292,热门,rèmén,6,top; hot,24,Describing Things,H,,,,
w3294,额外,éwài,6,extra; additional,24,Describing Things,H,,,,
w3295,精确,jīngquè,6,accurate,24,Describing Things,H,,,,
w3302,调节,tiáojié,6,adjust; regulate,24,Describing Things,M,,29,,
w3311,散发,sànfā,6,distribute; emit,24,Describing Things,M,,25,,
w3315,杰出,jiéchū,6,outstanding,24,Describing Things,H,,,,
w3323,平凡,píngfán,6,ordinary,24,Describing Things,H,,,,
w3330,庞大,pángdà,6,huge; enormous,24,Describing Things,H,,,,
w3335,盲目,mángmù,6,blind,24,Describing Things,M,,10,,
w3342,步伐,bùfá,6,pace; step,24,Describing Things,M,,9,,
w3359,气味,qìwèi,6,odor; smell,24,Describing Things,M,,15,,
w3372,盛,shèng,6,abundant; grand,24,Describing Things,M,,28,,
w3406,灿烂,cànlàn,6,magnificent; splendid,24,Describing Things,M,,15,,
w3416,精致,jīngzhì,6,fine; exquisite,24,Describing Things,H,,,,
w3434,虚假,xūjiǎ,6,FALSE,24,Describing Things,H,,,,
w3443,崭新,zhǎnxīn,6,brand-new,24,Describing Things,H,,,,
w3450,奇妙,qímiào,6,marvellous,24,Describing Things,H,,,,
w3464,三角,sānjiǎo,6,triangle,24,Describing Things,H,,,,
w3485,默默,mòmò,6,silently; quietly,24,Describing Things,M,,21,,
w3489,恰当,qiàdàng,6,appropriate; proper,24,Describing Things,H,,,,
w3505,圆满,yuánmǎn,6,successful; complete,24,Describing Things,H,,,,
w3516,可行,kěxíng,6,feasible,24,Describing Things,H,,,,
w3539,充实,chōngshí,6,substantial; fulfilling; enrich,24,Describing Things,M,,20,,
w3569,粉碎,fěnsuì,6,smash; shatter; crush,24,Describing Things,M,,9,,
w3577,形态,xíngtài,6,form; shape,24,Describing Things,H,,,,
w3578,摩擦,mócā,6,rub; chafe,24,Describing Things,M,,29,,
w3581,局部,júbù,6,part,24,Describing Things,H,,,,
w3584,间接,jiànjiē,6,indirect,24,Describing Things,H,,,,
w3593,严密,yánmì,6,strict; tight; close,24,Describing Things,H,,,,
w3597,收缩,shōusuō,6,shrink,24,Describing Things,H,,,,
w3598,通用,tōngyòng,6,general; in common use,24,Describing Things,H,,,,
w3606,光辉,guānghuī,6,brilliance; flame,24,Describing Things,M,,28,,
w3623,主流,zhǔliú,6,mainstream; main current,24,Describing Things,M,,29,,
w3647,荒唐,huāngtáng,6,absurd; fantastic,24,Describing Things,H,,,,
w3648,正规,zhèngguī,6,regular,24,Describing Things,H,,,,
w3667,光彩,guāngcǎi,6,lustre; splendour; radiance,24,Describing Things,M,,29,,
w3676,行列,hángliè,6,row; ranks; range,24,Describing Things,M,,29,,
w3677,持久,chíjiǔ,6,lasting; enduring,24,Describing Things,H,,,,
w3684,不堪,bùkān,6,can't bear; can't stand,24,Describing Things,H,,,,
w3693,销毁,xiāohuǐ,6,destroy,24,Describing Things,M,,29,,
w3705,严峻,yánjùn,6,severe; grim; rigorous,24,Describing Things,H,,,,
w3711,倾斜,qīngxié,6,tilt; incline; slant,24,Describing Things,H,,,,
w3719,竖,shù,6,erect; stand; set upright,24,Describing Things,H,,,,
w3725,人为,rénwéi,6,man; artificial; factitious,24,Describing Things,M,,29,,
w3728,耀眼,yàoyǎn,6,dazzling,24,Describing Things,H,,,,
w3730,平面,píngmiàn,6,plane; flat,24,Describing Things,H,,,,
w3738,隐蔽,yǐnbì,6,hidden; covert,24,Describing Things,M,,26,,
w3749,气势,qìshì,6,momentum,24,Describing Things,M,,29,,
w3755,棕色,zōngsè,6,brown,24,Describing Things,H,,,,
w3772,猛烈,měngliè,6,violent; fierce,24,Describing Things,H,,,,
w3777,壮观,zhuàngguān,6,spectacular,24,Describing Things,H,,,,
w3785,崇高,chónggāo,6,lofty; sublime; noble,24,Describing Things,M,,21,,
w3792,分明,fēnmíng,6,clear; obvious; distinctly,24,Describing Things,H,,,,
w3793,剧烈,jùliè,6,violent; acute; severe,24,Describing Things,H,,,,
w3794,起伏,qǐfú,6,up and down; undulate,24,Describing Things,M,,15,,
w3805,机动,jīdòng,6,flexible; expedient,24,Describing Things,M,,29,,
w3806,广阔,guǎngkuò,6,vast; wide; spacious,24,Describing Things,M,,15,,
w3825,卓越,zhuóyuè,6,outstanding; excellence,24,Describing Things,M,,17,,
w3853,齐全,qíquán,6,complete; all in readiness,24,Describing Things,H,,,,
w3861,遍布,biànbù,6,spread all over,24,Describing Things,M,,29,,
w3866,鲜明,xiānmíng,6,bright,24,Describing Things,H,,,,
w3871,切实,qièshí,6,practical; feasible,24,Describing Things,H,,,,
w3877,配套,pèitào,6,supporting form a complete set,24,Describing Things,M,,29,,
w3891,立体,lìtǐ,6,three-dimensional; stereoscopic,24,Describing Things,M,,27,,
w3899,荒谬,huāngmiù,6,absurd; preposterous,24,Describing Things,H,,,,
w3905,薄弱,bóruò,6,weak,24,Describing Things,H,,,,
w3925,狭窄,xiázhǎi,6,narrow,24,Describing Things,H,,,,
w3926,布局,bùjú,6,layout,24,Describing Things,M,,8,,
w3937,对照,duìzhào,6,contrast; cross reference; compare,24,Describing Things,H,,,,
w3966,适宜,shìyí,6,be suitable; be appropriate,24,Describing Things,H,,,,
w3982,削弱,xuēruò,6,weaken; undermine,24,Describing Things,M,,26,,
w3983,牢固,láogù,6,firm,24,Describing Things,H,,,,
w3992,寂静,jìjìng,6,quiet; silent,24,Describing Things,H,,,,
w3997,缺口,quēkǒu,6,gap; notch,24,Describing Things,M,,25,,
w4016,紧迫,jǐnpò,6,urgent; pressing,24,Describing Things,M,,4,,
w4031,相差,xiāngchà,6,differ,24,Describing Things,M,,3,,
w4035,可观,kěguān,6,considerable,24,Describing Things,H,,,,
w4037,开阔,kāikuò,6,widen,24,Describing Things,M,,15,,
w4050,柔和,róuhé,6,soft; mild; gentle,24,Describing Things,H,,,,
w4054,颠倒,diāndǎo,6,turn upside down,24,Describing Things,M,,29,,
w4064,轮廓,lúnkuò,6,outline,24,Describing Things,H,,,,
w4067,妥善,tuǒshàn,6,properly; appropriately,24,Describing Things,H,,,,
w4068,坚固,jiāngù,6,firm; solid; sturdy,24,Describing Things,H,,,,
w4092,功效,gōngxiào,6,effect,24,Describing Things,M,,29,,
w4103,坚实,jiānshí,6,solid,24,Describing Things,H,,,,
w4114,生机,shēngjī,6,vitality,24,Describing Things,M,,15,,
w4119,缓和,huǎnhé,6,relax; allay; calm,24,Describing Things,M,,20,,
w4131,摇摆,yáobǎi,6,swing; sway,24,Describing Things,H,,,,
w4132,优越,yōuyuè,6,superior; advantageous,24,Describing Things,H,,,,
w4147,踪迹,zōngjì,6,trace,24,Describing Things,M,,26,,
w4150,对立,duìlì,6,oppose; against; opposite,24,Describing Things,M,,29,,
w4168,趣味,qùwèi,6,interest; taste,24,Describing Things,M,,29,,
w4170,枯燥,kūzào,6,uninteresting; dull,24,Describing Things,H,,,,
w4177,优异,yōuyì,6,excellent,24,Describing Things,M,,16,,
w4187,曲折,qūzhé,6,tortuous; winding,24,Describing Things,H,,,,
w4193,急剧,jíjù,6,rapidly; sharply,24,Describing Things,H,,,,
w4195,锋利,fēnglì,6,sharp,24,Describing Things,H,,,,
w4205,宏伟,hóngwěi,6,magnificent; grand,24,Describing Things,H,,,,
w4208,茫茫,mángmáng,6,vast,24,Describing Things,H,,,,
w4209,敏捷,mǐnjié,6,quick; nimble,24,Describing Things,H,,,,
w4225,空洞,kōngdòng,6,empty; hollow,24,Describing Things,H,,,,
w4226,反常,fǎncháng,6,unusual; abnormal; perverse,24,Describing Things,H,,,,
w4230,大意,dàyì,6,main idea; general idea; careless,24,Describing Things,M,,16,,
w4234,胡乱,húluàn,6,carelessly; casually,24,Describing Things,M,,29,,
w4262,坚硬,jiānyìng,6,hard,24,Describing Things,H,,,,
w4274,对称,duìchèn,6,symmetrical,24,Describing Things,H,,,,
w4282,灵敏,língmǐn,6,sensitive,24,Describing Things,H,,,,
w4284,妥当,tuǒdang,6,appropriate; proper,24,Describing Things,H,,,,
w4287,自发,zìfā,6,spontaneous,24,Describing Things,M,,29,,
w4288,高超,gāochāo,6,excellent; exquisite; superb,24,Describing Things,H,,,,
w4290,深沉,shēnchén,6,deep,24,Describing Things,M,,20,,
w4292,反面,fǎnmiàn,6,reverse side; opposite,24,Describing Things,M,,29,,
w4302,盘旋,pánxuán,6,spiral; circle; dawdle,24,Describing Things,L,CHECK,15,,no single topic fits well
w4327,陈旧,chénjiù,6,outmoded; obsolete,24,Describing Things,H,,,,
w4337,渺小,miǎoxiǎo,6,tiny; negligible,24,Describing Things,H,,,,
w4345,清澈,qīngchè,6,limpid; clear,24,Describing Things,M,,15,,
w4370,缠绕,chánrào,6,twine; bind,24,Describing Things,M,,9,,
w4375,响亮,xiǎngliàng,6,resounding,24,Describing Things,H,,,,
w4380,新颖,xīnyǐng,6,novel; new,24,Describing Things,H,,,,
w4393,仓促,cāngcù,6,hastily,24,Describing Things,H,,,,
w4403,格局,géjú,6,pattern; setup; structure,24,Describing Things,H,,,,
w4405,点缀,diǎnzhuì,6,embellish; ornament,24,Describing Things,M,,8,,
w4414,周密,zhōumì,6,elaborate,24,Describing Things,H,,,,
w4419,丑恶,chǒu'è,6,ugly; hideous; repulsive,24,Describing Things,M,,21,,
w4421,简陋,jiǎnlòu,6,simple and crude,24,Describing Things,H,,,,
w4422,重叠,chóngdié,6,overlap,24,Describing Things,M,,29,,
w4431,腐朽,fǔxiǔ,6,be rotten; be decayed; be punk,24,Describing Things,H,,,,
w4434,含糊,hánhu,6,vague; ambiguous,24,Describing Things,M,,23,,
w4446,凄凉,qīliáng,6,desolate; dreary,24,Describing Things,M,,20,,
w4458,片断,piànduàn,6,fragment; segment; piece,24,Describing Things,H,,,,
w4461,盛行,shèngxíng,6,be current; be in vogue; prevail,24,Describing Things,M,,29,,
w4488,扎实,zhāshi,6,sturdy; strong; solid,24,Describing Things,H,,,,
w4492,现成,xiànchéng,6,ready-made,24,Describing Things,H,,,,
w4495,吃力,chīlì,6,strenuous; laborious,24,Describing Things,H,,,,
w4500,别致,biézhì,6,unique; unconventional,24,Describing Things,H,,,,
w4519,隐约,yǐnyuē,6,faint; vague,24,Describing Things,H,,,,
w4521,坚韧,jiānrèn,6,tough and tensile,24,Describing Things,H,,,,
w4532,充沛,chōngpèi,6,abundant; plentiful,24,Describing Things,H,,,,
w4533,简要,jiǎnyào,6,concise and to the point,24,Describing Things,H,,,,
w4545,浓厚,nónghòu,6,strong,24,Describing Things,H,,,,
w4546,平坦,píngtǎn,6,flat,24,Describing Things,H,,,,
w4554,狭隘,xiá'ài,6,narrow,24,Describing Things,M,,21,,
w4597,空隙,kòngxì,6,interval; interspace,24,Describing Things,H,,,,
w4606,纵横,zònghéng,6,criss-cross,24,Describing Things,M,,13,,
w4610,迟缓,chíhuǎn,6,slow; sluggish,24,Describing Things,H,,,,
w4618,威风,wēifēng,6,powerful and prestigious,24,Describing Things,M,,21,,
w4654,嘈杂,cáozá,6,noisy,24,Describing Things,H,,,,
w4661,美观,měiguān,6,beautiful,24,Describing Things,H,,,,
w4692,相等,xiāngděng,6,equal,24,Describing Things,H,,,,
w4721,生锈,shēngxiù,6,get rusty,24,Describing Things,M,,8,,
w4723,深奥,shēn'ào,6,profound; abstruse,24,Describing Things,M,,16,,
w4735,完备,wánbèi,6,complete; perfect,24,Describing Things,H,,,,
w4745,零星,língxīng,6,fragmentary; scattered,24,Describing Things,H,,,,
w4757,飘扬,piāoyáng,6,fly; flutter,24,Describing Things,M,,15,,
w4765,断断续续,duànduànxùxù,6,on and off; intermittent,24,Describing Things,H,,,,
w4775,遮挡,zhēdǎng,6,shelter; keep out; block,24,Describing Things,M,,14,,
w4780,壮丽,zhuànglì,6,magnificent,24,Describing Things,M,,15,,
w4783,生疏,shēngshū,6,rusty,24,Describing Things,M,,16,,
w4809,不相上下,bùxiāng-shàngxià,6,be roughly the same; about equal,24,Describing Things,H,,,,
w4812,不像话,búxiànghuà,6,unreasonable; nonsensical; outrageous,24,Describing Things,M,,21,,
w4827,根深蒂固,gēnshēn-dìgù,6,ingrained; inveterate; become deeply ingrained in ...,24,Describing Things,M,,29,,
w4828,闭塞,bìsè,6,stop up; close up,24,Describing Things,L,CHECK,13,,vague; physical or abstract sense
w4847,无穷无尽,wúqióng-wújìn,6,endless; inexhaustible,24,Describing Things,H,,,,
w4849,椭圆,tuǒyuán,6,ellipse,24,Describing Things,M,,27,,
w4865,与日俱增,yǔrì-jùzēng,6,increasing,24,Describing Things,M,,29,,
w4886,日新月异,rìxīn-yuèyì,6,change with each passing day,24,Describing Things,M,,27,,
w4893,棍棒,gùnbàng,6,cudgel,24,Describing Things,L,CHECK,26,,generic object; no clear daily topic
w4897,贫乏,pínfá,6,poor,24,Describing Things,M,,25,,
w4899,慌忙,huāngmáng,6,in a great rush; in a flurry; hurriedly,24,Describing Things,M,,20,,
w4900,刻不容缓,kèbùrónghuǎn,6,brook no delay,24,Describing Things,M,,4,,
w4934,混浊,hùnzhuó,6,muddy; turbid,24,Describing Things,M,,15,,
w4935,短促,duǎncù,6,briefness,24,Describing Things,H,,,,
w4942,络绎不绝,luòyì-bùjué,6,go to and fro in constant streams,24,Describing Things,M,,13,,
w4960,乌黑,wūhēi,6,pitch-black,24,Describing Things,H,,,,
w4968,稠密,chóumì,6,dense,24,Describing Things,M,,15,,
w4976,凹凸,āotū,6,bump; concave-convex; uneven,24,Describing Things,H,,,,
w4997,空前绝后,kōngqián-juéhòu,6,surpass the past and future,24,Describing Things,M,,28,,
w5000,斑纹,bānwén,6,stripe; streak; scaling,24,Describing Things,M,,15,,
w0754,发展,fāzhǎn,4,develop; expand; go along,25,Business & Economy,M,,26,,
w0857,经济,jīngjì,4,economy,25,Business & Economy,H,,,,
w0884,竞争,jìngzhēng,4,compete; contend,25,Business & Economy,M,,17,,
w0888,制造,zhìzào,4,to manufacture; to make,25,Business & Economy,H,,,,
w0971,生意,shēngyi,4,business; trade,25,Business & Economy,H,,,,
w0977,赚,zhuàn,4,make a profit; gain; earn,25,Business & Economy,M,,7,,
w1096,增长,zēngzhǎng,4,to grow; to increase,25,Business & Economy,M,,24,,
w1100,扩大,kuòdà,4,to expand; to enlarge; to broaden one's scope,25,Business & Economy,M,,24,,
w1145,穷,qióng,4,poor; poverty-stricken,25,Business & Economy,M,,24,,
w1239,做生意,zuòshēngyì,4,to do business,25,Business & Economy,H,,,,
w1398,投资,tóuzī,5,investment; to invest,25,Business & Economy,H,,,,
w1433,产品,chǎnpǐn,5,product,25,Business & Economy,M,,7,,
w1435,保险,bǎoxiǎn,5,insurance; safe; secure,25,Business & Economy,M,,7,,
w1491,风险,fēngxiǎn,5,risk,25,Business & Economy,M,,29,,
w1504,合同,hétong,5,(business) contract,25,Business & Economy,M,,17,,
w1517,制作,zhìzuò,5,to make; to manufacture,25,Business & Economy,M,,17,,
w1521,资金,zījīn,5,funds; capital,25,Business & Economy,H,,,,
w1526,经营,jīngyíng,5,to engage in (business etc); to run; to operate,25,Business & Economy,H,,,,
w1542,损失,sǔnshī,5,loss; damage; to lose,25,Business & Economy,M,,7,,
w1552,销售,xiāoshòu,5,"to sell; to market; sales (representative, agreement etc)",25,Business & Economy,M,,7,,
w1572,利益,lìyì,5,benefit; (in sb's) interest,25,Business & Economy,M,,29,,
w1577,商业,shāngyè,5,business; trade; commerce,25,Business & Economy,H,,,,
w1582,生产,shēngchǎn,5,to produce; to manufacture; to give birth to a child,25,Business & Economy,M,,5,,
w1590,联合,liánhé,5,to combine; to join; unite,25,Business & Economy,M,,26,,
w1612,企业,qǐyè,5,company; firm; enterprise,25,Business & Economy,H,,,,
w1667,成立,chénglì,5,establish; found,25,Business & Economy,M,,26,,
w1679,财产,cáichǎn,5,property,25,Business & Economy,M,,7,,
w1713,股票,gǔpiào,5,stock,25,Business & Economy,H,,,,
w1730,谈判,tánpàn,5,to negotiate; negotiation; talks,25,Business & Economy,M,,17,,
w1750,开发,kāifā,5,to exploit (a resource); to open up (for development); to develop,25,Business & Economy,M,,27,,
w1817,工业,gōngyè,5,industry,25,Business & Economy,H,,,,
w1862,税,shuì,5,taxes; duties,25,Business & Economy,M,,7,,
w1886,利润,lìrùn,5,profits,25,Business & Economy,H,,,,
w1940,规模,guīmó,5,scale; size,25,Business & Economy,M,,24,,
w1953,贸易,màoyì,5,(commercial) trade,25,Business & Economy,H,,,,
w2017,破产,pòchǎn,5,to go bankrupt; to become impoverished; bankruptcy,25,Business & Economy,H,,,,
w2122,进口,jìnkǒu,5,to import; imported; entrance,25,Business & Economy,H,,,,
w2132,发达,fādá,5,developed,25,Business & Economy,M,,24,,
w2158,推广,tuīguǎng,5,to extend; to spread; to popularize,25,Business & Economy,M,,29,,
w2159,营业,yíngyè,5,to do business; to trade,25,Business & Economy,M,,7,,
w2165,农业,nóngyè,5,agriculture; farming,25,Business & Economy,M,,15,,
w2192,利息,lìxī,5,interest (on a loan),25,Business & Economy,H,,,,
w2203,趋势,qūshì,5,trend; tendency,25,Business & Economy,M,,26,,
w2205,钢铁,gāngtiě,5,steel,25,Business & Economy,M,,27,,
w2208,原料,yuánliào,5,raw material,25,Business & Economy,H,,,,
w2287,中介,zhōngjiè,5,to act as intermediary; to link; intermediate,25,Business & Economy,M,,17,,
w2293,繁荣,fánróng,5,prosperous; boom,25,Business & Economy,H,,,,
w2491,汇率,huìlǜ,5,exchange rate,25,Business & Economy,M,,7,,
w2571,协议,xiéyì,6,protocol; agreement,25,Business & Economy,M,,26,,
w2585,基金,jījīn,6,fund,25,Business & Economy,H,,,,
w2603,集团,jítuán,6,group,25,Business & Economy,H,,,,
w2698,策略,cèlüè,6,tactful; strategy; tactics,25,Business & Economy,M,,26,,
w2703,需求,xūqiú,6,need; requirement,25,Business & Economy,M,,29,,
w2751,财富,cáifù,6,wealth; fortune,25,Business & Economy,H,,,,
w2762,资产,zīchǎn,6,assets,25,Business & Economy,H,,,,
w2769,补偿,bǔcháng,6,compensate; make up; compensation,25,Business & Economy,M,,26,,
w2795,财务,cáiwù,6,finance,25,Business & Economy,H,,,,
w2805,预算,yùsuàn,6,budget,25,Business & Economy,H,,,,
w2835,产业,chǎnyè,6,industry,25,Business & Economy,H,,,,
w2839,合并,hébìng,6,merge; amalgamate,25,Business & Economy,H,,,,
w2843,财政,cáizhèng,6,finance,25,Business & Economy,H,,,,
w2852,金融,jīnróng,6,finance,25,Business & Economy,H,,,,
w2939,仓库,cāngkù,6,storehouse; warehouse,25,Business & Economy,H,,,,
w2952,成本,chéngběn,6,prime cost; cost; capitalized cost,25,Business & Economy,H,,,,
w3002,担保,dānbǎo,6,guarantee,25,Business & Economy,H,,,,
w3012,股份,gǔfèn,6,share; stock,25,Business & Economy,H,,,,
w3020,股东,gǔdōng,6,shareholder; stockholder,25,Business & Economy,H,,,,
w3065,资助,zīzhù,6,subsidize; provide financial aid,25,Business & Economy,M,,7,,
w3066,赞助,zànzhù,6,sponsor,25,Business & Economy,M,,19,,
w3077,收益,shōuyì,6,income; earnings; gain,25,Business & Economy,H,,,,
w3108,渠道,qúdào,6,irrigation ditch; channel,25,Business & Economy,M,,15,,
w3120,条款,tiáokuǎn,6,clause,25,Business & Economy,M,,26,,
w3206,贫困,pínkùn,6,poverty,25,Business & Economy,M,,26,,
w3237,加工,jiāgōng,6,process; machining; working,25,Business & Economy,M,,27,,
w3304,供给,gōngjǐ,6,supply; provide,25,Business & Economy,H,,,,
w3321,消耗,xiāohào,6,consume,25,Business & Economy,M,,15,,
w3325,前景,qiánjǐng,6,prospect; outlook; foreground,25,Business & Economy,M,,29,,
w3331,储备,chǔbèi,6,store for future use; lay in; lay up,25,Business & Economy,M,,8,,
w3333,资本,zīběn,6,capital,25,Business & Economy,H,,,,
w3345,经费,jīngfèi,6,funds,25,Business & Economy,H,,,,
w3354,扩张,kuòzhāng,6,expand,25,Business & Economy,H,,,,
w3381,占有,zhànyǒu,6,occupy; possess,25,Business & Economy,M,,29,,
w3397,主导,zhǔdǎo,6,leading; dominant; dominance,25,Business & Economy,M,,26,,
w3398,泡沫,pàomò,6,foam; bubble,25,Business & Economy,M,,15,,
w3463,商标,shāngbiāo,6,trademark,25,Business & Economy,H,,,,
w3469,连锁,liánsuǒ,6,linkage; chain,25,Business & Economy,H,,,,
w3477,债券,zhàiquàn,6,bond,25,Business & Economy,H,,,,
w3487,采购,cǎigòu,6,purchase,25,Business & Economy,M,,7,,
w3582,签订,qiāndìng,6,signed,25,Business & Economy,H,,,,
w3621,流通,liútōng,6,circulate; circulation,25,Business & Economy,H,,,,
w3665,富裕,fùyù,6,prosperous; well-to-do,25,Business & Economy,H,,,,
w3669,冻结,dòngjié,6,frozen-in; freeze-up,25,Business & Economy,M,,14,,
w3671,补贴,bǔtiē,6,subsidy; allowance; subsidize,25,Business & Economy,H,,,,
w3686,指标,zhǐbiāo,6,index; target,25,Business & Economy,H,,,,
w3690,盈利,yínglì,6,profit,25,Business & Economy,H,,,,
w3712,物资,wùzī,6,supplies; material,25,Business & Economy,M,,24,,
w3716,支柱,zhīzhù,6,pillar; backbone; mainstay,25,Business & Economy,M,,24,,
w3818,声誉,shēngyù,6,reputation,25,Business & Economy,M,,22,,
w3829,转让,zhuǎnràng,6,transfer,25,Business & Economy,H,,,,
w3845,信誉,xìnyù,6,credit,25,Business & Economy,H,,,,
w3847,租赁,zūlìn,6,lease; rent; hire,25,Business & Economy,M,,8,,
w3901,创立,chuànglì,6,found; originate; set up,25,Business & Economy,M,,17,,
w3924,创业,chuàngyè,6,"enterprising, pioneering; start an undertaking, do pioneering work",25,Business & Economy,M,,17,,
w3947,利率,lìlǜ,6,interest rate,25,Business & Economy,H,,,,
w3954,垄断,lǒngduàn,6,monopolize; forestall,25,Business & Economy,H,,,,
w3971,合伙,héhuǒ,6,form a partnership,25,Business & Economy,M,,17,,
w3974,申报,shēnbào,6,declare sth.,25,Business & Economy,M,,12,,
w4018,规格,guīgé,6,specification,25,Business & Economy,M,,27,,
w4066,倒闭,dǎobì,6,close down; go bankrupt,25,Business & Economy,H,,,,
w4079,分红,fēnhóng,6,share out bonus; receive dividends,25,Business & Economy,H,,,,
w4105,投机,tóujī,6,speculate,25,Business & Economy,M,,21,,
w4152,剥削,bōxuē,6,exploit,25,Business & Economy,M,,26,,
w4160,衰退,shuāituì,6,decline,25,Business & Economy,M,,24,,
w4189,博览会,bólǎnhuì,6,fair; international exhibition,25,Business & Economy,H,,,,
w4194,交涉,jiāoshè,6,negotiate; make representations,25,Business & Economy,M,,26,,
w4347,亏损,kuīsǔn,6,loss; deficit,25,Business & Economy,H,,,,
w4399,承包,chéngbāo,6,contract with,25,Business & Economy,H,,,,
w4418,纺织,fǎngzhī,6,spinning and weaving,25,Business & Economy,H,,,,
w4427,批发,pīfā,6,sell by bulk; wholesale,25,Business & Economy,M,,7,,
w4432,多元化,duōyuánhuà,6,diversification,25,Business & Economy,H,,,,
w4469,效益,xiàoyì,6,benefit,25,Business & Economy,H,,,,
w4470,停滞,tíngzhì,6,stagnate,25,Business & Economy,M,,29,,
w4496,赤字,chìzì,6,deficit,25,Business & Economy,H,,,,
w4526,征收,zhēngshōu,6,levy; impose,25,Business & Economy,M,,26,,
w4543,经商,jīngshāng,6,engage in trade; be in business,25,Business & Economy,H,,,,
w4576,本钱,běnqián,6,capital; asset,25,Business & Economy,H,,,,
w4603,洽谈,qiàtán,6,negotiate; make arrangements with,25,Business & Economy,H,,,,
w4643,雄厚,xiónghòu,6,strong; abundant,25,Business & Economy,M,,24,,
w4652,周转,zhōuzhuǎn,6,turnover,25,Business & Economy,H,,,,
w4717,兴旺,xīngwàng,6,thriving; prosperous; flourishing,25,Business & Economy,M,,24,,
w4725,扩充,kuòchōng,6,expand,25,Business & Economy,M,,29,,
w4734,飙升,biāoshēng,6,soaring; surge; rise violently,25,Business & Economy,M,,7,,
w4779,振兴,zhènxīng,6,promote; develop vigorously,25,Business & Economy,M,,29,,
w4791,供不应求,gōngbúyìngqiú,6,The supply is not adequate to the demand.,25,Business & Economy,H,,,,
w4841,兴隆,xīnglóng,6,prosperous,25,Business & Economy,H,,,,
w4853,盛产,shèngchǎn,6,rich; be abound with,25,Business & Economy,M,,15,,
w4876,剪彩,jiǎncǎi,6,cut the ribbon at an opening ceremony,25,Business & Economy,M,,28,,
w4885,淡季,dànjì,6,slack season; dull season,25,Business & Economy,M,,7,,
w4903,得不偿失,débùchángshī,6,the loss outweighs the gain,25,Business & Economy,M,,24,,
w4914,磋商,cuōshāng,6,consult; negotiate,25,Business & Economy,M,,17,,
w4929,欣欣向荣,xīnxīn-xiàngróng,6,thriving,25,Business & Economy,M,,15,,
w4950,铜矿,tóngkuàng,6,copper mine,25,Business & Economy,M,,15,,
w4984,昌盛,chāngshèng,6,prosperous; flourishing,25,Business & Economy,M,,26,,
w5037,招投标,zhāotóubiāo,6,bidding,25,Business & Economy,H,,,,
w5043,通货膨胀,tōnghuò péngzhàng,6,inflation,25,Business & Economy,H,,,,
w0743,法律,fǎlǜ,4,law,26,"Society, Law & Politics",H,,,,
w0747,社会,shèhuì,4,society,26,"Society, Law & Politics",H,,,,
w0802,警察,jǐngchá,4,policeman; policewoman; cop,26,"Society, Law & Politics",H,,,,
w0809,规定,guīdìng,4,stipulate; order; rule,26,"Society, Law & Politics",M,,29,,
w0836,国际,guójì,4,international,26,"Society, Law & Politics",M,,25,,
w1017,限制,xiànzhì,4,to restrict; to limit; to confine,26,"Society, Law & Politics",M,,29,,
w1054,禁止,jìnzhǐ,4,forbid; prohibit,26,"Society, Law & Politics",H,,,,
w1266,国籍,guójí,4,nationality; citizenship,26,"Society, Law & Politics",M,,13,,
w1301,政府,zhèngfǔ,5,government,26,"Society, Law & Politics",H,,,,
w1303,杀,shā,5,to kill; to murder; to attack,26,"Society, Law & Politics",H,,,,
w1333,派,pài,5,clique; school; group,26,"Society, Law & Politics",M,,29,,
w1353,总统,zǒngtǒng,5,president (of a country),26,"Society, Law & Politics",H,,,,
w1365,自由,zìyóu,5,freedom; liberty; free,26,"Society, Law & Politics",M,,24,,
w1392,抢,qiǎng,5,to grab; to rob; to snatch,26,"Society, Law & Politics",H,,,,
w1403,战争,zhànzhēng,5,war; conflict,26,"Society, Law & Politics",H,,,,
w1412,政治,zhèngzhì,5,politics; political,26,"Society, Law & Politics",H,,,,
w1434,枪,qiāng,5,gun; firearm; rifle,26,"Society, Law & Politics",H,,,,
w1450,武器,wǔqì,5,weapon; arms,26,"Society, Law & Politics",H,,,,
w1453,破坏,pòhuài,5,destruction; damage; to wreck,26,"Society, Law & Politics",M,,15,,
w1461,威胁,wēixié,5,to threaten; to menace,26,"Society, Law & Politics",M,,20,,
w1486,权利,quánlì,5,right (i.e. an entitlement to sth); (classical) power and wealth,26,"Society, Law & Politics",H,,,,
w1497,敌人,dírén,5,enemy,26,"Society, Law & Politics",M,,22,,
w1502,和平,hépíng,5,peace; peaceful,26,"Society, Law & Politics",H,,,,
w1513,官,guān,5,officer,26,"Society, Law & Politics",M,,17,,
w1515,证据,zhèngjù,5,evidence; proof; testimony,26,"Society, Law & Politics",H,,,,
w1529,独立,dúlì,5,independence; independent; to be one's master,26,"Society, Law & Politics",M,,21,,
w1541,规则,guīzé,5,rule,26,"Society, Law & Politics",M,,29,,
w1561,逃,táo,5,to escape; to run away; to flee,26,"Society, Law & Politics",M,,9,,
w1570,措施,cuòshī,5,measure,26,"Society, Law & Politics",M,,29,,
w1598,公平,gōngpíng,5,fair,26,"Society, Law & Politics",M,,21,,
w1602,权力,quánlì,5,power; authority,26,"Society, Law & Politics",H,,,,
w1616,政策,zhèngcè,5,policy,26,"Society, Law & Politics",H,,,,
w1623,主席,zhǔxí,5,chairperson; premier; chairman,26,"Society, Law & Politics",H,,,,
w1627,士兵,shìbīng,5,soldier,26,"Society, Law & Politics",H,,,,
w1646,法院,fǎyuàn,5,court,26,"Society, Law & Politics",H,,,,
w1683,军事,jūnshì,5,military affairs; (attributive) military,26,"Society, Law & Politics",H,,,,
w1686,合法,héfǎ,5,lawful; legitimate; legal,26,"Society, Law & Politics",H,,,,
w1694,批准,pīzhǔn,5,to approve; to ratify,26,"Society, Law & Politics",M,,17,,
w1711,法官,fǎguān,5,judge,26,"Society, Law & Politics",H,,,,
w1719,人口,rénkǒu,5,population; people,26,"Society, Law & Politics",M,,13,,
w1721,地位,dìwèi,5,position; status,26,"Society, Law & Politics",M,,17,,
w1755,革命,gémìng,5,revolution,26,"Society, Law & Politics",H,,,,
w1777,选举,xuǎnjǔ,5,to elect; election,26,"Society, Law & Politics",H,,,,
w1786,维护,wéihù,5,to defend; to safeguard; to protect,26,"Society, Law & Politics",M,,29,,
w1789,违反,wéifǎn,5,to violate (a law),26,"Society, Law & Politics",H,,,,
w1813,统一,tǒngyī,5,to unify; to integrate; unified,26,"Society, Law & Politics",H,,,,
w1814,制度,zhìdù,5,"system (e.g. political, adminstrative etc); institution",26,"Society, Law & Politics",H,,,,
w1822,义务,yìwù,5,duty; obligation; volunteer (work etc),26,"Society, Law & Politics",M,,17,,
w1826,民主,mínzhǔ,5,democracy,26,"Society, Law & Politics",H,,,,
w1827,制定,zhìdìng,5,to draw up; to formulate,26,"Society, Law & Politics",M,,17,,
w1869,解放,jiěfàng,5,to liberate; to emancipate; liberation,26,"Society, Law & Politics",H,,,,
w1882,形势,xíngshì,5,circumstances; situation; terrain,26,"Society, Law & Politics",M,,29,,
w1910,遵守,zūnshǒu,5,to comply with; to abide by; to respect (an agreement),26,"Society, Law & Politics",H,,,,
w1919,赔偿,péicháng,5,to compensate,26,"Society, Law & Politics",M,,25,,
w1932,移民,yímín,5,to immigrate; to migrate; emigrant,26,"Society, Law & Politics",M,,12,,
w1936,秩序,zhìxù,5,order (orderly); order (sequence); social order,26,"Society, Law & Politics",H,,,,
w1946,消灭,xiāomiè,5,to put an end to; to annihilate; to cause to perish,26,"Society, Law & Politics",L,CHECK,,,"unclear: war, pests, or general elimination"
w1975,建设,jiànshè,5,to build; to construct; to establish,26,"Society, Law & Politics",M,,8,,
w1988,实行,shíxíng,5,to implement; to carry out; to put into practice,26,"Society, Law & Politics",M,,29,,
w2006,改革,gǎigé,5,reform,26,"Society, Law & Politics",H,,,,
w2009,捐,juān,5,to relinquish; to abandon; to contribute,26,"Society, Law & Politics",M,,7,,
w2020,统治,tǒngzhì,5,to rule (a country); to govern; rule,26,"Society, Law & Politics",H,,,,
w2040,平等,píngděng,5,equal; equality,26,"Society, Law & Politics",H,,,,
w2044,抗议,kàngyì,5,to protest; protest,26,"Society, Law & Politics",H,,,,
w2071,小偷,xiǎotōu,5,thief,26,"Society, Law & Politics",H,,,,
w2097,外交,wàijiāo,5,diplomacy; diplomatic; foreign affairs,26,"Society, Law & Politics",H,,,,
w2100,规矩,guīju,5,rule,26,"Society, Law & Politics",M,,21,,
w2118,总理,zǒnglǐ,5,premier; prime minister,26,"Society, Law & Politics",H,,,,
w2144,证件,zhèngjiàn,5,certificate; papers; credentials,26,"Society, Law & Politics",M,,12,,
w2146,罪犯,zuìfàn,5,criminal,26,"Society, Law & Politics",H,,,,
w2225,罚款,fákuǎn,5,fine; amerce,26,"Society, Law & Politics",H,,,,
w2228,侵略,qīnlüè,5,to invade; invasion,26,"Society, Law & Politics",H,,,,
w2407,执照,zhízhào,5,license; permit,26,"Society, Law & Politics",M,,17,,
w2552,事件,shìjiàn,6,event 9-11,26,"Society, Law & Politics",M,,29,,
w2555,投票,tóupiào,6,vote,26,"Society, Law & Politics",H,,,,
w2557,同志,tóngzhì,6,comrade,26,"Society, Law & Politics",M,,22,,
w2569,队伍,duìwǔ,6,troops; army,26,"Society, Law & Politics",H,,,,
w2572,攻击,gōngjī,6,attack; assault,26,"Society, Law & Politics",H,,,,
w2575,案件,ànjiàn,6,case,26,"Society, Law & Politics",H,,,,
w2579,爆炸,bàozhà,6,explosion; explode,26,"Society, Law & Politics",M,,15,,
w2581,基地,jīdì,6,base,26,"Society, Law & Politics",M,,13,,
w2582,战斗,zhàndòu,6,fighting; combat,26,"Society, Law & Politics",H,,,,
w2584,军队,jūnduì,6,army; troops,26,"Society, Law & Politics",H,,,,
w2592,袭击,xíjī,6,assault,26,"Society, Law & Politics",H,,,,
w2597,党,dǎng,6,party,26,"Society, Law & Politics",H,,,,
w2598,打击,dǎjī,6,blow; strike; attack,26,"Society, Law & Politics",H,,,,
w2615,联盟,liánméng,6,alliance; coalition; league,26,"Society, Law & Politics",H,,,,
w2618,进攻,jìngōng,6,attack,26,"Society, Law & Politics",H,,,,
w2622,非法,fēifǎ,6,illegal,26,"Society, Law & Politics",H,,,,
w2630,将军,jiāngjūn,6,general; admiral,26,"Society, Law & Politics",H,,,,
w2643,刺,cì,6,thorn; stab; prick,26,"Society, Law & Politics",M,,9,,
w2650,释放,shìfàng,6,release,26,"Society, Law & Politics",M,,27,,
w2655,斗争,dòuzhēng,6,fight; struggle; strive for,26,"Society, Law & Politics",H,,,,
w2673,装备,zhuāngbèi,6,equipment,26,"Society, Law & Politics",M,,19,,
w2675,危机,wēijī,6,crisis,26,"Society, Law & Politics",M,,25,,
w2676,公民,gōngmín,6,citizen,26,"Society, Law & Politics",H,,,,
w2678,情报,qíngbào,6,intelligence; information,26,"Society, Law & Politics",M,,18,,
w2679,线索,xiànsuǒ,6,clue; trail; thread,26,"Society, Law & Politics",M,,23,,
w2687,暴力,bàolì,6,violence; force,26,"Society, Law & Politics",H,,,,
w2707,武装,wǔzhuāng,6,armed forces; arms,26,"Society, Law & Politics",H,,,,
w2708,跟踪,gēnzōng,6,follow the tracks of; tail after,26,"Society, Law & Politics",M,,18,,
w2719,冲突,chōngtū,6,clash; conflict; collide,26,"Society, Law & Politics",M,,22,,
w2729,战略,zhànlüè,6,strategy,26,"Society, Law & Politics",M,,25,,
w2735,失踪,shīzōng,6,missing,26,"Society, Law & Politics",H,,,,
w2736,抢劫,qiǎngjié,6,rob,26,"Society, Law & Politics",H,,,,
w2745,治安,zhì'ān,6,public security; public order,26,"Society, Law & Politics",H,,,,
w2752,监狱,jiānyù,6,prison,26,"Society, Law & Politics",H,,,,
w2754,爆发,bàofā,6,break out; burst out,26,"Society, Law & Politics",M,,15,,
w2767,当事人,dāngshìrén,6,party; litigant; interested parties,26,"Society, Law & Politics",H,,,,
w2770,诉讼,sùsòng,6,lawsuit; suit,26,"Society, Law & Politics",H,,,,
w2772,毒品,dúpǐn,6,narcotic drugs,26,"Society, Law & Politics",H,,,,
w2779,判决,pànjué,6,judgment; decision,26,"Society, Law & Politics",H,,,,
w2780,被告,bèigào,6,defendant,26,"Society, Law & Politics",H,,,,
w2784,消防,xiāofáng,6,firefighting,26,"Society, Law & Politics",M,,17,,
w2788,官方,guānfāng,6,authority,26,"Society, Law & Politics",H,,,,
w2789,逮捕,dàibǔ,6,arrest,26,"Society, Law & Politics",H,,,,
w2794,审判,shěnpàn,6,put to trial,26,"Society, Law & Politics",H,,,,
w2802,贼,zéi,6,thief,26,"Society, Law & Politics",H,,,,
w2807,司法,sīfǎ,6,judiciary,26,"Society, Law & Politics",H,,,,
w2811,公正,gōngzhèng,6,just; fair; impartial,26,"Society, Law & Politics",M,,21,,
w2812,和谐,héxié,6,harmonious; melodious,26,"Society, Law & Politics",M,,24,,
w2823,导弹,dǎodàn,6,guided missile,26,"Society, Law & Politics",H,,27,,
w2824,领袖,lǐngxiù,6,leader,26,"Society, Law & Politics",H,,17,,
w2830,群众,qúnzhòng,6,mass; general public,26,"Society, Law & Politics",H,,,,
w2832,绑架,bǎngjià,6,kidnap,26,"Society, Law & Politics",H,,,,
w2844,对抗,duìkàng,6,antagonism; confrontation; resist,26,"Society, Law & Politics",M,,22,,
w2846,支援,zhīyuán,6,support; aid,26,"Society, Law & Politics",M,,22,,
w2853,子弹,zǐdàn,6,bullet,26,"Society, Law & Politics",M,,27,,
w2869,正义,zhèngyì,6,justice; righteousness,26,"Society, Law & Politics",H,,,,
w2885,惩罚,chéngfá,6,punishment; punish,26,"Society, Law & Politics",H,,,,
w2889,抵抗,dǐkàng,6,resist,26,"Society, Law & Politics",M,,10,,
w2893,侵犯,qīnfàn,6,encroach,26,"Society, Law & Politics",H,,,,
w2973,许可,xǔkě,6,license,26,"Society, Law & Politics",H,,,,
w2987,争夺,zhēngduó,6,fight; scramble,26,"Society, Law & Politics",M,,25,,
w2988,分裂,fēnliè,6,split; divide; break up,26,"Society, Law & Politics",M,,22,,
w2998,监视,jiānshì,6,keep watch on,26,"Society, Law & Politics",H,,,,
w3004,阴谋,yīnmóu,6,conspiracy; plot,26,"Society, Law & Politics",H,,,,
w3006,保卫,bǎowèi,6,defend,26,"Society, Law & Politics",H,,,,
w3013,凶手,xiōngshǒu,6,murderer; killer,26,"Society, Law & Politics",H,,,,
w3026,宪法,xiànfǎ,6,constitution,26,"Society, Law & Politics",H,,,,
w3028,防御,fángyù,6,defense,26,"Society, Law & Politics",M,,19,,
w3033,腐败,fǔbài,6,corrupt; rotten; corruption,26,"Society, Law & Politics",H,,,,
w3035,局势,júshì,6,situation,26,"Society, Law & Politics",M,,29,,
w3038,势力,shìli,6,power,26,"Society, Law & Politics",H,,,,
w3044,流氓,liúmáng,6,rogue; hoodlum,26,"Society, Law & Politics",H,,,,
w3047,竞选,jìngxuǎn,6,enter into an election contest; campaign for,26,"Society, Law & Politics",H,,,,
w3063,反抗,fǎnkàng,6,revolt; resist; react,26,"Society, Law & Politics",H,,,,
w3067,包围,bāowéi,6,surround,26,"Society, Law & Politics",M,,24,,
w3087,刑事,xíngshì,6,criminal,26,"Society, Law & Politics",H,,,,
w3100,审查,shěnchá,6,examine,26,"Society, Law & Politics",M,,17,,
w3105,权威,quánwēi,6,authority; authoritative,26,"Society, Law & Politics",H,,,,
w3110,宰,zǎi,6,govern; rule; slaughter,26,"Society, Law & Politics",L,CHECK,6,,govern vs slaughter sense unclear
w3121,贿赂,huìlù,6,bribe; bribery,26,"Society, Law & Politics",H,,,,
w3125,封锁,fēngsuǒ,6,blockade,26,"Society, Law & Politics",H,,,,
w3148,辩护,biànhù,6,defend,26,"Society, Law & Politics",H,,,,
w3152,人质,rénzhì,6,hostage,26,"Society, Law & Politics",H,,,,
w3154,强制,qiángzhì,6,enforce,26,"Society, Law & Politics",M,,29,,
w3156,盗窃,dàoqiè,6,steal,26,"Society, Law & Politics",H,,,,
w3172,间谍,jiàndié,6,spy; secret agent; mole,26,"Society, Law & Politics",H,,,,
w3173,巡逻,xúnluó,6,patrol,26,"Society, Law & Politics",H,,,,
w3174,投降,tóuxiáng,6,surrender,26,"Society, Law & Politics",H,,,,
w3178,征服,zhēngfú,6,conquer,26,"Society, Law & Politics",H,,,,
w3188,共和国,gònghéguó,6,republic,26,"Society, Law & Politics",H,,,,
w3192,同胞,tóngbāo,6,compatriots,26,"Society, Law & Politics",H,,,,
w3198,占领,zhànlǐng,6,occupy,26,"Society, Law & Politics",H,,,,
w3201,争议,zhēngyì,6,dispute; controversy,26,"Society, Law & Politics",M,,23,,
w3221,案例,ànlì,6,case; example of case,26,"Society, Law & Politics",M,,17,,
w3227,撤销,chèxiāo,6,cancel; rescind,26,"Society, Law & Politics",M,,17,,
w3231,演习,yǎnxí,6,exercise,26,"Society, Law & Politics",H,,,,
w3236,干涉,gānshè,6,interfere,26,"Society, Law & Politics",M,,22,,
w3238,制止,zhìzhǐ,6,stop; prevent,26,"Society, Law & Politics",M,,29,,
w3246,准则,zhǔnzé,6,guidelines,26,"Society, Law & Politics",M,,17,,
w3251,违背,wéibèi,6,violate; go against,26,"Society, Law & Politics",H,,,,
w3253,原告,yuángào,6,plaintiff,26,"Society, Law & Politics",H,,,,
w3263,审理,shěnlǐ,6,hear a case,26,"Society, Law & Politics",H,,,,
w3267,公告,gōnggào,6,announcement,26,"Society, Law & Politics",M,,18,,
w3274,国务院,Guówùyuàn,6,the State Council,26,"Society, Law & Politics",H,,,,
w3277,言论,yánlùn,6,speech,26,"Society, Law & Politics",H,,,,
w3297,伪造,wěizào,6,fake; counterfeit,26,"Society, Law & Politics",H,,,,
w3308,当选,dāngxuǎn,6,be elected,26,"Society, Law & Politics",H,,,,
w3310,权益,quányì,6,rights and interests,26,"Society, Law & Politics",H,,,,
w3329,隐私,yǐnsī,6,privacy,26,"Society, Law & Politics",M,,18,,
w3347,纠纷,jiūfēn,6,dispute,26,"Society, Law & Politics",M,,22,,
w3351,走私,zǒusī,6,smuggle,26,"Society, Law & Politics",H,,,,
w3352,诈骗,zhàpiàn,6,fraud; swindle,26,"Society, Law & Politics",H,,,,
w3357,歧视,qíshì,6,discrimination,26,"Society, Law & Politics",H,,,,
w3378,委员,wěiyuán,6,committee,26,"Society, Law & Politics",M,,17,,
w3385,嫌疑,xiányí,6,suspicion,26,"Society, Law & Politics",H,,,,
w3391,噪音,zàoyīn,6,noise,26,"Society, Law & Politics",M,,15,,
w3399,谴责,qiǎnzé,6,condemn; denounce,26,"Society, Law & Politics",H,,,,
w3404,机密,jīmì,6,classified; confidential,26,"Society, Law & Politics",M,,17,,
w3409,拘留,jūliú,6,detain; hold in custody,26,"Society, Law & Politics",H,,,,
w3426,战役,zhànyì,6,battle,26,"Society, Law & Politics",H,,,,
w3429,掩护,yǎnhù,6,cover; shield,26,"Society, Law & Politics",H,,,,
w3430,政权,zhèngquán,6,regime; political power,26,"Society, Law & Politics",H,,,,
w3431,虐待,nüèdài,6,maltreat,26,"Society, Law & Politics",H,,,,
w3436,种族,zhǒngzú,6,race; ethnicity,26,"Society, Law & Politics",H,,,,
w3451,奴隶,núlì,6,slave,26,"Society, Law & Politics",M,,28,,
w3452,干预,gānyù,6,intervene; interpose,26,"Society, Law & Politics",H,,,,
w3456,旗帜,qízhì,6,banner; flag,26,"Society, Law & Politics",M,,28,,
w3465,条约,tiáoyuē,6,treaty,26,"Society, Law & Politics",H,,,,
w3480,压迫,yāpò,6,oppression; repression,26,"Society, Law & Politics",H,,,,
w3488,表决,biǎojué,6,put to vote; decide by vote; vote,26,"Society, Law & Politics",H,,,,
w3493,擅自,shànzì,6,unauthorized,26,"Society, Law & Politics",M,,21,,
w3494,称号,chēnghào,6,title,26,"Society, Law & Politics",M,,17,,
w3495,追究,zhuījiū,6,investigate,26,"Society, Law & Politics",H,,,,
w3508,生效,shēngxiào,6,become effective,26,"Society, Law & Politics",H,,,,
w3512,遵循,zūnxún,6,follow,26,"Society, Law & Politics",M,,29,,
w3542,国防,guófáng,6,national defense,26,"Society, Law & Politics",H,,,,
w3545,颁发,bānfā,6,issue; award,26,"Society, Law & Politics",M,,29,,
w3546,呼吁,hūyù,6,appeal; call on,26,"Society, Law & Politics",H,,,,
w3551,歹徒,dǎitú,6,scoundrel,26,"Society, Law & Politics",H,,,,
w3566,撤退,chètuì,6,retreat,26,"Society, Law & Politics",H,,,,
w3586,打仗,dǎzhàng,6,fight; go to war,26,"Society, Law & Politics",H,,,,
w3607,大臣,dàchén,6,chancellor; minister,26,"Society, Law & Politics",H,,,,
w3616,元首,yuánshǒu,6,head of state,26,"Society, Law & Politics",H,,,,
w3625,扒,pá,6,pick; pilfer,26,"Society, Law & Politics",M,,9,,
w3636,殴打,ōudǎ,6,beat up,26,"Society, Law & Politics",H,,,,
w3637,领土,lǐngtǔ,6,territory,26,"Society, Law & Politics",H,,,,
w3658,压制,yāzhì,6,suppress,26,"Society, Law & Politics",M,,29,,
w3659,窜,cuàn,6,flee,26,"Society, Law & Politics",M,,9,,
w3663,推翻,tuīfān,6,overthrow,26,"Society, Law & Politics",H,,,,
w3670,侦探,zhēntàn,6,detective,26,"Society, Law & Politics",M,,17,,
w3679,制裁,zhìcái,6,sanction,26,"Society, Law & Politics",H,,,,
w3698,抵制,dǐzhì,6,boycott; resist,26,"Society, Law & Politics",H,,,,
w3708,舆论,yúlùn,6,public opinion,26,"Society, Law & Politics",M,,18,,
w3739,救济,jiùjì,6,relieve,26,"Society, Law & Politics",M,,25,,
w3768,轰动,hōngdòng,6,cause a sensation; make a stir,26,"Society, Law & Politics",M,,18,,
w3773,示威,shìwēi,6,demonstrate,26,"Society, Law & Politics",H,,,,
w3780,扰乱,rǎoluàn,6,disturb,26,"Society, Law & Politics",M,,24,,
w3782,阵地,zhèndì,6,position; front; battle field,26,"Society, Law & Politics",H,,,,
w3795,否决,fǒujué,6,reject; vote down; veto,26,"Society, Law & Politics",H,,,,
w3796,挑衅,tiǎoxìn,6,provoke,26,"Society, Law & Politics",M,,21,,
w3809,阶层,jiēcéng,6,stratum,26,"Society, Law & Politics",H,,,,
w3831,动员,dòngyuán,6,mobilize; arouse,26,"Society, Law & Politics",M,,25,,
w3833,恐吓,kǒnghè,6,intimidate; threaten,26,"Society, Law & Politics",H,,,,
w3844,俘虏,fúlǔ,6,capture; take prisoner; captive,26,"Society, Law & Politics",H,,,,
w3849,规章,guīzhāng,6,regulation,26,"Society, Law & Politics",H,,,,
w3858,管辖,guǎnxiá,6,have jurisdiction over; administer,26,"Society, Law & Politics",H,,,,
w3863,司令,sīlìng,6,commander,26,"Society, Law & Politics",H,,,,
w3873,调解,tiáojiě,6,mediate; make peace,26,"Society, Law & Politics",M,,22,,
w3893,治理,zhìlǐ,6,govern; control,26,"Society, Law & Politics",H,,,,
w3912,拥护,yōnghù,6,support; uphold,26,"Society, Law & Politics",M,,22,,
w3917,方针,fāngzhēn,6,policy; guiding principle,26,"Society, Law & Politics",M,,25,,
w3927,贪污,tānwū,6,corrupt,26,"Society, Law & Politics",H,,,,
w3935,驱逐,qūzhú,6,expel,26,"Society, Law & Politics",H,,,,
w3942,宣誓,xuānshì,6,vow; take an oath,26,"Society, Law & Politics",M,,28,,
w3960,揭发,jiēfā,6,expose,26,"Society, Law & Politics",H,,,,
w3968,捍卫,hànwèi,6,defend; guard; protect,26,"Society, Law & Politics",H,,,,
w4023,埋伏,máifú,6,ambush; lie in wait,26,"Society, Law & Politics",H,,,,
w4025,号召,hàozhào,6,call; appeal,26,"Society, Law & Politics",H,,,,
w4042,搏斗,bódòu,6,fight; struggle; wrestle,26,"Society, Law & Politics",M,,29,,
w4052,迫害,pòhài,6,persecution,26,"Society, Law & Politics",H,,,,
w4061,隐患,yǐnhuàn,6,hidden danger; hidden trouble,26,"Society, Law & Politics",M,,29,,
w4070,颁布,bānbù,6,promulgate; issue,26,"Society, Law & Politics",H,,,,
w4085,废除,fèichú,6,abolish; abrogate; annul,26,"Society, Law & Politics",H,,,,
w4086,镇压,zhènyā,6,repression; suppress,26,"Society, Law & Politics",H,,,,
w4097,中立,zhōnglì,6,neutral,26,"Society, Law & Politics",M,,29,,
w4111,草案,cǎo'àn,6,draft,26,"Society, Law & Politics",H,,,,
w4113,冤枉,yuānwang,6,wronged; treat unjustly,26,"Society, Law & Politics",H,,,,
w4115,陷害,xiànhài,6,frame,26,"Society, Law & Politics",H,,,,
w4118,起义,qǐyì,6,uprising; revolt; insurrection,26,"Society, Law & Politics",H,,,,
w4120,戒备,jièbèi,6,guard; take precautions; on alert,26,"Society, Law & Politics",M,,21,,
w4122,严禁,yánjìn,6,strictly forbid,26,"Society, Law & Politics",H,,,,
w4127,索赔,suǒpéi,6,claimant,26,"Society, Law & Politics",M,,25,,
w4151,掠夺,lüèduó,6,plunder; rob,26,"Society, Law & Politics",H,,,,
w4166,主权,zhǔquán,6,sovereignty,26,"Society, Law & Politics",H,,,,
w4169,争端,zhēngduān,6,dispute,26,"Society, Law & Politics",H,,,,
w4171,人道,réndào,6,humanity; humane,26,"Society, Law & Politics",H,,,,
w4200,驻扎,zhùzhā,6,be stationed,26,"Society, Law & Politics",H,,,,
w4203,处分,chǔfèn,6,punish; punishment,26,"Society, Law & Politics",M,,17,,
w4216,殖民地,zhímíndì,6,colony,26,"Society, Law & Politics",M,,28,,
w4247,圈套,quāntào,6,trap; snare,26,"Society, Law & Politics",M,,29,,
w4248,触犯,chùfàn,6,offend; violate,26,"Society, Law & Politics",H,,,,
w4289,民用,mínyòng,6,civil,26,"Society, Law & Politics",M,,27,,
w4297,打官司,dǎguānsi,6,go to court; go to law; engage in a lawsuit,26,"Society, Law & Politics",H,,,,
w4298,候选,hòuxuǎn,6,candidate,26,"Society, Law & Politics",M,,17,,
w4310,书记,shūji,6,secretary,26,"Society, Law & Politics",M,,17,,
w4311,敬礼,jìnglǐ,6,salute,26,"Society, Law & Politics",M,,2,,
w4317,诽谤,fěibàng,6,slander; calumniate; libel,26,"Society, Law & Politics",H,,,,
w4359,勾结,gōujié,6,collude with; play footsie (with),26,"Society, Law & Politics",H,,,,
w4372,造反,zàofǎn,6,rebel; revolt,26,"Society, Law & Politics",H,,,,
w4382,章程,zhāngchéng,6,constitution,26,"Society, Law & Politics",H,,,,
w4387,动荡,dòngdàng,6,turbulent; unrest,26,"Society, Law & Politics",H,,,,
w4451,法人,fǎrén,6,juridical person; artificial person,26,"Society, Law & Politics",M,,25,,
w4475,反动,fǎndòng,6,reactionary,26,"Society, Law & Politics",H,,,,
w4497,公证,gōngzhèng,6,notarize,26,"Society, Law & Politics",H,,,,
w4522,独裁,dúcái,6,dictatorship; autocracy,26,"Society, Law & Politics",H,,,,
w4564,匪徒,fěitú,6,gangster,26,"Society, Law & Politics",H,,,,
w4628,败坏,bàihuài,6,corrupt; ruin,26,"Society, Law & Politics",M,,21,,
w4636,派别,pàibié,6,faction; group,26,"Society, Law & Politics",H,,,,
w4659,取缔,qǔdì,6,ban,26,"Society, Law & Politics",H,,,,
w4668,弊端,bìduān,6,malpractice; abuse,26,"Society, Law & Politics",M,,29,,
w4688,风气,fēngqì,6,atmosphere,26,"Society, Law & Politics",M,,29,,
w4698,包庇,bāobì,6,harbor; shield,26,"Society, Law & Politics",H,,,,
w4702,倡议,chàngyì,6,proposal; propose,26,"Society, Law & Politics",M,,17,,
w4706,诬陷,wūxiàn,6,frame-up,26,"Society, Law & Politics",H,,,,
w4769,威望,wēiwàng,6,prestige,26,"Society, Law & Politics",M,,29,,
w4815,纲领,gānglǐng,6,creed; programme; guiding principle,26,"Society, Law & Politics",M,,29,,
w4842,查获,cháhuò,6,hunt down and seize; ferret out,26,"Society, Law & Politics",H,,,,
w4875,公安局,gōng'ānjú,6,bureau of public security,26,"Society, Law & Politics",H,,,,
w4879,廉洁,liánjié,6,honest; with clean hands; whitehanded,26,"Society, Law & Politics",M,,21,,
w4898,安居乐业,ānjū-lèyè,6,live in peace and work happily,26,"Society, Law & Politics",M,,17,,
w4991,华侨,Huáqiáo,6,overseas Chinese,26,"Society, Law & Politics",M,,28,,
w0695,研究,yánjiū,4,investigate; examine; go into,27,Science & Technology,M,,16,,
w0734,技术,jìshù,4,technology; technique,27,Science & Technology,H,,,,
w0842,科学,kēxué,4,science,27,Science & Technology,H,,,,
w1302,系统,xìtǒng,5,system,27,Science & Technology,M,,29,,
w1443,理论,lǐlùn,5,theory; to argue; to take notice of,27,Science & Technology,M,,16,,
w1449,数据,shùjù,5,data,27,Science & Technology,M,,18,,
w1530,实验,shíyàn,5,experiment; test; experimental,27,Science & Technology,H,,,,
w1632,物质,wùzhì,5,matter; substance; material,27,Science & Technology,M,,29,,
w1636,自动,zìdòng,5,automatic; voluntarily,27,Science & Technology,M,,24,,
w1696,机器,jīqì,5,machine,27,Science & Technology,H,,,,
w1749,计算,jìsuàn,5,to count; to calculate; to compute,27,Science & Technology,M,,16,,
w1841,能源,néngyuán,5,energy; power source,27,Science & Technology,M,,25,,
w1906,宇宙,yǔzhòu,5,universe; cosmos,27,Science & Technology,M,,15,,
w1920,发明,fāmíng,5,invent; invention,27,Science & Technology,H,,,,
w2012,燃烧,ránshāo,5,to ignite; to combust; to burn,27,Science & Technology,M,,15,,
w2045,铜,tóng,5,copper (chemistry),27,Science & Technology,H,,,,
w2221,液体,yètǐ,5,liquid,27,Science & Technology,H,,,,
w2302,零件,língjiàn,5,part; component,27,Science & Technology,H,,,,
w2405,振动,zhèndòng,5,to vibrate; to shake; vibration,27,Science & Technology,M,,24,,
w2457,固体,gùtǐ,5,solid,27,Science & Technology,H,,,,
w2600,生物,shēngwù,6,biology; organisms,27,Science & Technology,M,,16,,
w2604,试验,shìyàn,6,test,27,Science & Technology,H,,,,
w2638,细胞,xìbāo,6,cell,27,Science & Technology,H,,,,
w2651,操作,cāozuò,6,operation; operate,27,Science & Technology,M,,18,,
w2665,能量,néngliàng,6,energy,27,Science & Technology,H,,,,
w2684,基因,jīyīn,6,gene,27,Science & Technology,H,,,,
w2690,发射,fāshè,6,launch; radiate,27,Science & Technology,H,,,,
w2714,先进,xiānjìn,6,advanced,27,Science & Technology,M,,24,,
w2717,火箭,huǒjiàn,6,rocket,27,Science & Technology,H,,,,
w2737,卫星,wèixīng,6,satellite,27,Science & Technology,H,,,,
w2753,模型,móxíng,6,model,27,Science & Technology,M,,19,,
w2757,统计,tǒngjì,6,statistics; census,27,Science & Technology,M,,25,,
w2764,运行,yùnxíng,6,run,27,Science & Technology,H,,,,
w2774,检验,jiǎnyàn,6,test,27,Science & Technology,M,,25,,
w2785,太空,tàikōng,6,outer space,27,Science & Technology,H,,,,
w2790,机械,jīxiè,6,machinery,27,Science & Technology,H,,,,
w2842,探索,tànsuǒ,6,explore,27,Science & Technology,M,,12,,
w2861,循环,xúnhuán,6,cycle; circulation; loop,27,Science & Technology,M,,29,,
w2865,膜,mó,6,membrane,27,Science & Technology,H,,10,,
w2912,轨道,guǐdào,6,track; orbit,27,Science & Technology,H,,12,,
w2934,元素,yuánsù,6,element,27,Science & Technology,H,,,,
w2949,故障,gùzhàng,6,hitch; breakdown; stoppage,27,Science & Technology,M,,12,,
w2966,创新,chuàngxīn,6,innovation,27,Science & Technology,M,,25,,
w2989,频率,pínlǜ,6,frequency,27,Science & Technology,H,,,,
w3015,辐射,fúshè,6,radiation,27,Science & Technology,M,,15,,
w3062,旋转,xuánzhuǎn,6,rotation,27,Science & Technology,M,,24,,
w3103,放大,fàngdà,6,amplify; magnify; boost,27,Science & Technology,H,,,,
w3119,扩散,kuòsàn,6,spread; diffuse,27,Science & Technology,M,,10,,
w3124,仪器,yíqì,6,instrument,27,Science & Technology,H,,,,
w3133,遗传,yíchuán,6,hereditary,27,Science & Technology,M,,5,,
w3150,测量,cèliáng,6,measure,27,Science & Technology,M,,3,,
w3157,人工,réngōng,6,artificial,27,Science & Technology,M,,24,,
w3242,操纵,cāozòng,6,operate; control; roll,27,Science & Technology,M,,26,,
w3256,专利,zhuānlì,6,patent,27,Science & Technology,H,,,,
w3259,合成,héchéng,6,compose; synthesis,27,Science & Technology,H,,,,
w3358,智能,zhìnéng,6,intelligence,27,Science & Technology,M,,16,,
w3365,原理,yuánlǐ,6,principle; theory,27,Science & Technology,M,,16,,
w3383,雷达,léidá,6,radar,27,Science & Technology,H,,,,
w3438,采集,cǎijí,6,gather; collect,27,Science & Technology,M,,15,,
w3540,解剖,jiěpōu,6,dissect,27,Science & Technology,M,,10,,
w3553,分解,fēnjiě,6,resolve; decompose,27,Science & Technology,H,,,,
w3557,周期,zhōuqī,6,cycle,27,Science & Technology,M,,4,,
w3604,探测,tàncè,6,probe; detect,27,Science & Technology,H,,,,
w3611,放射,fàngshè,6,radiate; emit,27,Science & Technology,H,,,,
w3614,性能,xìngnéng,6,performance; property,27,Science & Technology,H,,,,
w3619,密度,mìdù,6,density; thickness,27,Science & Technology,H,,,,
w3662,氧气,yǎngqì,6,oxygen,27,Science & Technology,H,,,,
w3664,弹性,tánxìng,6,elastic; flexible,27,Science & Technology,H,,,,
w3754,航天,hángtiān,6,spaceflight; aerospace,27,Science & Technology,H,,,,
w3800,反射,fǎnshè,6,reflect,27,Science & Technology,H,,,,
w3802,标本,biāoběn,6,specimen; sample,27,Science & Technology,H,,,,
w3814,冷却,lěngquè,6,cool down,27,Science & Technology,M,,6,,
w3817,平行,píngxíng,6,parallel,27,Science & Technology,H,,,,
w3879,公式,gōngshì,6,formula,27,Science & Technology,H,,,,
w3887,垂直,chuízhí,6,vertical; perpendicular,27,Science & Technology,M,,24,,
w3890,蒸发,zhēngfā,6,evaporate,27,Science & Technology,M,,14,,
w3949,腐蚀,fǔshí,6,corrode,27,Science & Technology,M,,24,,
w3958,氢,qīng,6,hydrogen,27,Science & Technology,H,,,,
w3994,压缩,yāsuō,6,compress,27,Science & Technology,M,,24,,
w4030,地质,dìzhì,6,geology,27,Science & Technology,H,,,,
w4073,凝聚,níngjù,6,condense,27,Science & Technology,M,,24,,
w4124,结晶,jiéjīng,6,crystallization,27,Science & Technology,H,,,,
w4149,精密,jīngmì,6,precise,27,Science & Technology,H,,,,
w4155,溶解,róngjiě,6,dissolve,27,Science & Technology,H,,,,
w4159,粉末,fěnmò,6,powder,27,Science & Technology,M,,24,,
w4197,二氧化碳,èryǎnghuàtàn,6,CO2; carbon dioxide,27,Science & Technology,H,,,,
w4198,改良,gǎiliáng,6,improve,27,Science & Technology,M,,29,,
w4235,凝固,nínggù,6,be hard set,27,Science & Technology,M,,24,,
w4349,铸造,zhùzào,6,cast,27,Science & Technology,H,,,,
w4360,火药,huǒyào,6,gunpowder,27,Science & Technology,M,,28,,
w4428,运算,yùnsuàn,6,"operate, compute",27,Science & Technology,H,,,,
w4433,误差,wùchā,6,error,27,Science & Technology,H,,,,
w4455,偏差,piānchā,6,deviation; bias,27,Science & Technology,M,,29,,
w4471,提炼,tíliàn,6,refining,27,Science & Technology,H,,,,
w4474,尖端,jiānduān,6,most advanced; sophisticated,27,Science & Technology,H,,,,
w4511,杠杆,gànggǎn,6,lever; heaver; pry bar,27,Science & Technology,H,,,,
w4566,奥秘,àomì,6,profound mystery; secret,27,Science & Technology,M,,29,,
w4580,水利,shuǐlì,6,water conservation,27,Science & Technology,M,,15,,
w4590,天文,tiānwén,6,astronomy,27,Science & Technology,H,,,,
w4644,饱和,bǎohé,6,saturation,27,Science & Technology,M,,24,,
w4694,勘探,kāntàn,6,prospect,27,Science & Technology,M,,17,,
w4709,沉淀,chéndiàn,6,precipitate; deposit; sediment,27,Science & Technology,H,,,,
w4754,宏观,hóngguān,6,macrography; macroscopic view,27,Science & Technology,M,,25,,
w4844,微观,wēiguān,6,microcosmic,27,Science & Technology,H,,,,
w4883,辩证,biànzhèng,6,dialectical,27,Science & Technology,M,,29,,
w5009,经纬,jīngwěi,6,longitude and latitude,27,Science & Technology,H,,,,
w0429,故事,gùshi,3,story,28,"Culture, History & Arts",H,,,,
w0437,历史,lìshǐ,3,history,28,"Culture, History & Arts",H,,,,
w0496,文化,wénhuà,3,culture; civilization,28,"Culture, History & Arts",H,,,,
w0560,节日,jiérì,3,holiday; festival,28,"Culture, History & Arts",M,,4,,
w0878,艺术,yìshù,4,art,28,"Culture, History & Arts",H,,,,
w0901,演员,yǎnyuán,4,actor or actress,28,"Culture, History & Arts",M,,17,,
w1019,现代,xiàndài,4,modern times; modern age; modern era,28,"Culture, History & Arts",M,,24,,
w1034,举办,jǔbàn,4,"hold (an exhibition, contest, etc.)",28,"Culture, History & Arts",M,,17,,
w1106,民族,mínzú,4,nation; race; nationality,28,"Culture, History & Arts",M,,26,,
w1284,京剧,jīngjù,4,Beijing Opera,28,"Culture, History & Arts",H,,,,
w1420,传统,chuántǒng,5,tradition; traditional,28,"Culture, History & Arts",H,,,,
w1423,作品,zuòpǐn,5,work (of art); opus,28,"Culture, History & Arts",H,,,,
w1424,时代,shídài,5,age; era; epoch,28,"Culture, History & Arts",M,,4,,
w1457,龙,lóng,5,dragon; imperial,28,"Culture, History & Arts",M,,15,,
w1458,英雄,yīngxióng,5,hero,28,"Culture, History & Arts",M,,21,,
w1478,风格,fēnggé,5,style,28,"Culture, History & Arts",M,,11,,
w1480,角色,juésè,5,role; character in a novel; persona,28,"Culture, History & Arts",M,,17,,
w1571,导演,dǎoyǎn,5,director; direct,28,"Culture, History & Arts",M,,17,,
w1645,经典,jīngdiǎn,5,the classics; scriptures; classical,28,"Culture, History & Arts",H,,,,
w1690,诗,shī,5,poem; poetry; verse,28,"Culture, History & Arts",H,,,,
w1718,公主,gōngzhǔ,5,princess,28,"Culture, History & Arts",M,,5,,
w1732,纪念,jìniàn,5,to commemorate; to honor the memory of; memento,28,"Culture, History & Arts",M,,22,,
w1754,甲,jiǎ,5,first of the ten Heavenly Stems; (used for an unspecified person or thing),28,"Culture, History & Arts",L,CHECK,29,,"archaic ordinal term, weak fit"
w1782,传说,chuánshuō,5,legend; it is said,28,"Culture, History & Arts",H,,,,
w1796,文明,wénmíng,5,civilized; civilization; culture,28,"Culture, History & Arts",H,,,,
w1838,宗教,zōngjiào,5,religion,28,"Culture, History & Arts",H,,,,
w1863,王子,wángzǐ,5,prince; son of a king,28,"Culture, History & Arts",H,,,,
w1976,文学,wénxué,5,literature,28,"Culture, History & Arts",H,,,,
w2058,哲学,zhéxué,5,philosophy,28,"Culture, History & Arts",H,,,,
w2081,皇帝,huángdì,5,emperor,28,"Culture, History & Arts",H,,,,
w2083,古老,gǔlǎo,5,ancient,28,"Culture, History & Arts",H,,,,
w2092,戏剧,xìjù,5,a drama; a play; theater,28,"Culture, History & Arts",H,,,,
w2125,展览,zhǎnlǎn,5,to put on display; to exhibit; exhibition,28,"Culture, History & Arts",M,,25,,
w2142,皇后,huánghòu,5,empress; imperial consort,28,"Culture, History & Arts",H,,,,
w2155,神话,shénhuà,5,legend; fairy tale; myth,28,"Culture, History & Arts",H,,,,
w2160,古代,gǔdài,5,ancient times,28,"Culture, History & Arts",H,,,,
w2262,古典,gǔdiǎn,5,classical,28,"Culture, History & Arts",H,,,,
w2279,流传,liúchuán,5,to spread; to circulate; to hand down,28,"Culture, History & Arts",M,,29,,
w2301,当代,dāngdài,5,contemporary,28,"Culture, History & Arts",M,,4,,
w2335,美术,měishù,5,art; fine arts; painting,28,"Culture, History & Arts",H,,,,
w2341,开幕式,kāimùshì,5,opening ceremony,28,"Culture, History & Arts",M,,19,,
w2433,除夕,Chúxī,5,New Year's Eve,28,"Culture, History & Arts",H,,,,
w2456,寺庙,sìmiào,5,temple; monastery; shrine,28,"Culture, History & Arts",M,,13,,
w2469,风俗,fēngsú,5,custom,28,"Culture, History & Arts",H,,,,
w2484,鞭炮,biānpào,5,firecracker,28,"Culture, History & Arts",H,,,,
w2490,元旦,Yuándàn,5,New Year's Day,28,"Culture, History & Arts",H,,,,
w2497,国庆节,Guóqìngjié,5,National Day,28,"Culture, History & Arts",H,,,,
w2501,近代,jìndài,5,"the not-very-distant past; modern times, excluding recent decades",28,"Culture, History & Arts",H,,,,
w2532,朝代,cháodài,5,dynasty,28,"Culture, History & Arts",H,,,,
w2617,仪式,yíshì,6,ceremony; rite; function,28,"Culture, History & Arts",H,,,,
w2644,灵魂,línghún,6,soul; spirit,28,"Culture, History & Arts",H,,,,
w2712,天堂,tiāntáng,6,heaven; paradise,28,"Culture, History & Arts",H,,,,
w2726,结局,jiéjú,6,ending,28,"Culture, History & Arts",M,,19,,
w2758,创作,chuàngzuò,6,creation,28,"Culture, History & Arts",H,,,,
w2815,信仰,xìnyǎng,6,belief,28,"Culture, History & Arts",H,,,,
w2891,情节,qíngjié,6,plot; circumstances,28,"Culture, History & Arts",H,,29,,
w2905,剧本,jùběn,6,drama; play,28,"Culture, History & Arts",H,,,,
w2927,灵感,línggǎn,6,inspiration,28,"Culture, History & Arts",M,,23,,
w2937,高潮,gāocháo,6,climax; high tide,28,"Culture, History & Arts",M,,15,,
w3046,遗产,yíchǎn,6,heritage; inheritance; legacy,28,"Culture, History & Arts",M,,5,,
w3094,典礼,diǎnlǐ,6,ceremony,28,"Culture, History & Arts",H,,,,
w3102,著作,zhùzuò,6,works,28,"Culture, History & Arts",H,,,,
w3104,挖掘,wājué,6,excavation,28,"Culture, History & Arts",M,,15,,
w3140,魔鬼,móguǐ,6,devil,28,"Culture, History & Arts",M,,20,,
w3212,神圣,shénshèng,6,sacred; holy,28,"Culture, History & Arts",H,,,,
w3218,贵族,guìzú,6,nobleman; aristocrat,28,"Culture, History & Arts",H,,,,
w3234,童话,tónghuà,6,fairy tale,28,"Culture, History & Arts",H,,,,
w3248,记载,jìzǎi,6,put down in writing; record,28,"Culture, History & Arts",M,,23,,
w3282,潮流,cháoliú,6,trend; tide,28,"Culture, History & Arts",M,,24,,
w3371,隆重,lóngzhòng,6,grand,28,"Culture, History & Arts",M,,24,,
w3377,民间,mínjiān,6,folk,28,"Culture, History & Arts",H,,,,
w3387,往事,wǎngshì,6,past,28,"Culture, History & Arts",M,,29,,
w3403,烟花,yānhuā,6,fireworks; prostitute (esp. in Yuan theater),28,"Culture, History & Arts",H,,,,
w3478,复活,fùhuó,6,bring back to life; revive,28,"Culture, History & Arts",M,,29,,
w3501,文物,wénwù,6,cultural relic,28,"Culture, History & Arts",H,,,,
w3541,雕塑,diāosù,6,sculpture,28,"Culture, History & Arts",H,,,,
w3594,题材,tícái,6,theme; subject,28,"Culture, History & Arts",H,,,,
w3710,事迹,shìjì,6,deeds,28,"Culture, History & Arts",M,,24,,
w3775,迷信,míxìn,6,superstition,28,"Culture, History & Arts",H,,,,
w3781,启示,qǐshì,6,revelation; enlightenment,28,"Culture, History & Arts",M,,29,,
w3859,坟墓,fénmù,6,grave; tomb,28,"Culture, History & Arts",M,,26,,
w3872,古董,gǔdǒng,6,antique,28,"Culture, History & Arts",M,,7,,
w3883,陶瓷,táocí,6,Chinese ceramics,28,"Culture, History & Arts",M,,7,,
w3923,习俗,xísú,6,custom,28,"Culture, History & Arts",H,,,,
w3932,废墟,fèixū,6,ruins,28,"Culture, History & Arts",M,,13,,
w3990,悬念,xuánniàn,6,suspense,28,"Culture, History & Arts",M,,19,,
w3995,宫殿,gōngdiàn,6,palace,28,"Culture, History & Arts",M,,13,,
w3999,考古,kǎogǔ,6,archeology,28,"Culture, History & Arts",M,,27,,
w4011,灭亡,mièwáng,6,be destroyed; become extinct,28,"Culture, History & Arts",M,,15,,
w4049,神仙,shénxiān,6,immortal,28,"Culture, History & Arts",H,,,,
w4095,埋葬,máizàng,6,bury,28,"Culture, History & Arts",M,,5,,
w4164,雕刻,diāokè,6,work of carving; carve; engrave,28,"Culture, History & Arts",H,,,,
w4184,复兴,fùxīng,6,revive; resurge,28,"Culture, History & Arts",M,,26,,
w4270,文艺,wényì,6,literature and art,28,"Culture, History & Arts",H,,,,
w4362,书法,shūfǎ,6,calligraphy,28,"Culture, History & Arts",H,,,,
w4480,传记,zhuànjì,6,biography,28,"Culture, History & Arts",H,,,,
w4481,吉祥,jíxiáng,6,auspicious; lucky,28,"Culture, History & Arts",H,,,,
w4486,散文,sǎnwén,6,prose,28,"Culture, History & Arts",H,,,,
w4489,肖像,xiàoxiàng,6,portrait,28,"Culture, History & Arts",H,,,,
w4494,红包,hóngbāo,6,red packet,28,"Culture, History & Arts",H,,,,
w4513,灯笼,dēnglóng,6,lantern,28,"Culture, History & Arts",H,,,,
w4561,工艺品,gōngyìpǐn,6,art work,28,"Culture, History & Arts",H,,,,
w4568,通俗,tōngsú,6,popular; common,28,"Culture, History & Arts",M,,24,,
w4579,俗话,súhuà,6,saying; folk saying,28,"Culture, History & Arts",H,,,,
w4601,世界观,shìjièguān,6,worldview,28,"Culture, History & Arts",M,,23,,
w4619,镶嵌,xiāngqiàn,6,mosaic; inlay; insert,28,"Culture, History & Arts",M,,8,,
w4637,审美,shěnměi,6,appreciation of the beauty,28,"Culture, History & Arts",H,,,,
w4722,封建,fēngjiàn,6,feudal; feudalism,28,"Culture, History & Arts",M,,26,,
w4731,座右铭,zuòyòumíng,6,motto,28,"Culture, History & Arts",M,,29,,
w4753,忌讳,jìhuì,6,taboo; abstain from,28,"Culture, History & Arts",M,,29,,
w4792,元宵节,Yuánxiāojié,6,the Lantern Festival,28,"Culture, History & Arts",H,,,,
w4823,熏陶,xūntáo,6,edification,28,"Culture, History & Arts",M,,16,,
w4843,壮烈,zhuàngliè,6,heroic,28,"Culture, History & Arts",M,,24,,
w4848,寓言,yùyán,6,fable,28,"Culture, History & Arts",H,,,,
w4860,历代,lìdài,6,past dynasties,28,"Culture, History & Arts",H,,,,
w4890,追悼,zhuīdào,6,mourn,28,"Culture, History & Arts",M,,5,,
w4895,拜年,bàinián,6,pay a New Year call,28,"Culture, History & Arts",H,,,,
w4907,压岁钱,yāsuìqián,6,lucky money,28,"Culture, History & Arts",M,,5,,
w4913,瞻仰,zhānyǎng,6,look at with reverence,28,"Culture, History & Arts",M,,21,,
w4943,举世闻名,jǔshì-wénmíng,6,be known to all the world,28,"Culture, History & Arts",M,,24,,
w4948,清真,qīngzhēn,6,muslim,28,"Culture, History & Arts",H,,,,
w4951,举世瞩目,jǔshì-zhǔmù,6,attract worldwide attention,28,"Culture, History & Arts",M,,24,,
w4983,风土人情,fēngtǔ-rénqíng,6,local customs and practices,28,"Culture, History & Arts",H,,,,
w4994,博大精深,bódà-jīngshēn,6,broad and profound,28,"Culture, History & Arts",M,CHECK,24,30,
w4995,喜闻乐见,xǐwén-lèjiàn,6,be delighted to hear and see,28,"Culture, History & Arts",M,,19,,
w5005,对联,duìlián,6,antithetical couplet,28,"Culture, History & Arts",H,,,,
w5006,泰斗,tàidǒu,6,a leading authority,28,"Culture, History & Arts",M,,17,,
w5008,武侠,wǔxiá,6,martial arts,28,"Culture, History & Arts",M,,19,,
w5021,端午节,Duānwǔjié,6,the Dragon Boat Festival,28,"Culture, History & Arts",H,,,,
w5031,重阳节,Chóngyángjié,6,the Double Ninth Festival,28,"Culture, History & Arts",H,,,,
w5040,烟花爆竹,yānhuā bàozhú,6,fireworks,28,"Culture, History & Arts",M,,19,,
w0018,会,huì,1,"can; be capable of; used after a verb, resultative",29,Linking & Abstract Words,M,,24,,
w0027,能,néng,1,can; may,29,Linking & Abstract Words,M,,24,,
w0164,着,zhe,2,"used after a verb, indicating that the action starts and continues",29,Linking & Abstract Words,H,,,,
w0165,给,gěi,2,hand over; for,29,Linking & Abstract Words,M,,9,,
w0166,让,ràng,2,let; allow; make,29,Linking & Abstract Words,H,,,,
w0167,为,wèi,2,for,29,Linking & Abstract Words,H,,,,
w0168,可以,kěyǐ,2,can; may; not bad,29,Linking & Abstract Words,H,,,,
w0170,得,dé,2,to get; to obtain; to win,29,Linking & Abstract Words,M,,19,,
w0171,得,de,2,marker of complement,29,Linking & Abstract Words,H,,,,
w0172,得,děi,2,must; to have to,29,Linking & Abstract Words,H,,,,
w0173,过,guo,2,"used after a verb, referring to sth. that happened previously",29,Linking & Abstract Words,H,,,,
w0174,从,cóng,2,from; since,29,Linking & Abstract Words,H,,,,
w0175,真,zhēn,2,indeed; really,29,Linking & Abstract Words,H,,,,
w0179,已经,yǐjīng,2,already; yet,29,Linking & Abstract Words,H,,,,
w0181,再,zài,2,again; more; further,29,Linking & Abstract Words,H,,,,
w0182,因为,yīnwèi,2,because; owing to; on account of,29,Linking & Abstract Words,H,,,,
w0188,但是,dànshì,2,but; however,29,Linking & Abstract Words,H,,,,
w0189,可能,kěnéng,2,may; can; possible,29,Linking & Abstract Words,H,,,,
w0191,开始,kāishǐ,2,start; begin; beginning,29,Linking & Abstract Words,M,,4,,
w0196,所以,suǒyǐ,2,therefore; as a result; so,29,Linking & Abstract Words,H,,,,
w0198,向,xiàng,2,to; towards,29,Linking & Abstract Words,H,,,,
w0202,非常,fēicháng,2,very,29,Linking & Abstract Words,H,,,,
w0204,别,bié,2,don't,29,Linking & Abstract Words,H,,,,
w0211,事情,shìqing,2,matter; business; circumstance,29,Linking & Abstract Words,M,,24,,
w0216,准备,zhǔnbèi,2,be going to; intend; plan,29,Linking & Abstract Words,M,,9,,
w0225,完,wán,2,indicating finished; be used up; run out,29,Linking & Abstract Words,H,,,,
w0229,正在,zhèngzài,2,be + verb + ing; in the process of; in the course of,29,Linking & Abstract Words,H,,,,
w0313,一下,yíxià,2,once; in a short while,29,Linking & Abstract Words,M,,4,,
w0314,因为…所以…,yīnwèi…suǒyǐ…,2,"because …, so …",29,Linking & Abstract Words,H,,,,
w0316,虽然…但是…,suīrán…dànshì…,2,"although …, (still) …",29,Linking & Abstract Words,H,,,,
w0318,啊,a,3,"used to express surprise, exclamation or promise",29,Linking & Abstract Words,H,,,,
w0319,把,bǎ,3,"dealing with, used before an object, followed by a transitive verb",29,Linking & Abstract Words,H,,,,
w0320,被,bèi,3,"be made or forced, indicating passive voice",29,Linking & Abstract Words,H,,,,
w0321,自己,zìjǐ,3,oneself; self; one's own,29,Linking & Abstract Words,H,,,,
w0322,过,guò,3,live; pass; spend the time,29,Linking & Abstract Words,M,,4,,
w0323,用,yòng,3,use,29,Linking & Abstract Words,H,,,,
w0324,如果,rúguǒ,3,if; in case; in the event of,29,Linking & Abstract Words,H,,,,
w0325,又,yòu,3,again; once more,29,Linking & Abstract Words,H,,,,
w0327,只,zhǐ,3,only; merely; just,29,Linking & Abstract Words,H,,,,
w0329,需要,xūyào,3,need; claim; demand,29,Linking & Abstract Words,H,,,,
w0330,地,de,3,marker of adverbial,29,Linking & Abstract Words,H,,,,
w0331,才,cái,3,"late, indicating just happened; just; only (indicating only one solution)",29,Linking & Abstract Words,H,,,,
w0332,跟,gēn,3,follow; with,29,Linking & Abstract Words,H,,,,
w0334,还是,háishi,3,still; all the same; had better,29,Linking & Abstract Words,H,,,,
w0336,应该,yīnggāi,3,should; have to; ought to,29,Linking & Abstract Words,H,,,,
w0341,一定,yídìng,3,surely; certainly; necessarily,29,Linking & Abstract Words,H,,,,
w0343,为了,wèile,3,for,29,Linking & Abstract Words,H,,,,
w0346,而且,érqiě,3,(not only ...) but also; moreover; in addition,29,Linking & Abstract Words,H,,,,
w0348,必须,bìxū,3,must; have to,29,Linking & Abstract Words,H,,,,
w0351,其他,qítā,3,other; else,29,Linking & Abstract Words,H,,,,
w0353,然后,ránhòu,3,then; after that; afterwards,29,Linking & Abstract Words,M,,4,,
w0360,出现,chūxiàn,3,"come out , happen; show up; appear",29,Linking & Abstract Words,H,,,,
w0368,或者,huòzhě,3,or,29,Linking & Abstract Words,H,,,,
w0369,机会,jīhuì,3,chance; opportunity,29,Linking & Abstract Words,H,,,,
w0370,别人,biéren,3,other people; another person,29,Linking & Abstract Words,H,,,,
w0372,使,shǐ,3,make; cause; enable,29,Linking & Abstract Words,H,,,,
w0374,其实,qíshí,3,actually; in fact; as a matter of fact,29,Linking & Abstract Words,H,,,,
w0378,当然,dāngrán,3,of course; naturally; certainly,29,Linking & Abstract Words,H,,,,
w0382,虽然,suīrán,3,although; even though,29,Linking & Abstract Words,H,,,,
w0383,解决,jiějué,3,solve or resolve a problem or an issue,29,Linking & Abstract Words,H,,,,
w0384,关于,guānyú,3,with regard to,29,Linking & Abstract Words,H,,,,
w0385,完成,wánchéng,3,accomplish; complete; finish,29,Linking & Abstract Words,M,,17,,
w0386,结束,jiéshù,3,stop; finish; end,29,Linking & Abstract Words,M,,4,,
w0389,办法,bànfǎ,3,way; means; measure,29,Linking & Abstract Words,H,,,,
w0390,特别,tèbié,3,very; exceptionally; particularly,29,Linking & Abstract Words,H,,,,
w0397,越,yuè,3,the more…the more…,29,Linking & Abstract Words,H,,,,
w0399,影响,yǐngxiǎng,3,influence; affect; concern,29,Linking & Abstract Words,M,,24,,
w0409,除了,chúle,3,except (for); besides; in addition to,29,Linking & Abstract Words,H,,,,
w0417,根据,gēnjù,3,on the basis of; according to; basis,29,Linking & Abstract Words,H,,,,
w0430,一般,yìbān,3,usually; generally; habitually,29,Linking & Abstract Words,H,,,,
w0446,作用,zuòyòng,3,an effect; an influence,29,Linking & Abstract Words,H,,,,
w0453,几乎,jīhū,3,nearly; almost,29,Linking & Abstract Words,H,,,,
w0475,一边,yìbiān,3,while; as; at the same time,29,Linking & Abstract Words,H,,,,
w0478,变化,biànhuà,3,change; variation; vary,29,Linking & Abstract Words,H,,,,
w0482,极,jí,3,extremely; exceedingly,29,Linking & Abstract Words,H,,,,
w0484,举行,jǔxíng,3,perform; take place,29,Linking & Abstract Words,L,CHECK,22,,"generic event verb, no clear topic"
w0488,水平,shuǐpíng,3,"standard; level (of skill, ability and knowledge, etc.)",29,Linking & Abstract Words,H,,,,
w0501,提高,tígāo,3,lift; raise; heighten,29,Linking & Abstract Words,M,,24,,
w0514,多么,duōme,3,"how (wonderful, etc.)",29,Linking & Abstract Words,H,,,,
w0637,不但…而且…,búdàn…érqiě…,3,not only … but also …,29,Linking & Abstract Words,H,,,,
w0639,而,ér,4,and; but; however,29,Linking & Abstract Words,H,,,,
w0640,与,yǔ,4,with; to,29,Linking & Abstract Words,H,,,,
w0641,当,dāng,4,to act as; to be; when,29,Linking & Abstract Words,H,,,,
w0642,之,zhī,4,"auxiliary word, used to form a grammatical structure",29,Linking & Abstract Words,H,,,,
w0643,以,yǐ,4,using; taking; by means of,29,Linking & Abstract Words,H,,,,
w0644,起来,qǐlai,4,used after a verb to indicate direction or trend,29,Linking & Abstract Words,H,,,,
w0646,却,què,4,but; yet; however,29,Linking & Abstract Words,H,,,,
w0647,生活,shēnghuó,4,life; livelihood,29,Linking & Abstract Words,H,,,,
w0648,发生,fāshēng,4,take place; happen,29,Linking & Abstract Words,H,,,,
w0649,不过,búguò,4,but; however,29,Linking & Abstract Words,H,,,,
w0650,所有,suǒyǒu,4,all,29,Linking & Abstract Words,H,,,,
w0651,情况,qíngkuàng,4,circumstance; situation; condition,29,Linking & Abstract Words,H,,,,
w0653,成为,chéngwéi,4,become,29,Linking & Abstract Words,H,,,,
w0656,继续,jìxù,4,continue; proceed; carry on,29,Linking & Abstract Words,H,,,,
w0658,进行,jìnxíng,4,execute; carry out,29,Linking & Abstract Words,H,,,,
w0660,通过,tōngguò,4,pass through; get past; traverse,29,Linking & Abstract Words,H,,,,
w0661,无,wú,4,have not; there be not,29,Linking & Abstract Words,H,,,,
w0662,一切,yíqiè,4,all; every,29,Linking & Abstract Words,H,,,,
w0663,由,yóu,4,from,29,Linking & Abstract Words,H,,,,
w0664,任何,rènhé,4,any; whichever; whatever,29,Linking & Abstract Words,H,,,,
w0666,结果,jiéguǒ,4,result,29,Linking & Abstract Words,H,,,,
w0667,只有,zhǐyǒu,4,only,29,Linking & Abstract Words,H,,,,
w0668,完全,wánquán,4,completely; absolutely; entirely,29,Linking & Abstract Words,H,,,,
w0670,可是,kěshì,4,but; yet; however,29,Linking & Abstract Words,H,,,,
w0671,连,lián,4,even (used for emphasis); be in succession,29,Linking & Abstract Words,H,,,,
w0672,呀,ya,4,used at the end of a sentence; exclamation to show surprise,29,Linking & Abstract Words,H,,,,
w0673,原因,yuányīn,4,reason; cause,29,Linking & Abstract Words,H,,,,
w0675,只要,zhǐyào,4,only if; so long as,29,Linking & Abstract Words,H,,,,
w0678,其中,qízhōng,4,among; in; inside,29,Linking & Abstract Words,H,,,,
w0680,甚至,shènzhì,4,even; so far as to; so much so that,29,Linking & Abstract Words,H,,,,
w0682,肯定,kěndìng,4,certainly; surely,29,Linking & Abstract Words,H,,,,
w0686,部分,bùfen,4,part; section; portion,29,Linking & Abstract Words,H,,,,
w0687,能力,nénglì,4,ability; capacity; capability,29,Linking & Abstract Words,M,,17,,
w0692,改变,gǎibiàn,4,change; vary; variation,29,Linking & Abstract Words,H,,,,
w0693,是否,shìfǒu,4,whether or not,29,Linking & Abstract Words,H,,,,
w0694,方法,fāngfǎ,4,method; way; manner,29,Linking & Abstract Words,H,,,,
w0700,也许,yěxǔ,4,probably; perhaps; may,29,Linking & Abstract Words,H,,,,
w0701,方面,fāngmiàn,4,aspect,29,Linking & Abstract Words,H,,,,
w0707,提供,tígōng,4,give; provide; supply,29,Linking & Abstract Words,M,,25,,
w0710,使用,shǐyòng,4,use,29,Linking & Abstract Words,M,,18,,
w0716,因此,yīncǐ,4,therefore; for this reason; consequently,29,Linking & Abstract Words,H,,,,
w0718,算,suàn,4,to regard as; to figure; to calculate,29,Linking & Abstract Words,M,,3,,
w0719,获得,huòdé,4,get; obtain,29,Linking & Abstract Words,M,,17,,
w0723,全部,quánbù,4,whole; all; complete,29,Linking & Abstract Words,M,,3,,
w0726,另外,lìngwài,4,in addition,29,Linking & Abstract Words,H,,,,
w0728,挺,tǐng,4,very; quite; pretty,29,Linking & Abstract Words,H,,,,
w0729,好像,hǎoxiàng,4,as if; seem; be like,29,Linking & Abstract Words,H,,,,
w0730,到底,dàodǐ,4,on earth,29,Linking & Abstract Words,H,,,,
w0740,包括,bāokuò,4,to comprise; to include; to involve,29,Linking & Abstract Words,H,,,,
w0741,原来,yuánlái,4,former; original,29,Linking & Abstract Words,H,,,,
w0742,光,guāng,4,light; solely; only,29,Linking & Abstract Words,L,CHECK,14,,multiple senses; light vs only
w0745,并且,bìngqiě,4,further more; besides,29,Linking & Abstract Words,H,,,,
w0751,确实,quèshí,4,really; indeed,29,Linking & Abstract Words,H,,,,
w0752,不管,bùguǎn,4,no matter; whether or not,29,Linking & Abstract Words,H,,,,
w0753,受到,shòudào,4,accept; receive,29,Linking & Abstract Words,M,,20,,
w0756,至少,zhìshǎo,4,at least,29,Linking & Abstract Words,H,,,,
w0759,首先,shǒuxiān,4,first of all,29,Linking & Abstract Words,H,,,,
w0764,重新,chóngxīn,4,once again,29,Linking & Abstract Words,H,,,,
w0775,由于,yóuyú,4,owing to; as a result of; due to,29,Linking & Abstract Words,H,,,,
w0779,过程,guòchéng,4,process; course,29,Linking & Abstract Words,H,,,,
w0780,即使,jíshǐ,4,even if,29,Linking & Abstract Words,H,,,,
w0781,尽管,jǐnguǎn,4,although; even though,29,Linking & Abstract Words,H,,,,
w0783,各,gè,4,every,29,Linking & Abstract Words,H,,,,
w0784,仍然,réngrán,4,still; yet,29,Linking & Abstract Words,H,,,,
w0790,比如,bǐrú,4,take sth for example; such as; for example,29,Linking & Abstract Words,H,,,,
w0793,无论,wúlùn,4,"no matter what, how, etc.; regardless of",29,Linking & Abstract Words,H,,,,
w0796,十分,shífēn,4,very; fully; utterly,29,Linking & Abstract Words,H,,,,
w0799,本来,běnlái,4,originally,29,Linking & Abstract Words,H,,,,
w0800,条件,tiáojiàn,4,requirement; prerequisite; qualification,29,Linking & Abstract Words,H,,,,
w0803,关键,guānjiàn,4,key point; key factor; crucial,29,Linking & Abstract Words,M,,24,,
w0807,难道,nándào,4,used in a rhetorical question,29,Linking & Abstract Words,H,,,,
w0808,于是,yúshì,4,as a result; therefore; whereupon,29,Linking & Abstract Words,H,,,,
w0814,够,gòu,4,enough,29,Linking & Abstract Words,H,,,,
w0826,引起,yǐnqǐ,4,bring; cause; lead to,29,Linking & Abstract Words,H,,,,
w0830,内容,nèiróng,4,content; substance,29,Linking & Abstract Words,H,,,,
w0834,目的,mùdì,4,purpose; aim,29,Linking & Abstract Words,H,,,,
w0849,范围,fànwéi,4,range; scope; limit,29,Linking & Abstract Words,H,,,,
w0850,接着,jiēzhe,4,continue; go on,29,Linking & Abstract Words,H,,,,
w0855,效果,xiàoguǒ,4,effect; result; outcome,29,Linking & Abstract Words,H,,,,
w0858,按照,ànzhào,4,according to,29,Linking & Abstract Words,H,,,,
w0860,竟然,jìngrán,4,unexpectedly,29,Linking & Abstract Words,H,,,,
w0861,重点,zhòngdiǎn,4,key point,29,Linking & Abstract Words,M,,16,,
w0866,咱们,zánmen,4,we or us (inclusive of person or people spoken to),29,Linking & Abstract Words,H,,,,
w0867,要是,yàoshi,4,if,29,Linking & Abstract Words,H,,,,
w0869,否则,fǒuzé,4,otherwise,29,Linking & Abstract Words,H,,,,
w0872,增加,zēngjiā,4,increase,29,Linking & Abstract Words,M,,25,,
w0876,不仅,bùjǐn,4,not only,29,Linking & Abstract Words,H,,,,
w0886,失败,shībài,4,be defeated; be beaten; lose,29,Linking & Abstract Words,M,,24,,
w0889,不得不,bùdébù,4,must; have to,29,Linking & Abstract Words,H,,,,
w0892,大概,dàgài,4,almost; probably,29,Linking & Abstract Words,H,,,,
w0896,共同,gòngtóng,4,common,29,Linking & Abstract Words,M,,24,,
w0898,既然,jìrán,4,since,29,Linking & Abstract Words,H,,,,
w0899,停止,tíngzhǐ,4,to stop; to halt; to cease,29,Linking & Abstract Words,H,,,,
w0914,最好,zuìhǎo,4,had better; would be best; may as well do,29,Linking & Abstract Words,H,,,,
w0916,断,duàn,4,to break; to snap; to cut off,29,Linking & Abstract Words,M,,24,,
w0917,千万,qiānwàn,4,however; anyhow; in any case,29,Linking & Abstract Words,H,,,,
w0927,究竟,jiūjìng,4,on earth,29,Linking & Abstract Words,H,,,,
w0929,然而,rán'ér,4,yet; but; however,29,Linking & Abstract Words,H,,,,
w0933,符合,fúhé,4,correspond with; accord with; conform to,29,Linking & Abstract Words,M,,24,,
w0955,差不多,chàbuduō,4,about; nearly,29,Linking & Abstract Words,H,,,,
w0965,互相,hùxiāng,4,each other; one another,29,Linking & Abstract Words,H,,,,
w0981,大约,dàyuē,4,about; approximately; more or less,29,Linking & Abstract Words,H,,,,
w0989,恐怕,kǒngpà,4,perhaps; probably; maybe,29,Linking & Abstract Words,H,,,,
w0994,专门,zhuānmén,4,specially; technically,29,Linking & Abstract Words,H,,,,
w1003,尤其,yóuqí,4,especially; particularly; above all,29,Linking & Abstract Words,H,,,,
w1037,组成,zǔchéng,4,to form; to make up; to constitute,29,Linking & Abstract Words,M,,24,,
w1066,果然,guǒrán,4,really; sure enough; as expected,29,Linking & Abstract Words,H,,,,
w1067,随着,suízhe,4,along with; in the wake of; in pace with,29,Linking & Abstract Words,H,,,,
w1068,只好,zhǐhǎo,4,have to; be obliged to; cannot… but…,29,Linking & Abstract Words,H,,,,
w1084,逐渐,zhújiàn,4,gradually,29,Linking & Abstract Words,H,,,,
w1092,例如,lìrú,4,for example; for instance; such as,29,Linking & Abstract Words,H,,,,
w1113,顺便,shùnbiàn,4,conveniently; without extra effort,29,Linking & Abstract Words,H,,,,
w1123,其次,qícì,4,secondly; next; then,29,Linking & Abstract Words,H,,,,
w1134,不但,búdàn,4,not only (... but also ...),29,Linking & Abstract Words,H,,,,
w1135,代替,dàitì,4,to replace; to take the place of,29,Linking & Abstract Words,H,,,,
w1141,稍微,shāowēi,4,a little; bit; slightly,29,Linking & Abstract Words,H,,,,
w1143,缺少,quēshǎo,4,lack; be short of; be pressed for,29,Linking & Abstract Words,M,,24,,
w1154,极其,jíqí,4,extremely,29,Linking & Abstract Words,H,,,,
w1177,集合,jíhé,4,to gather; to assemble; (math.) set,29,Linking & Abstract Words,L,CHECK,9,,gather/assemble or math set; unclear
w1228,积累,jīlěi,4,accumulate; accumulation,29,Linking & Abstract Words,M,,24,,
w1257,养成,yǎngchéng,4,form; cultivate,29,Linking & Abstract Words,M,,21,,
w1291,所,suǒ,5,"actually; place; classifier for houses, small buildings, institutions etc",29,Linking & Abstract Words,M,,3,,
w1292,正,zhèng,5,straight; upright; just (doing sth),29,Linking & Abstract Words,M,,24,,
w1294,如何,rúhé,5,how; what way; what,29,Linking & Abstract Words,H,,,,
w1295,作为,zuòwéi,5,one's conduct; deed; activity,29,Linking & Abstract Words,H,,,,
w1298,对于,duìyú,5,for; on; with regard to,29,Linking & Abstract Words,H,,,,
w1299,方式,fāngshì,5,way; method,29,Linking & Abstract Words,H,,,,
w1300,处理,chǔlǐ,5,deal with; handle,29,Linking & Abstract Words,M,,17,,
w1304,以及,yǐjí,5,as well as; too; and,29,Linking & Abstract Words,H,,,,
w1308,控制,kòngzhì,5,to control,29,Linking & Abstract Words,M,,21,,
w1310,根本,gēnběn,5,at all,29,Linking & Abstract Words,H,,,,
w1313,存在,cúnzài,5,existence; exist,29,Linking & Abstract Words,H,,,,
w1315,保持,bǎochí,5,keep; maintain; hold,29,Linking & Abstract Words,H,,,,
w1317,目标,mùbiāo,5,target; goal; objective,29,Linking & Abstract Words,H,,,,
w1319,行动,xíngdòng,5,operation; action; to move about,29,Linking & Abstract Words,H,,,,
w1330,克,kè,5,to be able to; to subdue; to restrain,29,Linking & Abstract Words,L,CHECK,,,en meaning here is not gram (measure)
w1332,绝对,juéduì,5,absolute; unconditional,29,Linking & Abstract Words,M,,24,,
w1336,利用,lìyòng,5,to exploit; to make use of; to use,29,Linking & Abstract Words,H,,,,
w1339,意义,yìyì,5,sense; meaning; significance,29,Linking & Abstract Words,H,,,,
w1340,便,biàn,5,then,29,Linking & Abstract Words,H,,,,
w1342,力量,lìliang,5,power; force; strength,29,Linking & Abstract Words,M,,24,,
w1344,造成,zàochéng,5,to bring about; to create; to cause,29,Linking & Abstract Words,H,,,,
w1345,某,mǒu,5,some; a certain; sb or sth indefinite,29,Linking & Abstract Words,H,,,,
w1346,支,zhī,5,to support; to sustain; to erect,29,Linking & Abstract Words,M,,3,,
w1347,人生,rénshēng,5,life (one's time on earth),29,Linking & Abstract Words,M,,5,,
w1348,失去,shīqù,5,to lose,29,Linking & Abstract Words,H,,,,
w1349,非,fēi,5,mistake; wrong,29,Linking & Abstract Words,M,,24,,
w1350,则,zé,5,then; standard; norm,29,Linking & Abstract Words,H,,,,
w1351,面对,miànduì,5,to face; to confront,29,Linking & Abstract Words,M,,20,,
w1359,参与,cānyù,5,partake; participate in; take part in,29,Linking & Abstract Words,M,,22,,
w1361,属于,shǔyú,5,to be classified as; to belong to; to be part of,29,Linking & Abstract Words,H,,,,
w1362,人类,rénlèi,5,humanity; human race; mankind,29,Linking & Abstract Words,M,,15,,
w1367,事实,shìshí,5,fact,29,Linking & Abstract Words,H,,,,
w1380,价值,jiàzhí,5,"value; worth; fig. values (ethical, cultural etc)",29,Linking & Abstract Words,H,,,,
w1381,相当,xiāngdāng,5,equivalent to; appropriate; considerably,29,Linking & Abstract Words,H,,,,
w1382,实现,shíxiàn,5,to achieve; to implement; to realize,29,Linking & Abstract Words,H,,,,
w1383,产生,chǎnshēng,5,engender; come into being,29,Linking & Abstract Words,H,,,,
w1384,对方,duìfāng,5,the other party,29,Linking & Abstract Words,H,,,,
w1388,建立,jiànlì,5,to establish; to set up; to found,29,Linking & Abstract Words,H,,,,
w1389,更加,gèngjiā,5,to a higher degree; still further; still more,29,Linking & Abstract Words,H,,,,
w1391,必要,bìyào,5,necessary,29,Linking & Abstract Words,H,,,,
w1397,达到,dádào,5,achieve; attain,29,Linking & Abstract Words,H,,,,
w1399,现实,xiànshí,5,reality; actuality; real,29,Linking & Abstract Words,H,,,,
w1400,不断,búduàn,5,constantly; nonstop,29,Linking & Abstract Words,H,,,,
w1401,导致,dǎozhì,5,lead to; cause,29,Linking & Abstract Words,H,,,,
w1402,集中,jízhōng,5,to concentrate; to centralize; to focus,29,Linking & Abstract Words,H,,,,
w1408,记录,jìlù,5,to record; record (written account); note-taker,29,Linking & Abstract Words,M,,18,,
w1414,一旦,yídàn,5,"in case (sth happens); if; once (sth happens, then...)",29,Linking & Abstract Words,H,,,,
w1419,显然,xiǎnrán,5,clearly; evidently; obviously,29,Linking & Abstract Words,H,,,,
w1421,状况,zhuàngkuàng,5,condition; state; situation,29,Linking & Abstract Words,H,,,,
w1426,的确,díquè,5,indeed,29,Linking & Abstract Words,H,,,,
w1442,程度,chéngdù,5,extent; degree,29,Linking & Abstract Words,H,,,,
w1446,创造,chuàngzào,5,create,29,Linking & Abstract Words,M,,27,,
w1454,消失,xiāoshī,5,to disappear; to fade away,29,Linking & Abstract Words,M,,24,,
w1471,所谓,suǒwèi,5,so-called; what is called,29,Linking & Abstract Words,H,,,,
w1487,采取,cǎiqǔ,5,take,29,Linking & Abstract Words,M,,17,,
w1507,相关,xiāngguān,5,related; relevant; pertinent,29,Linking & Abstract Words,H,,,,
w1508,简直,jiǎnzhí,5,simply; really,29,Linking & Abstract Words,H,,,,
w1509,退,tuì,5,to retreat; to withdraw; to reject,29,Linking & Abstract Words,L,CHECK,7,,many senses: retreat/withdraw/reject
w1527,发挥,fāhuī,5,to display; to exhibit; to bring out implicit or innate qualities,29,Linking & Abstract Words,M,,21,,
w1536,针对,zhēnduì,5,to target; to focus on; to be aimed at or against,29,Linking & Abstract Words,H,,,,
w1539,对象,duìxiàng,5,object,29,Linking & Abstract Words,H,,,,
w1544,依然,yīrán,5,still; as before,29,Linking & Abstract Words,H,,,,
w1549,反正,fǎnzhèng,5,anyway,29,Linking & Abstract Words,H,,,,
w1557,不必,búbì,5,not have to; there is no need,29,Linking & Abstract Words,H,,,,
w1581,避免,bìmiǎn,5,avoid,29,Linking & Abstract Words,H,,,,
w1588,原则,yuánzé,5,principle; doctrine,29,Linking & Abstract Words,H,,,,
w1605,命运,mìngyùn,5,fate; destiny,29,Linking & Abstract Words,M,,28,,
w1606,凭,píng,5,to lean against; to rely on; on the basis of,29,Linking & Abstract Words,H,,,,
w1607,尽量,jǐnliàng,5,as much as possible; to the greatest extent,29,Linking & Abstract Words,H,,,,
w1609,不然,bùrán,5,otherwise,29,Linking & Abstract Words,H,,,,
w1620,阻止,zǔzhǐ,5,to prevent; to block,29,Linking & Abstract Words,H,,,,
w1625,形成,xíngchéng,5,to form; to take shape,29,Linking & Abstract Words,M,,24,,
w1630,显得,xiǎnde,5,to seem; to look; to appear,29,Linking & Abstract Words,M,,24,,
w1631,亲自,qīnzì,5,personally; in person; oneself,29,Linking & Abstract Words,H,,,,
w1634,面临,miànlín,5,to face sth; to be confronted with,29,Linking & Abstract Words,H,,,,
w1638,结合,jiéhé,5,to combine; to link; to integrate,29,Linking & Abstract Words,M,,24,,
w1643,除,chú,5,except; besides; get rid of,29,Linking & Abstract Words,H,,,,
w1655,现象,xiànxiàng,5,phenomenon; appearance,29,Linking & Abstract Words,M,,27,,
w1660,领域,lǐngyù,5,domain; sphere; field,29,Linking & Abstract Words,M,,17,,
w1663,毕竟,bìjìng,5,after all,29,Linking & Abstract Words,H,,,,
w1664,万一,wànyī,5,just in case; if by any chance; contingency,29,Linking & Abstract Words,H,,,,
w1668,细节,xìjié,5,details; particulars,29,Linking & Abstract Words,H,,,,
w1672,似的,shìde,5,seems as if; rather like,29,Linking & Abstract Words,H,,,,
w1678,体验,tǐyàn,5,to experience for oneself,29,Linking & Abstract Words,M,,24,,
w1687,至于,zhìyú,5,as for; as to; to go so far as to,29,Linking & Abstract Words,H,,,,
w1689,缺乏,quēfá,5,to lack; to be short of,29,Linking & Abstract Words,H,,,,
w1692,重复,chóngfù,5,repeat,29,Linking & Abstract Words,M,,23,,
w1697,标志,biāozhì,5,mark,29,Linking & Abstract Words,M,,24,,
w1708,因素,yīnsù,5,element; factor,29,Linking & Abstract Words,H,,,,
w1709,双方,shuāngfāng,5,bilateral; both sides; both parties involved,29,Linking & Abstract Words,M,,26,,
w1717,承受,chéngshòu,5,bear; suffer,29,Linking & Abstract Words,M,,20,,
w1724,结构,jiégòu,5,structure; composition; makeup,29,Linking & Abstract Words,H,,,,
w1726,矛盾,máodùn,5,contradiction; conflicting views; contradictory,29,Linking & Abstract Words,H,,,,
w1734,分别,fēnbié,5,respectively,29,Linking & Abstract Words,H,,,,
w1742,保留,bǎoliú,5,retain; reserve,29,Linking & Abstract Words,M,,7,,
w1746,不足,bùzú,5,not enough; fewer than,29,Linking & Abstract Words,M,,24,,
w1756,贡献,gòngxiàn,5,contribution; devote; contribute,29,Linking & Abstract Words,M,,17,,
w1766,把握,bǎwò,5,grasp; seize; confidence,29,Linking & Abstract Words,M,,20,,
w1783,转变,zhuǎnbiàn,5,to change; to transform; shift,29,Linking & Abstract Words,H,,,,
w1787,后果,hòuguǒ,5,consequences; aftermath,29,Linking & Abstract Words,H,,,,
w1809,除非,chúfēi,5,unless,29,Linking & Abstract Words,H,,,,
w1811,总之,zǒngzhī,5,in a word; in short; in brief,29,Linking & Abstract Words,H,,,,
w1830,各自,gèzì,5,respective; each,29,Linking & Abstract Words,H,,,,
w1840,概念,gàiniàn,5,concept,29,Linking & Abstract Words,M,,16,,
w1849,事物,shìwù,5,thing; object,29,Linking & Abstract Words,H,,,,
w1859,反而,fǎn'ér,5,on the contrary; instead,29,Linking & Abstract Words,H,,,,
w1865,此外,cǐwài,5,in addition; besides,29,Linking & Abstract Words,H,,,,
w1870,假如,jiǎrú,5,if,29,Linking & Abstract Words,H,,,,
w1908,要不,yàobù,5,otherwise; or else; how about...?,29,Linking & Abstract Words,H,,,,
w1934,趁,chèn,5,take advantage of; take,29,Linking & Abstract Words,H,,,,
w1939,其余,qíyú,5,the rest; the others; remaining,29,Linking & Abstract Words,H,,,,
w1947,哪怕,nǎpà,5,even; even if; even though,29,Linking & Abstract Words,H,,,,
w1948,补充,bǔchōng,5,supplementary; replenish; supplement,29,Linking & Abstract Words,M,,23,,
w1960,体现,tǐxiàn,5,to embody; to reflect; to incarnate,29,Linking & Abstract Words,M,,24,,
w1965,从而,cóng'ér,5,thus; thereby; accordingly,29,Linking & Abstract Words,H,,,,
w1972,改进,gǎijìn,5,improve,29,Linking & Abstract Words,M,,17,,
w1978,仿佛,fǎngfú,5,as if,29,Linking & Abstract Words,H,,,,
w1981,应付,yìngfu,5,to deal with; to cope,29,Linking & Abstract Words,M,,23,,
w1991,具备,jùbèi,5,to possess; to have; equipped with,29,Linking & Abstract Words,H,,,,
w1993,干脆,gāncuì,5,simply; straightforward,29,Linking & Abstract Words,M,,21,,
w2001,构成,gòuchéng,5,constitute; compose,29,Linking & Abstract Words,H,,,,
w2019,说不定,shuōbudìng,5,can't say for sure; maybe,29,Linking & Abstract Words,H,,,,
w2032,规律,guīlǜ,5,law; disciplinarian; routine,29,Linking & Abstract Words,M,,27,,
w2046,总算,zǒngsuàn,5,at long last; finally; on the whole,29,Linking & Abstract Words,H,,,,
w2048,传递,chuándì,5,transfer; pass on,29,Linking & Abstract Words,M,,18,,
w2063,象征,xiàngzhēng,5,emblem; symbol; token,29,Linking & Abstract Words,M,,24,,
w2065,本质,běnzhì,5,essence; nature,29,Linking & Abstract Words,H,,,,
w2070,实践,shíjiàn,5,practice; to put into practice; to live up to (a promise),29,Linking & Abstract Words,M,,16,,
w2079,必然,bìrán,5,inevitable,29,Linking & Abstract Words,H,,,,
w2086,危害,wēihài,5,to jeopardize; to harm; to endanger,29,Linking & Abstract Words,M,,10,,
w2093,难怪,nánguài,5,(it's) no wonder (that...); (it's) not surprising (that),29,Linking & Abstract Words,H,,,,
w2094,围绕,wéirào,5,to revolve around; to center on (an issue),29,Linking & Abstract Words,H,,,,
w2099,偶然,ǒurán,5,incidentally; occasional; occasionally,29,Linking & Abstract Words,H,,,,
w2110,真理,zhēnlǐ,5,truth,29,Linking & Abstract Words,M,,28,,
w2113,丝毫,sīháo,5,the slightest amount or degree; a bit,29,Linking & Abstract Words,H,,,,
w2114,应用,yìngyòng,5,to put to use; to apply; practical,29,Linking & Abstract Words,M,,27,,
w2115,包含,bāohán,5,include; contain,29,Linking & Abstract Words,H,,,,
w2154,性质,xìngzhì,5,nature; characteristic,29,Linking & Abstract Words,H,,,,
w2181,特意,tèyì,5,specially; intentionally,29,Linking & Abstract Words,H,,,,
w2184,促进,cùjìn,5,promote,29,Linking & Abstract Words,H,,,,
w2185,何必,hébì,5,there is no need; why should,29,Linking & Abstract Words,H,,,,
w2217,妨碍,fáng'ài,5,hinder; hamper; impede,29,Linking & Abstract Words,H,,,,
w2232,何况,hékuàng,5,let alone; to say nothing of; besides,29,Linking & Abstract Words,H,,,,
w2253,促使,cùshǐ,5,impel; urge,29,Linking & Abstract Words,H,,,,
w2256,怪不得,guàibude,5,no wonder,29,Linking & Abstract Words,H,,,,
w2259,未必,wèibì,5,not necessarily; maybe not,29,Linking & Abstract Words,H,,,,
w2270,乙,yǐ,5,second of the ten Heavenly Stems; second in order,29,Linking & Abstract Words,H,,,,
w2271,步骤,bùzhòu,5,step,29,Linking & Abstract Words,H,,,,
w2276,纷纷,fēnfēn,5,in droves; one after another,29,Linking & Abstract Words,H,,,,
w2278,缘故,yuángù,5,reason; cause,29,Linking & Abstract Words,H,,,,
w2297,宁可,nìngkě,5,preferably; one would prefer to...(or not to...); would rather,29,Linking & Abstract Words,H,,,,
w2307,不得了,bùdéliǎo,5,very; extremely; Oh my god,29,Linking & Abstract Words,M,,24,,
w2314,逐步,zhúbù,5,progressively; step by step,29,Linking & Abstract Words,H,,,,
w2317,可见,kějiàn,5,it can clearly be seen (that this is the case); it is (thus) clear; clear,29,Linking & Abstract Words,H,,,,
w2318,凡是,fánshì,5,every; all,29,Linking & Abstract Words,H,,,,
w2322,格外,géwài,5,especially,29,Linking & Abstract Words,H,,,,
w2330,因而,yīn'ér,5,therefore; as a result; thus,29,Linking & Abstract Words,H,,,,
w2374,轮流,lúnliú,5,to alternate; to take turns,29,Linking & Abstract Words,H,,,,
w2378,幸亏,xìngkuī,5,fortunately; luckily,29,Linking & Abstract Words,H,,,,
w2415,多亏,duōkuī,5,thanks to,29,Linking & Abstract Words,M,,20,,
w2428,陆续,lùxù,5,in turn; successively; one after the other,29,Linking & Abstract Words,H,,,,
w2436,再三,zàisān,5,over and over again; again and again,29,Linking & Abstract Words,H,,,,
w2450,吃亏,chīkuī,5,suffer losses,29,Linking & Abstract Words,L,CHECK,25,,abstract disadvantage; no topic fits well
w2455,与其,yǔqí,5,rather than...,29,Linking & Abstract Words,H,,,,
w2461,照常,zhàocháng,5,as usual,29,Linking & Abstract Words,H,,,,
w2486,不见得,bújiànde,5,not necessarily,29,Linking & Abstract Words,H,,,,
w2493,急忙,jímáng,5,hastily,29,Linking & Abstract Words,M,,24,,
w2498,省略,shěnglüè,5,to leave out; an omission,29,Linking & Abstract Words,M,,16,,
w2520,不免,bùmiǎn,5,unavoidably; inevitably,29,Linking & Abstract Words,H,,,,
w2537,连忙,liánmáng,5,promptly; at once,29,Linking & Abstract Words,H,,,,
w2541,哦,ò,6,oh; ah,29,Linking & Abstract Words,H,,,,
w2542,啦,la,6,final particle,29,Linking & Abstract Words,H,,,,
w2543,组,zǔ,6,group,29,Linking & Abstract Words,M,,3,,
w2544,嘛,ma,6,a modal particle,29,Linking & Abstract Words,H,,,,
w2546,拥有,yōngyǒu,6,possess; have; own,29,Linking & Abstract Words,M,,24,,
w2547,哇,wā,6,wow,29,Linking & Abstract Words,H,,,,
w2553,啥,shá,6,what,29,Linking & Abstract Words,H,,,,
w2558,或许,huòxǔ,6,perhaps; maybe,29,Linking & Abstract Words,H,,,,
w2564,而已,éryǐ,6,that is all; nothing more,29,Linking & Abstract Words,H,,,,
w2565,嗯,èn,6,hum (showing agreement),29,Linking & Abstract Words,H,,,,
w2576,确保,quèbǎo,6,ensure,29,Linking & Abstract Words,M,,23,,
w2599,转移,zhuǎnyí,6,shift; transfer,29,Linking & Abstract Words,M,,12,,
w2601,主题,zhǔtí,6,theme; subject,29,Linking & Abstract Words,M,,28,,
w2605,进展,jìnzhǎn,6,evolve; make progress,29,Linking & Abstract Words,M,,17,,
w2611,毫无,háowú,6,none; not in the least,29,Linking & Abstract Words,H,,,,
w2612,尝试,chángshì,6,try; attempt,29,Linking & Abstract Words,M,,23,,
w2619,来源,láiyuán,6,source; origin,29,Linking & Abstract Words,H,,,,
w2620,生存,shēngcún,6,survive,29,Linking & Abstract Words,M,,10,,
w2621,并非,bìngfēi,6,really not,29,Linking & Abstract Words,H,,,,
w2623,本身,běnshēn,6,itself; self,29,Linking & Abstract Words,H,,,,
w2636,维持,wéichí,6,keep; maintain,29,Linking & Abstract Words,H,,,,
w2640,试图,shìtú,6,attempt; try,29,Linking & Abstract Words,H,,,,
w2646,实施,shíshī,6,to put into effect,29,Linking & Abstract Words,H,,,,
w2652,达成,dáchéng,6,reach,29,Linking & Abstract Words,H,,,,
w2653,本人,běnrén,6,myself; oneself; self,29,Linking & Abstract Words,H,,,,
w2656,给予,jǐyǔ,6,give,29,Linking & Abstract Words,H,,,,
w2658,突破,tūpò,6,breakthrough,29,Linking & Abstract Words,M,,27,,
w2661,哼,hēng,6,hum,29,Linking & Abstract Words,H,,,,
w2663,动力,dònglì,6,power; dynamic,29,Linking & Abstract Words,M,,27,,
w2674,障碍,zhàng'ài,6,obstacle; barrier,29,Linking & Abstract Words,M,,24,,
w2691,代价,dàijià,6,price; cost,29,Linking & Abstract Words,M,,7,,
w2695,涉及,shèjí,6,involve,29,Linking & Abstract Words,H,,,,
w2701,陷入,xiànrù,6,fall into,29,Linking & Abstract Words,M,,20,,
w2706,环节,huánjié,6,link,29,Linking & Abstract Words,H,,,,
w2724,防止,fángzhǐ,6,prevent,29,Linking & Abstract Words,H,,,,
w2733,即便,jíbiàn,6,even if,29,Linking & Abstract Words,H,,,,
w2743,遭遇,zāoyù,6,encounter; suffer,29,Linking & Abstract Words,M,,20,,
w2749,摆脱,bǎituō,6,get rid of,29,Linking & Abstract Words,M,,21,,
w2750,完毕,wánbì,6,complete,29,Linking & Abstract Words,M,,17,,
w2760,保障,bǎozhàng,6,guarantee; ensure,29,Linking & Abstract Words,M,,26,,
w2763,皆,jiē,6,all,29,Linking & Abstract Words,H,,,,
w2765,局面,júmiàn,6,aspect; situation,29,Linking & Abstract Words,H,,,,
w2771,负担,fùdān,6,burden; load; bear,29,Linking & Abstract Words,M,,20,,
w2775,排除,páichú,6,exclude; rule out,29,Linking & Abstract Words,H,,,,
w2787,暴露,bàolù,6,expose; reveal; bare,29,Linking & Abstract Words,H,,,,
w2800,消除,xiāochú,6,to eliminate; to remove,29,Linking & Abstract Words,M,,27,,
w2809,考验,kǎoyàn,6,test,29,Linking & Abstract Words,M,,16,,
w2813,呈现,chéngxiàn,6,present; appear,29,Linking & Abstract Words,M,,24,,
w2820,混合,hùnhé,6,mix,29,Linking & Abstract Words,M,,6,,
w2827,亦,yì,6,also,29,Linking & Abstract Words,H,,,,
w2828,明明,míngmíng,6,obviously; undoubtedly,29,Linking & Abstract Words,H,,,,
w2834,诱惑,yòuhuò,6,tempt; seduce; lure,29,Linking & Abstract Words,M,,20,,
w2837,情形,qíngxing,6,situation; circumstances,29,Linking & Abstract Words,H,,,,
w2845,迹象,jìxiàng,6,sign; indication,29,Linking & Abstract Words,H,,,,
w2855,过于,guòyú,6,too,29,Linking & Abstract Words,H,,,,
w2879,足以,zúyǐ,6,be enough to,29,Linking & Abstract Words,H,,,,
w2884,解除,jiěchú,6,remove; relieve,29,Linking & Abstract Words,M,,17,,
w2892,预期,yùqī,6,expect,29,Linking & Abstract Words,H,,,,
w2896,一向,yíxiàng,6,always; constantly,29,Linking & Abstract Words,H,,,,
w2909,途径,tújìng,6,approach; way,29,Linking & Abstract Words,H,,,,
w2910,体系,tǐxì,6,system,29,Linking & Abstract Words,M,,27,,
w2911,遭受,zāoshòu,6,suffer,29,Linking & Abstract Words,M,,20,,
w2921,依据,yījù,6,in accordance with; according to; basis,29,Linking & Abstract Words,H,,,,
w2922,弥补,míbǔ,6,make up; remedy,29,Linking & Abstract Words,M,,25,,
w2930,支撑,zhīchēng,6,prop up; sustain; support,29,Linking & Abstract Words,M,,24,,
w2931,依旧,yījiù,6,still,29,Linking & Abstract Words,H,,,,
w2941,前提,qiántí,6,premise,29,Linking & Abstract Words,M,,23,,
w2948,宁愿,nìngyuàn,6,would rather,29,Linking & Abstract Words,H,,,,
w2961,优先,yōuxiān,6,have priority,29,Linking & Abstract Words,H,,,,
w2975,以便,yǐbiàn,6,so that,29,Linking & Abstract Words,H,,,,
w3010,占据,zhànjù,6,occupy,29,Linking & Abstract Words,M,,26,,
w3034,鉴于,jiànyú,6,in view of; in consideration of,29,Linking & Abstract Words,H,,,,
w3041,抑制,yìzhì,6,restrain; curb; repress,29,Linking & Abstract Words,M,,20,,
w3052,呵,hē,6,oh,29,Linking & Abstract Words,L,CHECK,2,,interjection with no clear topic
w3053,着手,zhuóshǒu,6,set about,29,Linking & Abstract Words,M,,17,,
w3060,丧失,sàngshī,6,lose,29,Linking & Abstract Words,M,,20,,
w3069,人性,rénxìng,6,humanity,29,Linking & Abstract Words,M,,28,,
w3098,人间,rénjiān,6,world; human; mortal world,29,Linking & Abstract Words,M,,28,,
w3113,现状,xiànzhuàng,6,status quo; current situation; present situation,29,Linking & Abstract Words,H,,,,
w3122,例外,lìwài,6,exception,29,Linking & Abstract Words,H,,,,
w3126,命名,mìngmíng,6,name,29,Linking & Abstract Words,M,,16,,
w3130,赋予,fùyǔ,6,give; endow; entrust,29,Linking & Abstract Words,H,,,,
w3137,颇,pō,6,quite; rather,29,Linking & Abstract Words,H,,,,
w3142,外界,wàijiè,6,external,29,Linking & Abstract Words,H,,,,
w3145,标记,biāojì,6,sign; symbol; mark,29,Linking & Abstract Words,M,,27,,
w3149,幸好,xìnghǎo,6,fortunately,29,Linking & Abstract Words,H,,,,
w3158,冲击,chōngjī,6,attack; lash; pound,29,Linking & Abstract Words,M,,26,,
w3161,降临,jiànglín,6,befall; arrive,29,Linking & Abstract Words,M,,14,,
w3170,处置,chǔzhì,6,handle; deal with,29,Linking & Abstract Words,M,,26,,
w3171,视线,shìxiàn,6,sight,29,Linking & Abstract Words,L,CHECK,24,,abstract; no clear topic
w3185,不惜,bùxī,6,not stint; not spare; not scruple,29,Linking & Abstract Words,L,CHECK,20,,no topic fits well
w3189,延续,yánxù,6,continue; last,29,Linking & Abstract Words,M,,4,,
w3194,地步,dìbù,6,extent; degree; condition,29,Linking & Abstract Words,L,CHECK,24,,vague abstract extent
w3199,伴随,bànsuí,6,accompany,29,Linking & Abstract Words,M,,22,,
w3222,毁灭,huǐmiè,6,destroy; ruin,29,Linking & Abstract Words,M,,15,,
w3229,终止,zhōngzhǐ,6,end,29,Linking & Abstract Words,H,,,,
w3240,阻碍,zǔ'ài,6,hinder; impede; obstruct,29,Linking & Abstract Words,M,,24,,
w3261,约束,yuēshù,6,constraint; restrict,29,Linking & Abstract Words,M,,26,,
w3283,流浪,liúlàng,6,lead a vagrant life,29,Linking & Abstract Words,L,CHECK,21,,vagrant lifestyle; no topic
w3298,规范,guīfàn,6,standard; norm,29,Linking & Abstract Words,M,,26,,
w3299,中断,zhōngduàn,6,interrupt,29,Linking & Abstract Words,M,,24,,
w3301,动态,dòngtài,6,trends; general trend of affairs,29,Linking & Abstract Words,M,,25,,
w3318,树立,shùlì,6,establish; set up,29,Linking & Abstract Words,H,,,,
w3322,以免,yǐmiǎn,6,in order to avoid,29,Linking & Abstract Words,H,,,,
w3324,处境,chǔjìng,6,the circumstances; plight,29,Linking & Abstract Words,M,,24,,
w3334,出路,chūlù,6,way out; outlet,29,Linking & Abstract Words,M,,13,,
w3353,挽救,wǎnjiù,6,save,29,Linking & Abstract Words,M,,26,,
w3356,不顾,búgù,6,disregard; ignore; in defiance of,29,Linking & Abstract Words,M,,24,,
w3366,威力,wēilì,6,power,29,Linking & Abstract Words,M,,27,,
w3379,视野,shìyě,6,vision; horizon,29,Linking & Abstract Words,M,,15,,
w3419,动静,dòngjìng,6,the sound of sth. astir; movement,29,Linking & Abstract Words,L,CHECK,24,,vague; no topic fits well
w3424,一贯,yíguàn,6,consistent,29,Linking & Abstract Words,M,,21,,
w3440,延伸,yánshēn,6,extend,29,Linking & Abstract Words,M,,24,,
w3454,万分,wànfēn,6,extremely,29,Linking & Abstract Words,H,,,,
w3462,挽回,wǎnhuí,6,redeem,29,Linking & Abstract Words,H,,,,
w3467,本能,běnnéng,6,instinct; instinctively; by the light of nature,29,Linking & Abstract Words,M,,15,,
w3468,塑造,sùzào,6,shape; create,29,Linking & Abstract Words,M,,28,,
w3474,束缚,shùfù,6,bound; manacle,29,Linking & Abstract Words,H,,,,
w3481,蔓延,mànyán,6,spread,29,Linking & Abstract Words,M,,15,,
w3484,不妨,bùfáng,6,might as well,29,Linking & Abstract Words,H,,,,
w3486,终究,zhōngjiū,6,after all; eventually; in the end,29,Linking & Abstract Words,H,,,,
w3502,个体,gètǐ,6,individual,29,Linking & Abstract Words,M,,26,,
w3503,仍旧,réngjiù,6,yet,29,Linking & Abstract Words,H,,,,
w3520,要不然,yàobùrán,6,otherwise; or else,29,Linking & Abstract Words,H,,,,
w3534,偏偏,piānpiān,6,happens; deliberately,29,Linking & Abstract Words,H,,,,
w3535,统统,tǒngtǒng,6,all; totally,29,Linking & Abstract Words,H,,,,
w3537,要命,yàomìng,6,terribly; awfully,29,Linking & Abstract Words,H,,,,
w3547,支配,zhīpèi,6,dominate,29,Linking & Abstract Words,M,,24,,
w3549,不禁,bùjīn,6,can not help; can't refrain from,29,Linking & Abstract Words,H,,,,
w3562,大不了,dàbùliǎo,6,at the worst,29,Linking & Abstract Words,H,,,,
w3563,境界,jìngjiè,6,extent reached; state,29,Linking & Abstract Words,M,,24,,
w3572,掀起,xiānqǐ,6,set off,29,Linking & Abstract Words,M,,23,,
w3576,借助,jièzhù,6,have the aid of; with the help of,29,Linking & Abstract Words,H,,,,
w3583,渗透,shèntòu,6,permeate; infiltrate,29,Linking & Abstract Words,M,,27,,
w3601,大致,dàzhì,6,roughly; on the whole,29,Linking & Abstract Words,H,,,,
w3609,难免,nánmiǎn,6,hard to avoid,29,Linking & Abstract Words,H,,,,
w3615,过渡,guòdù,6,transition,29,Linking & Abstract Words,H,,,,
w3618,残留,cánliú,6,remain; be left over,29,Linking & Abstract Words,M,,24,,
w3638,反馈,fǎnkuì,6,feedback; couple back; retroaction,29,Linking & Abstract Words,H,,,,
w3646,惯例,guànlì,6,convention,29,Linking & Abstract Words,H,,,,
w3650,必定,bìdìng,6,be bound to; be sure to,29,Linking & Abstract Words,H,,,,
w3654,予以,yǔyǐ,6,give; grant,29,Linking & Abstract Words,H,,,,
w3657,扭转,niǔzhuǎn,6,turn back,29,Linking & Abstract Words,M,,23,,
w3660,内涵,nèihán,6,connotation,29,Linking & Abstract Words,H,,,,
w3666,日益,rìyì,6,increasingly,29,Linking & Abstract Words,H,,,,
w3694,况且,kuàngqiě,6,"moreover, besides",29,Linking & Abstract Words,H,,,,
w3714,犹如,yóurú,6,like; as if,29,Linking & Abstract Words,H,,,,
w3723,免得,miǎnde,6,so as not to; so as to avoid,29,Linking & Abstract Words,H,,,,
w3724,实质,shízhì,6,substance; essence,29,Linking & Abstract Words,H,,,,
w3758,对应,duìyìng,6,corresponding; homologous,29,Linking & Abstract Words,H,,,,
w3764,照样,zhàoyàng,6,as usual; as before,29,Linking & Abstract Words,H,,,,
w3774,重心,zhòngxīn,6,focus; center of gravity,29,Linking & Abstract Words,M,,24,,
w3778,逢,féng,6,meet; come upon,29,Linking & Abstract Words,M,,22,,
w3798,演变,yǎnbiàn,6,evolve,29,Linking & Abstract Words,M,,27,,
w3799,精华,jīnghuá,6,essence,29,Linking & Abstract Words,H,,,,
w3816,成效,chéngxiào,6,effect; result,29,Linking & Abstract Words,H,,,,
w3821,根源,gēnyuán,6,source; origin,29,Linking & Abstract Words,H,,,,
w3823,要素,yàosù,6,essential factor; key element,29,Linking & Abstract Words,H,,,,
w3827,全局,quánjú,6,overall situation,29,Linking & Abstract Words,H,,,,
w3828,响应,xiǎngyìng,6,response,29,Linking & Abstract Words,M,,26,,
w3838,一再,yízài,6,repeatedly,29,Linking & Abstract Words,H,,,,
w3851,施展,shīzhǎn,6,deploy; put to good use,29,Linking & Abstract Words,M,,17,,
w3860,充当,chōngdāng,6,act as; serve as,29,Linking & Abstract Words,H,,,,
w3875,心血,xīnxuè,6,painstaking care; effort,29,Linking & Abstract Words,H,,,,
w3881,还原,huányuán,6,return to the original condition or shape; restore,29,Linking & Abstract Words,M,,27,,
w3889,以致,yǐzhì,6,as a result,29,Linking & Abstract Words,H,,,,
w3892,高涨,gāozhǎng,6,upsurge,29,Linking & Abstract Words,M,,25,,
w3894,宗旨,zōngzhǐ,6,purpose; aim,29,Linking & Abstract Words,H,,,,
w3906,公认,gōngrèn,6,accepted; established,29,Linking & Abstract Words,H,,,,
w3910,务必,wùbì,6,be sure; by all means,29,Linking & Abstract Words,H,,,,
w3916,专题,zhuāntí,6,special topic,29,Linking & Abstract Words,M,,16,,
w3918,工夫,gōngfu,6,time,29,Linking & Abstract Words,M,,4,,
w3934,划分,huàfēn,6,divide; partition,29,Linking & Abstract Words,M,,24,,
w3953,不愧,búkuì,6,deserve to be called; be worthy of,29,Linking & Abstract Words,M,,21,,
w3959,酝酿,yùnniàng,6,brew,29,Linking & Abstract Words,L,CHECK,6,,brew: literal or figurative unclear
w3965,附属,fùshǔ,6,attach to,29,Linking & Abstract Words,M,,24,,
w3977,事态,shìtài,6,situation,29,Linking & Abstract Words,H,,,,
w3980,局限,júxiàn,6,limit,29,Linking & Abstract Words,M,,24,,
w3988,遗留,yíliú,6,leave over,29,Linking & Abstract Words,M,,28,,
w3989,大肆,dàsì,6,wantonly; without restraint,29,Linking & Abstract Words,M,,21,,
w4009,增添,zēngtiān,6,increase; add to,29,Linking & Abstract Words,M,,24,,
w4021,牵扯,qiānchě,6,involve,29,Linking & Abstract Words,M,,26,,
w4022,致使,zhìshǐ,6,cause; result,29,Linking & Abstract Words,H,,,,
w4047,飞跃,fēiyuè,6,leap,29,Linking & Abstract Words,M,,24,,
w4055,无从,wúcóng,6,no way,29,Linking & Abstract Words,H,,,,
w4065,起源,qǐyuán,6,origin; beginning; start from,29,Linking & Abstract Words,H,,,,
w4083,亲身,qīnshēn,6,personally,29,Linking & Abstract Words,H,,,,
w4088,随手,suíshǒu,6,readily; conveniently; without extra trouble,29,Linking & Abstract Words,H,,,,
w4098,容纳,róngnà,6,accommodate; contain,29,Linking & Abstract Words,M,,24,,
w4099,公然,gōngrán,6,openly; undisguisedly; brazenly,29,Linking & Abstract Words,H,,,,
w4104,向来,xiànglái,6,always,29,Linking & Abstract Words,H,,,,
w4126,范畴,fànchóu,6,category; domain; scope,29,Linking & Abstract Words,H,,,,
w4138,随即,suíjí,6,immediately,29,Linking & Abstract Words,H,CHECK,,4,
w4142,无非,wúfēi,6,nothing more; nothing but,29,Linking & Abstract Words,H,,,,
w4173,确立,quèlì,6,establish,29,Linking & Abstract Words,H,,,,
w4181,不得已,bùdéyǐ,6,have no alternative but to; have to,29,Linking & Abstract Words,H,,,,
w4182,框架,kuàngjià,6,frame,29,Linking & Abstract Words,M,,24,,
w4202,施加,shījiā,6,exert,29,Linking & Abstract Words,H,,,,
w4204,私自,sīzì,6,privately; without permission; secretly,29,Linking & Abstract Words,H,,,,
w4210,接连,jiēlián,6,on end; in succession,29,Linking & Abstract Words,H,,,,
w4211,进而,jìn'ér,6,and then,29,Linking & Abstract Words,H,,,,
w4212,简化,jiǎnhuà,6,simplify,29,Linking & Abstract Words,M,,27,,
w4218,未免,wèimiǎn,6,a bit too,29,Linking & Abstract Words,H,,,,
w4222,补救,bǔjiù,6,remedy; repair,29,Linking & Abstract Words,H,,,,
w4223,开辟,kāipì,6,open up; hew out,29,Linking & Abstract Words,M,,25,,
w4236,意向,yìxiàng,6,intention,29,Linking & Abstract Words,M,,23,,
w4237,源泉,yuánquán,6,fountainhead; source,29,Linking & Abstract Words,H,,,,
w4238,觉悟,juéwù,6,consciousness; become aware of,29,Linking & Abstract Words,M,,26,,
w4245,连同,liántóng,6,together with,29,Linking & Abstract Words,H,,,,
w4251,便于,biànyú,6,easy to; convenient for,29,Linking & Abstract Words,H,,,,
w4253,阻挠,zǔnáo,6,obstruct; thwart,29,Linking & Abstract Words,H,,,,
w4258,无偿,wúcháng,6,free; voluntary,29,Linking & Abstract Words,M,,25,,
w4265,停顿,tíngdùn,6,pause,29,Linking & Abstract Words,M,,23,,
w4267,发扬,fāyáng,6,develop; promote; carry forward,29,Linking & Abstract Words,M,,28,,
w4271,依次,yīcì,6,successively,29,Linking & Abstract Words,H,,,,
w4272,一律,yílǜ,6,all; without exception,29,Linking & Abstract Words,H,,,,
w4275,制约,zhìyuē,6,restrict,29,Linking & Abstract Words,H,,,,
w4276,顿时,dùnshí,6,suddenly; immediately,29,Linking & Abstract Words,H,,,,
w4281,贯彻,guànchè,6,carry out; implement; put into effect,29,Linking & Abstract Words,M,,26,,
w4296,摸索,mōsuo,6,grope; fumble,29,Linking & Abstract Words,M,,9,,
w4299,来历,láilì,6,origin; source,29,Linking & Abstract Words,M,,24,,
w4301,寻觅,xúnmì,6,search; look for,29,Linking & Abstract Words,M,,9,,
w4309,反倒,fǎndào,6,on the contrary; instead,29,Linking & Abstract Words,H,,,,
w4314,加剧,jiājù,6,aggravate; intensify; exacerbate,29,Linking & Abstract Words,H,,,,
w4318,譬如,pìrú,6,for example; for instance,29,Linking & Abstract Words,H,,,,
w4322,濒临,bīnlín,6,be close to; be on the verge of,29,Linking & Abstract Words,H,,,,
w4339,大伙儿,dàhuǒr,6,everybody,29,Linking & Abstract Words,H,,,,
w4341,立足,lìzú,6,have a foothold somewhere; keep a foothold,29,Linking & Abstract Words,M,,17,,
w4346,借鉴,jièjiàn,6,use for reference; draw on the experience of,29,Linking & Abstract Words,M,,16,,
w4355,遏制,èzhì,6,keep within limits; contain; keep down,29,Linking & Abstract Words,M,,26,,
w4361,作废,zuòfèi,6,invalid,29,Linking & Abstract Words,M,,25,,
w4363,导向,dǎoxiàng,6,head toward; make for,29,Linking & Abstract Words,M,,13,,
w4379,转折,zhuǎnzhé,6,transition,29,Linking & Abstract Words,H,,,,
w4383,甭,béng,6,don't,29,Linking & Abstract Words,H,,,,
w4384,算数,suànshù,6,count,29,Linking & Abstract Words,M,,3,,
w4385,阻拦,zǔlán,6,stop,29,Linking & Abstract Words,M,,9,,
w4397,堆积,duījī,6,pile up; heap up; accumulate,29,Linking & Abstract Words,M,,24,,
w4398,凑合,còuhe,6,make do (with); improvise,29,Linking & Abstract Words,M,,9,,
w4406,合乎,héhū,6,conform to; correspond to,29,Linking & Abstract Words,H,,,,
w4407,觉醒,juéxǐng,6,awaken; awake,29,Linking & Abstract Words,M,,26,,
w4416,倘若,tǎngruò,6,if,29,Linking & Abstract Words,H,,,,
w4430,瓦解,wǎjiě,6,collapse; disintegrate,29,Linking & Abstract Words,M,,26,,
w4440,固然,gùrán,6,no doubt; of course; admittedly,29,Linking & Abstract Words,H,,,,
w4444,以至,yǐzhì,6,so that,29,Linking & Abstract Words,H,,,,
w4447,摧残,cuīcán,6,destroy,29,Linking & Abstract Words,M,,24,,
w4454,涌现,yǒngxiàn,6,emerge in large numbers,29,Linking & Abstract Words,H,,,,
w4465,糟蹋,zāotà,6,spoil; waste,29,Linking & Abstract Words,H,,,,
w4468,理睬,lǐcǎi,6,pay attention to,29,Linking & Abstract Words,M,,23,,
w4473,恰巧,qiàqiǎo,6,happens; by chance,29,Linking & Abstract Words,H,,,,
w4484,大体,dàtǐ,6,in general; roughly,29,Linking & Abstract Words,H,,,,
w4490,过问,guòwèn,6,concern oneself with; take an interest in,29,Linking & Abstract Words,H,,,,
w4491,解体,jiětǐ,6,disintegrate,29,Linking & Abstract Words,H,,,,
w4493,问世,wènshì,6,come out,29,Linking & Abstract Words,M,,27,,
w4502,里程碑,lǐchéngbēi,6,milepost; bosom,29,Linking & Abstract Words,M,,24,,
w4517,攻克,gōngkè,6,capture; take,29,Linking & Abstract Words,M,,26,,
w4529,牵制,qiānzhì,6,contain,29,Linking & Abstract Words,H,,,,
w4531,变迁,biànqiān,6,transition; changes,29,Linking & Abstract Words,H,,,,
w4539,唯独,wéidú,6,except; only,29,Linking & Abstract Words,H,,,,
w4544,甘心,gānxīn,6,willingly; readily,29,Linking & Abstract Words,M,,21,,
w4549,势必,shìbì,6,be bound to,29,Linking & Abstract Words,H,,,,
w4572,反之,fǎnzhī,6,on the contrary; otherwise,29,Linking & Abstract Words,H,,,,
w4587,索性,suǒxìng,6,simply; might as well,29,Linking & Abstract Words,H,,,,
w4588,并列,bìngliè,6,be juxtaposed; side by side,29,Linking & Abstract Words,M,,24,,
w4621,固有,gùyǒu,6,intrinsic; inherent,29,Linking & Abstract Words,H,,,,
w4626,并存,bìngcún,6,exist side by side; compresence,29,Linking & Abstract Words,H,,,,
w4627,本着,běnzhe,6,in line with; based on,29,Linking & Abstract Words,H,,,,
w4631,奠定,diàndìng,6,establish; lay a solid foundation,29,Linking & Abstract Words,M,,25,,
w4633,杜绝,dùjué,6,stop; put an end to; completely eradicate,29,Linking & Abstract Words,M,,26,,
w4656,衔接,xiánjiē,6,join; link up,29,Linking & Abstract Words,H,,,,
w4662,总而言之,zǒng'éryánzhī,6,all in all; in a word,29,Linking & Abstract Words,H,,,,
w4666,夹杂,jiāzá,6,be mixed up with; be mingled with,29,Linking & Abstract Words,M,,24,,
w4676,预兆,yùzhào,6,omen; bode; indicate,29,Linking & Abstract Words,M,,28,,
w4677,暂且,zànqiě,6,for the time being; for the present,29,Linking & Abstract Words,H,,,,
w4681,略微,lüèwēi,6,slightly; a little,29,Linking & Abstract Words,H,,,,
w4687,情理,qínglǐ,6,reason,29,Linking & Abstract Words,M,,23,,
w4689,依托,yītuō,6,rely on; depend on,29,Linking & Abstract Words,H,,,,
w4690,周折,zhōuzhé,6,setbacks; twists and turns,29,Linking & Abstract Words,M,,24,,
w4701,利害,lìhài,6,advantages and disadvantages; gains and losses,29,Linking & Abstract Words,H,,,,
w4703,谋求,móuqiú,6,seek; strive for,29,Linking & Abstract Words,M,,23,,
w4704,变故,biàngù,6,unforeseen event; accident; misfortune,29,Linking & Abstract Words,M,,26,,
w4708,不由得,bùyóude,6,can not but; can not help,29,Linking & Abstract Words,H,,,,
w4710,雌雄,cíxióng,6,victory and defeat,29,Linking & Abstract Words,L,CHECK,30,,en says victory/defeat not usual male/female sense
w4712,破例,pòlì,6,make an exception; break rules,29,Linking & Abstract Words,H,,,,
w4724,出息,chūxī,6,promise; prospects; future,29,Linking & Abstract Words,M,,17,,
w4732,力图,lìtú,6,try hard to; strive to,29,Linking & Abstract Words,H,,,,
w4742,遭殃,zāoyāng,6,suffer disaster,29,Linking & Abstract Words,M,,15,,
w4743,调剂,tiáojì,6,adjust; regulate,29,Linking & Abstract Words,M,,17,,
w4770,抹杀,mǒshā,6,blot out; obliterate,29,Linking & Abstract Words,H,,,,
w4784,迸发,bèngfā,6,burst forth; burst out,29,Linking & Abstract Words,M,,24,,
w4786,声势,shēngshì,6,impetus; momentum,29,Linking & Abstract Words,M,,25,,
w4800,姑且,gūqiě,6,tentatively,29,Linking & Abstract Words,H,,,,
w4816,归根到底,guīgēn-dàodǐ,6,in the final analysis,29,Linking & Abstract Words,H,,,,
w4819,不料,búliào,6,unexpectedly,29,Linking & Abstract Words,H,,,,
w4825,埋没,máimò,6,bury,29,Linking & Abstract Words,L,CHECK,24,,literal bury; unclear category
w4908,须知,xūzhī,6,notice,29,Linking & Abstract Words,L,CHECK,18,,generic notice; no clear topic
w4925,滋长,zīzhǎng,6,grow; develop,29,Linking & Abstract Words,M,,24,,
w4944,弊病,bìbìng,6,malady; evil; malpractice,29,Linking & Abstract Words,M,,26,,
w4952,宁肯,nìngkěn,6,would rather,29,Linking & Abstract Words,H,,,,
w4956,成心,chéngxīn,6,intentionally; on purpose,29,Linking & Abstract Words,H,,,,
w4961,见闻,jiànwén,6,what one sees and hears; knowledge,29,Linking & Abstract Words,M,,16,,
w4969,假使,jiǎshǐ,6,if; in case,29,Linking & Abstract Words,H,,,,
w4985,相辅相成,xiāngfǔ-xiāngchéng,6,complementary; complement each other,29,Linking & Abstract Words,H,,,,
w2947,不可思议,bùkě-sīyì,6,inconceivable,30,Idioms & Formal Expressions,H,,,,
w3370,勿,wù,6,do not,30,Idioms & Formal Expressions,M,,29,,
w3473,莫名其妙,mòmíng-qímiào,6,be rather baffling; without rhyme or reason,30,Idioms & Formal Expressions,H,,,,
w3639,无能为力,wúnéng-wéilì,6,can do nothing for sb. (about sth.),30,Idioms & Formal Expressions,H,,,,
w3652,迫不及待,pòbùjídài,6,unable to hold oneself back,30,Idioms & Formal Expressions,H,,,,
w3715,迄今为止,qìjīn-wéizhǐ,6,so far,30,Idioms & Formal Expressions,M,,4,,
w3745,一如既往,yìrú-jìwǎng,6,as always; as in the past,30,Idioms & Formal Expressions,M,,29,,
w3753,全力以赴,quánlì-yǐfù,6,go all out; spare no effort,30,Idioms & Formal Expressions,M,,21,,
w3819,众所周知,zhòngsuǒzhōuzhī,6,it is well-known that,30,Idioms & Formal Expressions,H,,,,
w3834,理所当然,lǐsuǒdāngrán,6,behoove; of course; take for granted,30,Idioms & Formal Expressions,H,,,,
w4125,想方设法,xiǎngfāng-shèfǎ,6,try various devices to; do everything possible to,30,Idioms & Formal Expressions,H,,,,
w4256,轻而易举,qīng'éryìjǔ,6,with great ease; something easily done,30,Idioms & Formal Expressions,H,,,,
w4283,名副其实,míngfù-qíshí,6,be worthy of the name,30,Idioms & Formal Expressions,H,,,,
w4306,微不足道,wēibùzúdào,6,insignificant,30,Idioms & Formal Expressions,H,,,,
w4320,竭尽全力,jiéjìn-quánlì,6,strain every nerve; do all in one's full strength,30,Idioms & Formal Expressions,H,,,,
w4351,恰到好处,qiàdào-hǎochù,6,right; be just perfect,30,Idioms & Formal Expressions,H,,,,
w4357,当务之急,dāngwù-zhījí,6,urgent matter,30,Idioms & Formal Expressions,H,,,,
w4441,千方百计,qiānfāng-bǎijì,6,make every attempt every possible effort,30,Idioms & Formal Expressions,H,,,,
w4540,一帆风顺,yìfān-fēngshùn,6,Everything is going smoothly.,30,Idioms & Formal Expressions,H,,,,
w4578,力所能及,lìsuǒnéngjí,6,within one's power,30,Idioms & Formal Expressions,H,,,,
w4614,一目了然,yímù-liǎorán,6,at a glance; be absolutely clear,30,Idioms & Formal Expressions,H,,,,
w4615,举足轻重,jǔzú-qīngzhòng,6,play a decisive role,30,Idioms & Formal Expressions,H,,,,
w4663,实事求是,shíshì-qiúshì,6,seek truth from facts,30,Idioms & Formal Expressions,H,,,,
w4664,无可奈何,wúkě-nàihé,6,have no alternative; have no way out,30,Idioms & Formal Expressions,H,,,,
w4667,雪上加霜,xuěshàng-jiāshuāng,6,worse; add to the misfortunes of a man who is already unfortunate,30,Idioms & Formal Expressions,H,,,,
w4669,家喻户晓,jiāyù-hùxiǎo,6,make known to every family,30,Idioms & Formal Expressions,H,,,,
w4691,不言而喻,bùyán-éryù,6,it is self-evident,30,Idioms & Formal Expressions,H,,,,
w4759,层出不穷,céngchūbùqióng,6,emerge in an endless stream,30,Idioms & Formal Expressions,H,,,,
w4906,一举两得,yìjǔ-liǎngdé,6,shoot two hawks with one arrow,30,Idioms & Formal Expressions,H,,,,
w4918,潜移默化,qiányí-mòhuà,6,imperceptibly(influence character by environment),30,Idioms & Formal Expressions,L,CHECK,29,,"abstract idiom, no clear topic"
w4940,统筹兼顾,tǒngchóu-jiāngù,6,balanced; overall consideration,30,Idioms & Formal Expressions,L,CHECK,17,,abstract planning idiom
w5004,画蛇添足,huàshé-tiānzú,6,paint a snake with feet superfluous,30,Idioms & Formal Expressions,H,,,,
w5012,继往开来,jìwǎng-kāilái,6,carry on the cause of one's predecessors and forge ahead into the future,30,Idioms & Formal Expressions,M,,28,,
w5013,苦尽甘来,kǔjìn-gānlái,6,All sufferings have their reward,30,Idioms & Formal Expressions,H,,,,
w5025,拔苗助长,bámiáo-zhùzhǎng,6,spoil things by being too eager; help shoots grow by pulling them,30,Idioms & Formal Expressions,H,,,,
w5034,饱经沧桑,bǎojīng-cāngsāng,6,have experienced many changes and vicissitudes in human life,30,Idioms & Formal Expressions,M,,21,,
